sku_id,week_start,type,value,baseline,ci_lower,ci_upper,step
SKU001,2024-07-01,actual,2.0,0.0,2.0,2.0,0
SKU001,2024-07-08,actual,7.0,2.0,7.0,7.0,0
SKU001,2024-07-15,actual,11.0,4.5,11.0,11.0,0
SKU001,2024-07-22,actual,10.0,6.666666666666667,10.0,10.0,0
SKU001,2024-07-29,actual,12.0,7.5,12.0,12.0,0
SKU001,2024-08-05,actual,10.0,10.0,10.0,10.0,0
SKU001,2024-08-12,actual,20.0,10.75,20.0,20.0,0
SKU001,2024-08-19,actual,8.0,13.0,8.0,8.0,0
SKU001,2024-08-26,actual,13.0,12.5,13.0,13.0,0
SKU001,2024-09-02,actual,17.0,12.75,17.0,17.0,0
SKU001,2024-09-09,actual,7.0,14.5,7.0,7.0,0
SKU001,2024-09-16,actual,17.0,11.25,17.0,17.0,0
SKU001,2024-09-23,actual,14.0,13.5,14.0,14.0,0
SKU001,2024-09-30,actual,9.0,13.75,9.0,9.0,0
SKU001,2024-10-07,actual,14.0,11.75,14.0,14.0,0
SKU001,2024-10-14,actual,19.0,13.5,19.0,19.0,0
SKU001,2024-10-21,actual,22.0,14.0,22.0,22.0,0
SKU001,2024-10-28,actual,6.0,16.0,6.0,6.0,0
SKU001,2024-11-04,actual,24.0,15.25,24.0,24.0,0
SKU001,2024-11-11,actual,8.0,17.75,8.0,8.0,0
SKU001,2024-11-18,actual,19.0,15.0,19.0,19.0,0
SKU001,2024-11-25,actual,6.0,14.25,6.0,6.0,0
SKU001,2024-12-02,actual,7.0,14.25,7.0,7.0,0
SKU001,2024-12-09,actual,7.0,10.0,7.0,7.0,0
SKU001,2024-12-16,actual,10.0,9.75,10.0,10.0,0
SKU001,2024-12-23,actual,18.0,7.5,18.0,18.0,0
SKU001,2024-12-30,actual,10.0,10.5,10.0,10.0,0
SKU001,2025-01-06,actual,8.0,11.25,8.0,8.0,0
SKU001,2025-01-13,actual,11.0,11.5,11.0,11.0,0
SKU001,2025-01-20,actual,7.0,11.75,7.0,7.0,0
SKU001,2025-01-27,actual,8.0,9.0,8.0,8.0,0
SKU001,2025-02-03,actual,11.0,8.5,11.0,11.0,0
SKU001,2025-02-10,actual,8.0,9.25,8.0,8.0,0
SKU001,2025-02-17,actual,8.0,8.5,8.0,8.0,0
SKU001,2025-02-24,actual,8.0,8.75,8.0,8.0,0
SKU001,2025-03-03,actual,9.0,8.75,9.0,9.0,0
SKU001,2025-03-10,actual,6.0,8.25,6.0,6.0,0
SKU001,2025-03-17,actual,12.0,7.75,12.0,12.0,0
SKU001,2025-03-24,actual,10.0,8.75,10.0,10.0,0
SKU001,2025-03-31,actual,9.0,9.25,9.0,9.0,0
SKU001,2025-04-07,actual,4.0,9.25,4.0,4.0,0
SKU001,2025-04-14,actual,10.0,8.75,10.0,10.0,0
SKU001,2025-04-21,actual,8.0,8.25,8.0,8.0,0
SKU001,2025-04-28,actual,9.0,7.75,9.0,9.0,0
SKU001,2025-05-05,actual,13.0,7.75,13.0,13.0,0
SKU001,2025-05-12,actual,5.0,10.0,5.0,5.0,0
SKU001,2025-05-19,actual,6.0,8.75,6.0,6.0,0
SKU001,2025-05-26,actual,9.0,8.25,9.0,9.0,0
SKU001,2025-06-02,actual,7.0,8.25,7.0,7.0,0
SKU001,2025-06-09,actual,7.0,6.75,7.0,7.0,0
SKU001,2025-06-16,actual,7.0,7.25,7.0,7.0,0
SKU001,2025-06-23,actual,6.0,7.5,6.0,6.0,0
SKU001,2025-06-30,actual,10.0,2.0,10.0,10.0,0
SKU001,2025-07-07,actual,6.0,7.0,6.0,6.0,0
SKU001,2025-07-14,actual,5.0,11.0,5.0,5.0,0
SKU001,2025-07-21,actual,15.0,10.0,15.0,15.0,0
SKU001,2025-07-28,actual,10.0,12.0,10.0,10.0,0
SKU001,2025-08-04,actual,10.0,10.0,10.0,10.0,0
SKU001,2025-08-11,actual,20.0,20.0,20.0,20.0,0
SKU001,2025-08-18,actual,8.0,8.0,8.0,8.0,0
SKU001,2025-08-25,actual,10.0,13.0,10.0,10.0,0
SKU001,2025-09-01,actual,17.0,17.0,17.0,17.0,0
SKU001,2025-09-08,actual,19.0,7.0,19.0,19.0,0
SKU001,2025-09-15,actual,22.0,17.0,22.0,22.0,0
SKU001,2025-09-22,actual,15.0,14.0,15.0,15.0,0
SKU001,2025-09-29,actual,15.0,9.0,15.0,15.0,0
SKU001,2025-10-06,actual,13.0,14.0,13.0,13.0,0
SKU001,2025-10-13,actual,9.0,19.0,9.0,9.0,0
SKU001,2025-10-20,actual,17.0,22.0,17.0,17.0,0
SKU001,2025-10-27,actual,6.0,6.0,6.0,6.0,0
SKU001,2025-11-03,actual,16.0,24.0,16.0,16.0,0
SKU001,2025-11-10,actual,11.0,8.0,11.0,11.0,0
SKU001,2025-11-17,actual,12.0,19.0,12.0,12.0,0
SKU001,2025-11-24,actual,14.0,6.0,14.0,14.0,0
SKU001,2025-12-01,actual,10.0,7.0,10.0,10.0,0
SKU001,2025-12-08,actual,11.0,7.0,11.0,11.0,0
SKU001,2025-12-15,actual,9.0,10.0,9.0,9.0,0
SKU001,2025-12-22,actual,18.0,18.0,18.0,18.0,0
SKU001,2025-12-29,actual,13.0,10.0,13.0,13.0,0
SKU001,2026-01-05,actual,11.0,8.0,11.0,11.0,0
SKU001,2026-01-12,actual,14.0,11.0,14.0,14.0,0
SKU001,2026-01-19,actual,11.0,7.0,11.0,11.0,0
SKU001,2026-01-26,actual,11.0,8.0,11.0,11.0,0
SKU001,2026-02-02,actual,9.0,11.0,9.0,9.0,0
SKU001,2026-02-09,actual,13.0,8.0,13.0,13.0,0
SKU001,2026-02-16,actual,9.0,8.0,9.0,9.0,0
SKU001,2026-02-23,actual,10.0,8.0,10.0,10.0,0
SKU001,2026-03-02,actual,10.0,9.0,10.0,10.0,0
SKU001,2026-03-09,actual,10.0,6.0,10.0,10.0,0
SKU001,2026-03-16,actual,9.0,12.0,9.0,9.0,0
SKU001,2026-03-23,actual,7.0,10.0,7.0,7.0,0
SKU001,2026-03-30,actual,4.0,9.0,4.0,4.0,0
SKU001,2026-04-06,actual,5.0,4.0,5.0,5.0,0
SKU001,2026-04-13,actual,8.0,10.0,8.0,8.0,0
SKU001,2026-04-20,actual,4.0,8.0,4.0,4.0,0
SKU001,2026-04-27,actual,9.0,9.0,9.0,9.0,0
SKU001,2026-05-04,actual,12.0,13.0,12.0,12.0,0
SKU001,2026-05-11,actual,6.0,5.0,6.0,6.0,0
SKU001,2026-05-18,actual,9.0,6.0,9.0,9.0,0
SKU001,2026-05-25,actual,6.0,9.0,6.0,6.0,0
SKU001,2026-06-01,actual,5.0,7.0,5.0,5.0,0
SKU001,2026-06-08,actual,8.0,7.0,8.0,8.0,0
SKU001,2026-06-15,actual,9.0,7.0,9.0,9.0,0
SKU002,2025-01-20,actual,22.0,0.0,22.0,22.0,0
SKU002,2025-01-27,actual,22.0,22.0,22.0,22.0,0
SKU002,2025-02-03,actual,22.0,22.0,22.0,22.0,0
SKU002,2025-02-10,actual,15.0,22.0,15.0,15.0,0
SKU002,2025-02-17,actual,23.0,20.25,23.0,23.0,0
SKU002,2025-02-24,actual,15.0,20.5,15.0,15.0,0
SKU002,2025-03-03,actual,18.0,18.75,18.0,18.0,0
SKU002,2025-03-10,actual,26.0,17.75,26.0,26.0,0
SKU002,2025-03-17,actual,22.0,20.5,22.0,22.0,0
SKU002,2025-03-24,actual,16.0,20.25,16.0,16.0,0
SKU002,2025-03-31,actual,11.0,20.5,11.0,11.0,0
SKU002,2025-04-07,actual,17.0,18.75,17.0,17.0,0
SKU002,2025-04-14,actual,13.0,16.5,13.0,13.0,0
SKU002,2025-04-21,actual,14.0,14.25,14.0,14.0,0
SKU002,2025-04-28,actual,23.0,13.75,23.0,23.0,0
SKU002,2025-05-05,actual,13.0,16.75,13.0,13.0,0
SKU002,2025-05-12,actual,14.0,15.75,14.0,14.0,0
SKU002,2025-05-19,actual,15.0,16.0,15.0,15.0,0
SKU002,2025-05-26,actual,12.0,16.25,12.0,12.0,0
SKU002,2025-06-02,actual,9.0,13.5,9.0,9.0,0
SKU002,2025-06-09,actual,9.0,12.5,9.0,9.0,0
SKU002,2025-06-16,actual,9.0,11.25,9.0,9.0,0
SKU002,2025-06-23,actual,14.0,9.75,14.0,14.0,0
SKU002,2025-06-30,actual,16.0,10.25,16.0,16.0,0
SKU002,2025-07-07,actual,8.0,12.0,8.0,8.0,0
SKU002,2025-07-14,actual,8.0,11.75,8.0,8.0,0
SKU002,2025-07-21,actual,10.0,11.5,10.0,10.0,0
SKU002,2025-07-28,actual,10.0,10.5,10.0,10.0,0
SKU002,2025-08-04,actual,12.0,9.0,12.0,12.0,0
SKU002,2025-08-11,actual,28.0,10.0,28.0,28.0,0
SKU002,2025-08-18,actual,10.0,15.0,10.0,10.0,0
SKU002,2025-08-25,actual,10.0,15.0,10.0,10.0,0
SKU002,2025-09-01,actual,13.0,15.0,13.0,13.0,0
SKU002,2025-09-08,actual,11.0,15.25,11.0,11.0,0
SKU002,2025-09-15,actual,14.0,11.0,14.0,14.0,0
SKU002,2025-09-22,actual,20.0,12.0,20.0,20.0,0
SKU002,2025-09-29,actual,22.0,14.5,22.0,22.0,0
SKU002,2025-10-06,actual,16.0,16.75,16.0,16.0,0
SKU002,2025-10-13,actual,16.0,18.0,16.0,16.0,0
SKU002,2025-10-20,actual,31.0,18.5,31.0,31.0,0
SKU002,2025-10-27,actual,16.0,21.25,16.0,16.0,0
SKU002,2025-11-03,actual,15.0,19.75,15.0,15.0,0
SKU002,2025-11-10,actual,13.0,19.5,13.0,13.0,0
SKU002,2025-11-17,actual,15.0,18.75,15.0,15.0,0
SKU002,2025-11-24,actual,18.0,14.75,18.0,18.0,0
SKU002,2025-12-01,actual,20.0,15.25,20.0,20.0,0
SKU002,2025-12-08,actual,27.0,16.5,27.0,27.0,0
SKU002,2025-12-15,actual,19.0,20.0,19.0,19.0,0
SKU002,2025-12-22,actual,38.0,21.0,38.0,38.0,0
SKU002,2025-12-29,actual,24.0,26.0,24.0,24.0,0
SKU002,2026-01-05,actual,18.0,27.0,18.0,18.0,0
SKU002,2026-01-12,actual,33.0,24.75,33.0,33.0,0
SKU002,2026-01-19,actual,24.0,22.0,24.0,24.0,0
SKU002,2026-01-26,actual,21.0,22.0,21.0,21.0,0
SKU002,2026-02-02,actual,16.0,22.0,16.0,16.0,0
SKU002,2026-02-09,actual,16.0,15.0,16.0,16.0,0
SKU002,2026-02-16,actual,18.0,23.0,18.0,18.0,0
SKU002,2026-02-23,actual,18.0,15.0,18.0,18.0,0
SKU002,2026-03-02,actual,17.0,18.0,17.0,17.0,0
SKU002,2026-03-09,actual,16.0,26.0,16.0,16.0,0
SKU002,2026-03-16,actual,23.0,22.0,23.0,23.0,0
SKU002,2026-03-23,actual,25.0,16.0,25.0,25.0,0
SKU002,2026-03-30,actual,22.0,11.0,22.0,22.0,0
SKU002,2026-04-06,actual,24.0,17.0,24.0,24.0,0
SKU002,2026-04-13,actual,24.0,13.0,24.0,24.0,0
SKU002,2026-04-20,actual,18.0,14.0,18.0,18.0,0
SKU002,2026-04-27,actual,16.0,23.0,16.0,16.0,0
SKU002,2026-05-04,actual,15.0,13.0,15.0,15.0,0
SKU002,2026-05-11,actual,19.0,14.0,19.0,19.0,0
SKU002,2026-05-18,actual,14.0,15.0,14.0,14.0,0
SKU002,2026-05-25,actual,15.0,12.0,15.0,15.0,0
SKU002,2026-06-01,actual,7.0,9.0,7.0,7.0,0
SKU002,2026-06-08,actual,14.0,9.0,14.0,14.0,0
SKU002,2026-06-15,actual,9.0,9.0,9.0,9.0,0
SKU003,2024-08-26,actual,1.0,0.0,1.0,1.0,0
SKU003,2024-09-02,actual,2.0,1.0,2.0,2.0,0
SKU003,2024-09-09,actual,1.0,1.5,1.0,1.0,0
SKU003,2024-09-16,actual,4.0,1.3333333333333333,4.0,4.0,0
SKU003,2024-09-23,actual,5.0,2.0,5.0,5.0,0
SKU003,2024-09-30,actual,1.0,3.0,1.0,1.0,0
SKU003,2024-10-07,actual,1.0,2.75,1.0,1.0,0
SKU003,2024-10-14,actual,2.0,2.75,2.0,2.0,0
SKU003,2024-10-21,actual,10.0,2.25,10.0,10.0,0
SKU003,2024-10-28,actual,6.0,3.5,6.0,6.0,0
SKU003,2024-11-04,actual,3.0,4.75,3.0,3.0,0
SKU003,2024-11-11,actual,8.0,5.25,8.0,8.0,0
SKU003,2024-11-18,actual,1.0,6.75,1.0,1.0,0
SKU003,2024-11-25,actual,4.0,4.5,4.0,4.0,0
SKU003,2024-12-02,actual,5.0,4.0,5.0,5.0,0
SKU003,2024-12-09,actual,4.0,4.5,4.0,4.0,0
SKU003,2024-12-16,actual,3.0,3.5,3.0,3.0,0
SKU003,2024-12-23,actual,8.0,4.0,8.0,8.0,0
SKU003,2024-12-30,actual,8.0,5.0,8.0,8.0,0
SKU003,2025-01-06,actual,2.0,5.75,2.0,2.0,0
SKU003,2025-01-13,actual,2.0,5.25,2.0,2.0,0
SKU003,2025-01-20,actual,6.0,5.0,6.0,6.0,0
SKU003,2025-01-27,actual,5.0,4.5,5.0,5.0,0
SKU003,2025-02-03,actual,5.0,3.75,5.0,5.0,0
SKU003,2025-02-10,actual,5.0,4.5,5.0,5.0,0
SKU003,2025-02-17,actual,8.0,5.25,8.0,8.0,0
SKU003,2025-02-24,actual,3.0,5.75,3.0,3.0,0
SKU003,2025-03-03,actual,5.0,5.25,5.0,5.0,0
SKU003,2025-03-10,actual,4.0,5.25,4.0,4.0,0
SKU003,2025-03-17,actual,1.0,5.0,1.0,1.0,0
SKU003,2025-03-24,actual,6.0,3.25,6.0,6.0,0
SKU003,2025-03-31,actual,6.0,4.0,6.0,6.0,0
SKU003,2025-04-07,actual,5.0,4.25,5.0,5.0,0
SKU003,2025-04-14,actual,3.0,4.5,3.0,3.0,0
SKU003,2025-04-21,actual,2.0,5.0,2.0,2.0,0
SKU003,2025-04-28,actual,9.0,4.0,9.0,9.0,0
SKU003,2025-05-05,actual,4.0,4.75,4.0,4.0,0
SKU003,2025-05-12,actual,9.0,4.5,9.0,9.0,0
SKU003,2025-05-19,actual,3.0,6.0,3.0,3.0,0
SKU003,2025-05-26,actual,5.0,6.25,5.0,5.0,0
SKU003,2025-06-02,actual,6.0,5.25,6.0,6.0,0
SKU003,2025-06-09,actual,4.0,5.75,4.0,4.0,0
SKU003,2025-06-16,actual,3.0,4.5,3.0,3.0,0
SKU003,2025-06-23,actual,5.0,4.5,5.0,5.0,0
SKU003,2025-06-30,actual,4.0,4.5,4.0,4.0,0
SKU003,2025-07-07,actual,3.0,4.0,3.0,3.0,0
SKU003,2025-07-14,actual,4.0,3.75,4.0,4.0,0
SKU003,2025-07-21,actual,3.0,4.0,3.0,3.0,0
SKU003,2025-07-28,actual,1.0,3.5,1.0,1.0,0
SKU003,2025-08-04,actual,4.0,2.75,4.0,4.0,0
SKU003,2025-08-11,actual,5.0,3.0,5.0,5.0,0
SKU003,2025-08-18,actual,3.0,3.25,3.0,3.0,0
SKU003,2025-08-25,actual,1.0,1.0,1.0,1.0,0
SKU003,2025-09-01,actual,1.0,2.0,1.0,1.0,0
SKU003,2025-09-08,actual,1.0,1.0,1.0,1.0,0
SKU003,2025-09-15,actual,6.0,4.0,6.0,6.0,0
SKU003,2025-09-22,actual,3.0,5.0,3.0,3.0,0
SKU003,2025-09-29,actual,3.0,1.0,3.0,3.0,0
SKU003,2025-10-06,actual,5.0,1.0,5.0,5.0,0
SKU003,2025-10-13,actual,0.0,2.0,0.0,0.0,0
SKU003,2025-10-20,actual,8.0,10.0,8.0,8.0,0
SKU003,2025-10-27,actual,0.0,6.0,0.0,0.0,0
SKU003,2025-11-03,actual,3.0,3.0,3.0,3.0,0
SKU003,2025-11-10,actual,7.0,8.0,7.0,7.0,0
SKU003,2025-11-17,actual,3.0,1.0,3.0,3.0,0
SKU003,2025-11-24,actual,3.0,4.0,3.0,3.0,0
SKU003,2025-12-01,actual,4.0,5.0,4.0,4.0,0
SKU003,2025-12-08,actual,3.0,4.0,3.0,3.0,0
SKU003,2025-12-15,actual,2.0,3.0,2.0,2.0,0
SKU003,2025-12-22,actual,6.0,8.0,6.0,6.0,0
SKU003,2025-12-29,actual,5.0,8.0,5.0,5.0,0
SKU003,2026-01-05,actual,10.0,2.0,10.0,10.0,0
SKU003,2026-01-12,actual,5.0,2.0,5.0,5.0,0
SKU003,2026-01-19,actual,9.0,6.0,9.0,9.0,0
SKU003,2026-01-26,actual,8.0,5.0,8.0,8.0,0
SKU003,2026-02-02,actual,2.0,5.0,2.0,2.0,0
SKU003,2026-02-09,actual,4.0,5.0,4.0,4.0,0
SKU003,2026-02-16,actual,3.0,8.0,3.0,3.0,0
SKU003,2026-02-23,actual,4.0,3.0,4.0,4.0,0
SKU003,2026-03-02,actual,6.0,5.0,6.0,6.0,0
SKU003,2026-03-09,actual,5.0,4.0,5.0,5.0,0
SKU003,2026-03-16,actual,10.0,1.0,10.0,10.0,0
SKU003,2026-03-23,actual,5.0,6.0,5.0,5.0,0
SKU003,2026-03-30,actual,8.0,6.0,8.0,8.0,0
SKU003,2026-04-06,actual,3.0,5.0,3.0,3.0,0
SKU003,2026-04-13,actual,4.0,3.0,4.0,4.0,0
SKU003,2026-04-20,actual,6.0,2.0,6.0,6.0,0
SKU003,2026-04-27,actual,8.0,9.0,8.0,8.0,0
SKU003,2026-05-04,actual,13.0,4.0,13.0,13.0,0
SKU003,2026-05-11,actual,4.0,9.0,4.0,4.0,0
SKU003,2026-05-18,actual,4.0,3.0,4.0,4.0,0
SKU003,2026-05-25,actual,5.0,5.0,5.0,5.0,0
SKU003,2026-06-01,actual,7.0,6.0,7.0,7.0,0
SKU003,2026-06-08,actual,4.0,4.0,4.0,4.0,0
SKU003,2026-06-15,actual,3.0,3.0,3.0,3.0,0
SKU004,2025-07-07,actual,4.0,0.0,4.0,4.0,0
SKU004,2025-07-14,actual,19.0,4.0,19.0,19.0,0
SKU004,2025-07-21,actual,28.0,11.5,28.0,28.0,0
SKU004,2025-07-28,actual,41.0,17.0,41.0,41.0,0
SKU004,2025-08-04,actual,30.0,23.0,30.0,30.0,0
SKU004,2025-08-11,actual,39.0,29.5,39.0,39.0,0
SKU004,2025-08-18,actual,35.0,34.5,35.0,35.0,0
SKU004,2025-08-25,actual,29.0,36.25,29.0,29.0,0
SKU004,2025-09-01,actual,31.0,33.25,31.0,31.0,0
SKU004,2025-09-08,actual,36.0,33.5,36.0,36.0,0
SKU004,2025-09-15,actual,26.0,32.75,26.0,26.0,0
SKU004,2025-09-22,actual,35.0,30.5,35.0,35.0,0
SKU004,2025-09-29,actual,37.0,32.0,37.0,37.0,0
SKU004,2025-10-06,actual,21.0,33.5,21.0,21.0,0
SKU004,2025-10-13,actual,32.0,29.75,32.0,32.0,0
SKU004,2025-10-20,actual,43.0,31.25,43.0,43.0,0
SKU004,2025-10-27,actual,28.0,33.25,28.0,28.0,0
SKU004,2025-11-03,actual,26.0,31.0,26.0,26.0,0
SKU004,2025-11-10,actual,27.0,32.25,27.0,27.0,0
SKU004,2025-11-17,actual,25.0,31.0,25.0,25.0,0
SKU004,2025-11-24,actual,28.0,26.5,28.0,28.0,0
SKU004,2025-12-01,actual,23.0,26.5,23.0,23.0,0
SKU004,2025-12-08,actual,33.0,25.75,33.0,33.0,0
SKU004,2025-12-15,actual,22.0,27.25,22.0,22.0,0
SKU004,2025-12-22,actual,30.0,26.5,30.0,30.0,0
SKU004,2025-12-29,actual,19.0,27.0,19.0,19.0,0
SKU004,2026-01-05,actual,21.0,26.0,21.0,21.0,0
SKU004,2026-01-12,actual,16.0,23.0,16.0,16.0,0
SKU004,2026-01-19,actual,16.0,21.5,16.0,16.0,0
SKU004,2026-01-26,actual,16.0,18.0,16.0,16.0,0
SKU004,2026-02-02,actual,16.0,17.25,16.0,16.0,0
SKU004,2026-02-09,actual,14.0,16.0,14.0,14.0,0
SKU004,2026-02-16,actual,19.0,15.5,19.0,19.0,0
SKU004,2026-02-23,actual,15.0,16.25,15.0,15.0,0
SKU004,2026-03-02,actual,27.0,16.0,27.0,27.0,0
SKU004,2026-03-09,actual,14.0,18.75,14.0,14.0,0
SKU004,2026-03-16,actual,14.0,18.75,14.0,14.0,0
SKU004,2026-03-23,actual,19.0,17.5,19.0,19.0,0
SKU004,2026-03-30,actual,16.0,18.5,16.0,16.0,0
SKU004,2026-04-06,actual,22.0,15.75,22.0,22.0,0
SKU004,2026-04-13,actual,18.0,17.75,18.0,18.0,0
SKU004,2026-04-20,actual,16.0,18.75,16.0,16.0,0
SKU004,2026-04-27,actual,21.0,18.0,21.0,21.0,0
SKU004,2026-05-04,actual,30.0,19.25,30.0,30.0,0
SKU004,2026-05-11,actual,22.0,21.25,22.0,22.0,0
SKU004,2026-05-18,actual,24.0,22.25,24.0,24.0,0
SKU004,2026-05-25,actual,12.0,24.25,12.0,12.0,0
SKU004,2026-06-01,actual,32.0,22.0,32.0,32.0,0
SKU004,2026-06-08,actual,26.0,22.5,26.0,26.0,0
SKU004,2026-06-15,actual,34.0,23.5,34.0,34.0,0
SKU005,2025-04-28,actual,6.0,0.0,6.0,6.0,0
SKU005,2025-05-05,actual,10.0,6.0,10.0,10.0,0
SKU005,2025-05-12,actual,9.0,8.0,9.0,9.0,0
SKU005,2025-05-19,actual,2.0,8.333333333333334,2.0,2.0,0
SKU005,2025-05-26,actual,9.0,6.75,9.0,9.0,0
SKU005,2025-06-02,actual,4.0,7.5,4.0,4.0,0
SKU005,2025-06-09,actual,5.0,6.0,5.0,5.0,0
SKU005,2025-06-16,actual,6.0,5.0,6.0,6.0,0
SKU005,2025-06-23,actual,3.0,6.0,3.0,3.0,0
SKU005,2025-06-30,actual,8.0,4.5,8.0,8.0,0
SKU005,2025-07-07,actual,2.0,5.5,2.0,2.0,0
SKU005,2025-07-14,actual,4.0,4.75,4.0,4.0,0
SKU005,2025-07-21,actual,3.0,4.25,3.0,3.0,0
SKU005,2025-07-28,actual,2.0,4.25,2.0,2.0,0
SKU005,2025-08-04,actual,4.0,2.75,4.0,4.0,0
SKU005,2025-08-11,actual,3.0,3.25,3.0,3.0,0
SKU005,2025-08-18,actual,7.0,3.0,7.0,7.0,0
SKU005,2025-08-25,actual,3.0,4.0,3.0,3.0,0
SKU005,2025-09-01,actual,2.0,4.25,2.0,2.0,0
SKU005,2025-09-08,actual,9.0,3.75,9.0,9.0,0
SKU005,2025-09-15,actual,4.0,5.25,4.0,4.0,0
SKU005,2025-09-22,actual,5.0,4.5,5.0,5.0,0
SKU005,2025-09-29,actual,1.0,5.0,1.0,1.0,0
SKU005,2025-10-06,actual,2.0,4.75,2.0,2.0,0
SKU005,2025-10-13,actual,1.0,3.0,1.0,1.0,0
SKU005,2025-10-20,actual,10.0,2.25,10.0,10.0,0
SKU005,2025-10-27,actual,9.0,3.5,9.0,9.0,0
SKU005,2025-11-03,actual,10.0,5.5,10.0,10.0,0
SKU005,2025-11-10,actual,4.0,7.5,4.0,4.0,0
SKU005,2025-11-17,actual,2.0,8.25,2.0,2.0,0
SKU005,2025-11-24,actual,4.0,6.25,4.0,4.0,0
SKU005,2025-12-01,actual,5.0,5.0,5.0,5.0,0
SKU005,2025-12-08,actual,6.0,3.75,6.0,6.0,0
SKU005,2025-12-15,actual,7.0,4.25,7.0,7.0,0
SKU005,2025-12-22,actual,9.0,5.5,9.0,9.0,0
SKU005,2025-12-29,actual,8.0,6.75,8.0,8.0,0
SKU005,2026-01-05,actual,5.0,7.5,5.0,5.0,0
SKU005,2026-01-12,actual,1.0,7.25,1.0,1.0,0
SKU005,2026-01-19,actual,0.0,5.75,0.0,0.0,0
SKU005,2026-01-26,actual,6.0,3.5,6.0,6.0,0
SKU005,2026-02-02,actual,6.0,3.0,6.0,6.0,0
SKU005,2026-02-09,actual,5.0,3.25,5.0,5.0,0
SKU005,2026-02-16,actual,7.0,4.25,7.0,7.0,0
SKU005,2026-02-23,actual,5.0,6.0,5.0,5.0,0
SKU005,2026-03-02,actual,6.0,5.75,6.0,6.0,0
SKU005,2026-03-09,actual,9.0,5.75,9.0,9.0,0
SKU005,2026-03-16,actual,6.0,6.75,6.0,6.0,0
SKU005,2026-03-23,actual,3.0,6.5,3.0,3.0,0
SKU005,2026-03-30,actual,5.0,6.0,5.0,5.0,0
SKU005,2026-04-06,actual,3.0,5.75,3.0,3.0,0
SKU005,2026-04-13,actual,6.0,4.25,6.0,6.0,0
SKU005,2026-04-20,actual,9.0,4.25,9.0,9.0,0
SKU005,2026-04-27,actual,9.0,6.0,9.0,9.0,0
SKU005,2026-05-04,actual,13.0,10.0,13.0,13.0,0
SKU005,2026-05-11,actual,6.0,9.0,6.0,6.0,0
SKU005,2026-05-18,actual,5.0,2.0,5.0,5.0,0
SKU005,2026-05-25,actual,2.0,9.0,2.0,2.0,0
SKU005,2026-06-01,actual,7.0,4.0,7.0,7.0,0
SKU005,2026-06-08,actual,7.0,5.0,7.0,7.0,0
SKU005,2026-06-15,actual,5.0,6.0,5.0,5.0,0
SKU006,2026-02-02,actual,9.0,0.0,9.0,9.0,0
SKU006,2026-02-09,actual,30.0,9.0,30.0,30.0,0
SKU006,2026-02-16,actual,26.0,19.5,26.0,26.0,0
SKU006,2026-02-23,actual,44.0,21.666666666666668,44.0,44.0,0
SKU006,2026-03-02,actual,35.0,27.25,35.0,35.0,0
SKU006,2026-03-09,actual,40.0,33.75,40.0,40.0,0
SKU006,2026-03-16,actual,32.0,36.25,32.0,32.0,0
SKU006,2026-03-23,actual,43.0,37.75,43.0,43.0,0
SKU006,2026-03-30,actual,44.0,37.5,44.0,44.0,0
SKU006,2026-04-06,actual,53.0,39.75,53.0,53.0,0
SKU006,2026-04-13,actual,39.0,43.0,39.0,39.0,0
SKU006,2026-04-20,actual,34.0,44.75,34.0,34.0,0
SKU006,2026-04-27,actual,46.0,42.5,46.0,46.0,0
SKU006,2026-05-04,actual,63.0,43.0,63.0,63.0,0
SKU006,2026-05-11,actual,38.0,45.5,38.0,38.0,0
SKU006,2026-05-18,actual,38.0,45.25,38.0,38.0,0
SKU006,2026-05-25,actual,41.0,46.25,41.0,41.0,0
SKU006,2026-06-01,actual,38.0,45.0,38.0,38.0,0
SKU006,2026-06-08,actual,49.0,38.75,49.0,49.0,0
SKU006,2026-06-15,actual,33.0,41.5,33.0,33.0,0
SKU007,2024-05-27,actual,1.0,0.0,1.0,1.0,0
SKU007,2024-06-03,actual,8.0,1.0,8.0,8.0,0
SKU007,2024-06-10,actual,9.0,4.5,9.0,9.0,0
SKU007,2024-06-17,actual,2.0,6.0,2.0,2.0,0
SKU007,2024-06-24,actual,2.0,5.0,2.0,2.0,0
SKU007,2024-07-01,actual,4.0,5.25,4.0,4.0,0
SKU007,2024-07-08,actual,7.0,4.25,7.0,7.0,0
SKU007,2024-07-15,actual,7.0,3.75,7.0,7.0,0
SKU007,2024-07-22,actual,6.0,5.0,6.0,6.0,0
SKU007,2024-07-29,actual,10.0,6.0,10.0,10.0,0
SKU007,2024-08-05,actual,11.0,7.5,11.0,11.0,0
SKU007,2024-08-12,actual,12.0,8.5,12.0,12.0,0
SKU007,2024-08-19,actual,4.0,9.75,4.0,4.0,0
SKU007,2024-08-26,actual,1.0,9.25,1.0,1.0,0
SKU007,2024-09-02,actual,3.0,7.0,3.0,3.0,0
SKU007,2024-09-09,actual,3.0,5.0,3.0,3.0,0
SKU007,2024-09-16,actual,3.0,2.75,3.0,3.0,0
SKU007,2024-09-23,actual,1.0,2.5,1.0,1.0,0
SKU007,2024-09-30,actual,3.0,2.5,3.0,3.0,0
SKU007,2024-10-07,actual,2.0,2.5,2.0,2.0,0
SKU007,2024-10-14,actual,3.0,2.25,3.0,3.0,0
SKU007,2024-10-21,actual,5.0,2.25,5.0,5.0,0
SKU007,2024-10-28,actual,4.0,3.25,4.0,4.0,0
SKU007,2024-11-04,actual,4.0,3.5,4.0,4.0,0
SKU007,2024-11-11,actual,4.0,4.0,4.0,4.0,0
SKU007,2024-11-18,actual,4.0,4.25,4.0,4.0,0
SKU007,2024-11-25,actual,1.0,4.0,1.0,1.0,0
SKU007,2024-12-02,actual,6.0,3.25,6.0,6.0,0
SKU007,2024-12-09,actual,2.0,3.75,2.0,2.0,0
SKU007,2024-12-16,actual,1.0,3.25,1.0,1.0,0
SKU007,2024-12-23,actual,4.0,2.5,4.0,4.0,0
SKU007,2024-12-30,actual,6.0,3.25,6.0,6.0,0
SKU007,2025-01-06,actual,1.0,3.25,1.0,1.0,0
SKU007,2025-01-13,actual,6.0,3.0,6.0,6.0,0
SKU007,2025-01-20,actual,14.0,4.25,14.0,14.0,0
SKU007,2025-01-27,actual,6.0,6.75,6.0,6.0,0
SKU007,2025-02-03,actual,5.0,6.75,5.0,5.0,0
SKU007,2025-02-10,actual,7.0,7.75,7.0,7.0,0
SKU007,2025-02-17,actual,5.0,8.0,5.0,5.0,0
SKU007,2025-02-24,actual,2.0,5.75,2.0,2.0,0
SKU007,2025-03-03,actual,8.0,4.75,8.0,8.0,0
SKU007,2025-03-10,actual,8.0,5.5,8.0,8.0,0
SKU007,2025-03-17,actual,8.0,5.75,8.0,8.0,0
SKU007,2025-03-24,actual,3.0,6.5,3.0,3.0,0
SKU007,2025-03-31,actual,4.0,6.75,4.0,4.0,0
SKU007,2025-04-07,actual,2.0,5.75,2.0,2.0,0
SKU007,2025-04-14,actual,1.0,4.25,1.0,1.0,0
SKU007,2025-04-21,actual,1.0,2.5,1.0,1.0,0
SKU007,2025-04-28,actual,12.0,2.0,12.0,12.0,0
SKU007,2025-05-05,actual,10.0,4.0,10.0,10.0,0
SKU007,2025-05-12,actual,8.0,6.0,8.0,8.0,0
SKU007,2025-05-19,actual,3.0,7.75,3.0,3.0,0
SKU007,2025-05-26,actual,5.0,1.0,5.0,5.0,0
SKU007,2025-06-02,actual,4.0,8.0,4.0,4.0,0
SKU007,2025-06-09,actual,7.0,9.0,7.0,7.0,0
SKU007,2025-06-16,actual,2.0,2.0,2.0,2.0,0
SKU007,2025-06-23,actual,5.0,2.0,5.0,5.0,0
SKU007,2025-06-30,actual,7.0,4.0,7.0,7.0,0
SKU007,2025-07-07,actual,4.0,7.0,4.0,4.0,0
SKU007,2025-07-14,actual,8.0,7.0,8.0,8.0,0
SKU007,2025-07-21,actual,2.0,6.0,2.0,2.0,0
SKU007,2025-07-28,actual,5.0,10.0,5.0,5.0,0
SKU007,2025-08-04,actual,2.0,11.0,2.0,2.0,0
SKU007,2025-08-11,actual,8.0,12.0,8.0,8.0,0
SKU007,2025-08-18,actual,4.0,4.0,4.0,4.0,0
SKU007,2025-08-25,actual,4.0,1.0,4.0,4.0,0
SKU007,2025-09-01,actual,3.0,3.0,3.0,3.0,0
SKU007,2025-09-08,actual,3.0,3.0,3.0,3.0,0
SKU007,2025-09-15,actual,2.0,3.0,2.0,2.0,0
SKU007,2025-09-22,actual,4.0,1.0,4.0,4.0,0
SKU007,2025-09-29,actual,4.0,3.0,4.0,4.0,0
SKU007,2025-10-06,actual,1.0,2.0,1.0,1.0,0
SKU007,2025-10-13,actual,4.0,3.0,4.0,4.0,0
SKU007,2025-10-20,actual,10.0,5.0,10.0,10.0,0
SKU007,2025-10-27,actual,2.0,4.0,2.0,2.0,0
SKU007,2025-11-03,actual,3.0,4.0,3.0,3.0,0
SKU007,2025-11-10,actual,2.0,4.0,2.0,2.0,0
SKU007,2025-11-17,actual,3.0,4.0,3.0,3.0,0
SKU007,2025-11-24,actual,3.0,1.0,3.0,3.0,0
SKU007,2025-12-01,actual,2.0,6.0,2.0,2.0,0
SKU007,2025-12-08,actual,3.0,2.0,3.0,3.0,0
SKU007,2025-12-15,actual,6.0,1.0,6.0,6.0,0
SKU007,2025-12-22,actual,4.0,4.0,4.0,4.0,0
SKU007,2025-12-29,actual,7.0,6.0,7.0,7.0,0
SKU007,2026-01-05,actual,7.0,1.0,7.0,7.0,0
SKU007,2026-01-12,actual,3.0,6.0,3.0,3.0,0
SKU007,2026-01-19,actual,8.0,14.0,8.0,8.0,0
SKU007,2026-01-26,actual,8.0,6.0,8.0,8.0,0
SKU007,2026-02-02,actual,7.0,5.0,7.0,7.0,0
SKU007,2026-02-09,actual,3.0,7.0,3.0,3.0,0
SKU007,2026-02-16,actual,6.0,5.0,6.0,6.0,0
SKU007,2026-02-23,actual,4.0,2.0,4.0,4.0,0
SKU007,2026-03-02,actual,4.0,8.0,4.0,4.0,0
SKU007,2026-03-09,actual,4.0,8.0,4.0,4.0,0
SKU007,2026-03-16,actual,5.0,8.0,5.0,5.0,0
SKU007,2026-03-23,actual,9.0,3.0,9.0,9.0,0
SKU007,2026-03-30,actual,8.0,4.0,8.0,8.0,0
SKU007,2026-04-06,actual,5.0,2.0,5.0,5.0,0
SKU007,2026-04-13,actual,6.0,1.0,6.0,6.0,0
SKU007,2026-04-20,actual,6.0,1.0,6.0,6.0,0
SKU007,2026-04-27,actual,10.0,12.0,10.0,10.0,0
SKU007,2026-05-04,actual,5.0,10.0,5.0,5.0,0
SKU007,2026-05-11,actual,7.0,8.0,7.0,7.0,0
SKU007,2026-05-18,actual,5.0,3.0,5.0,5.0,0
SKU007,2026-05-25,actual,8.0,5.0,8.0,8.0,0
SKU007,2026-06-01,actual,11.0,4.0,11.0,11.0,0
SKU007,2026-06-08,actual,6.0,7.0,6.0,6.0,0
SKU007,2026-06-15,actual,4.0,2.0,4.0,4.0,0
SKU008,2024-05-27,actual,2.0,0.0,2.0,2.0,0
SKU008,2024-06-03,actual,7.0,2.0,7.0,7.0,0
SKU008,2024-06-10,actual,5.0,4.5,5.0,5.0,0
SKU008,2024-06-17,actual,5.0,4.666666666666667,5.0,5.0,0
SKU008,2024-06-24,actual,4.0,4.75,4.0,4.0,0
SKU008,2024-07-01,actual,9.0,5.25,9.0,9.0,0
SKU008,2024-07-08,actual,6.0,5.75,6.0,6.0,0
SKU008,2024-07-15,actual,5.0,6.0,5.0,5.0,0
SKU008,2024-07-22,actual,14.0,6.0,14.0,14.0,0
SKU008,2024-07-29,actual,13.0,8.5,13.0,13.0,0
SKU008,2024-08-05,actual,5.0,9.5,5.0,5.0,0
SKU008,2024-08-12,actual,17.0,9.25,17.0,17.0,0
SKU008,2024-08-19,actual,7.0,12.25,7.0,7.0,0
SKU008,2024-08-26,actual,11.0,10.5,11.0,11.0,0
SKU008,2024-09-02,actual,16.0,10.0,16.0,16.0,0
SKU008,2024-09-09,actual,11.0,12.75,11.0,11.0,0
SKU008,2024-09-16,actual,12.0,11.25,12.0,12.0,0
SKU008,2024-09-23,actual,6.0,12.5,6.0,6.0,0
SKU008,2024-09-30,actual,13.0,11.25,13.0,13.0,0
SKU008,2024-10-07,actual,12.0,10.5,12.0,12.0,0
SKU008,2024-10-14,actual,11.0,10.75,11.0,11.0,0
SKU008,2024-10-21,actual,19.0,10.5,19.0,19.0,0
SKU008,2024-10-28,actual,13.0,13.75,13.0,13.0,0
SKU008,2024-11-04,actual,19.0,13.75,19.0,19.0,0
SKU008,2024-11-11,actual,15.0,15.5,15.0,15.0,0
SKU008,2024-11-18,actual,8.0,16.5,8.0,8.0,0
SKU008,2024-11-25,actual,7.0,13.75,7.0,7.0,0
SKU008,2024-12-02,actual,15.0,12.25,15.0,15.0,0
SKU008,2024-12-09,actual,7.0,11.25,7.0,7.0,0
SKU008,2024-12-16,actual,9.0,9.25,9.0,9.0,0
SKU008,2024-12-23,actual,16.0,9.5,16.0,16.0,0
SKU008,2024-12-30,actual,10.0,11.75,10.0,10.0,0
SKU008,2025-01-06,actual,13.0,10.5,13.0,13.0,0
SKU008,2025-01-13,actual,9.0,12.0,9.0,9.0,0
SKU008,2025-01-20,actual,15.0,12.0,15.0,15.0,0
SKU008,2025-01-27,actual,12.0,11.75,12.0,12.0,0
SKU008,2025-02-03,actual,7.0,12.25,7.0,7.0,0
SKU008,2025-02-10,actual,7.0,10.75,7.0,7.0,0
SKU008,2025-02-17,actual,7.0,10.25,7.0,7.0,0
SKU008,2025-02-24,actual,11.0,8.25,11.0,11.0,0
SKU008,2025-03-03,actual,11.0,8.0,11.0,11.0,0
SKU008,2025-03-10,actual,6.0,9.0,6.0,6.0,0
SKU008,2025-03-17,actual,8.0,8.75,8.0,8.0,0
SKU008,2025-03-24,actual,7.0,9.0,7.0,7.0,0
SKU008,2025-03-31,actual,7.0,8.0,7.0,7.0,0
SKU008,2025-04-07,actual,4.0,7.0,4.0,4.0,0
SKU008,2025-04-14,actual,7.0,6.5,7.0,7.0,0
SKU008,2025-04-21,actual,6.0,6.25,6.0,6.0,0
SKU008,2025-04-28,actual,10.0,6.0,10.0,10.0,0
SKU008,2025-05-05,actual,8.0,6.75,8.0,8.0,0
SKU008,2025-05-12,actual,7.0,7.75,7.0,7.0,0
SKU008,2025-05-19,actual,3.0,7.75,3.0,3.0,0
SKU008,2025-05-26,actual,6.0,2.0,6.0,6.0,0
SKU008,2025-06-02,actual,9.0,7.0,9.0,9.0,0
SKU008,2025-06-09,actual,3.0,5.0,3.0,3.0,0
SKU008,2025-06-16,actual,2.0,5.0,2.0,2.0,0
SKU008,2025-06-23,actual,10.0,4.0,10.0,10.0,0
SKU008,2025-06-30,actual,1.0,9.0,1.0,1.0,0
SKU008,2025-07-07,actual,3.0,6.0,3.0,3.0,0
SKU008,2025-07-14,actual,7.0,5.0,7.0,7.0,0
SKU008,2025-07-21,actual,16.0,14.0,16.0,16.0,0
SKU008,2025-07-28,actual,4.0,13.0,4.0,4.0,0
SKU008,2025-08-04,actual,12.0,5.0,12.0,12.0,0
SKU008,2025-08-11,actual,17.0,17.0,17.0,17.0,0
SKU008,2025-08-18,actual,7.0,7.0,7.0,7.0,0
SKU008,2025-08-25,actual,17.0,11.0,17.0,17.0,0
SKU008,2025-09-01,actual,12.0,16.0,12.0,12.0,0
SKU008,2025-09-08,actual,17.0,11.0,17.0,17.0,0
SKU008,2025-09-15,actual,9.0,12.0,9.0,9.0,0
SKU008,2025-09-22,actual,11.0,6.0,11.0,11.0,0
SKU008,2025-09-29,actual,8.0,13.0,8.0,8.0,0
SKU008,2025-10-06,actual,7.0,12.0,7.0,7.0,0
SKU008,2025-10-13,actual,14.0,11.0,14.0,14.0,0
SKU008,2025-10-20,actual,24.0,19.0,24.0,24.0,0
SKU008,2025-10-27,actual,15.0,13.0,15.0,15.0,0
SKU008,2025-11-03,actual,8.0,19.0,8.0,8.0,0
SKU008,2025-11-10,actual,12.0,15.0,12.0,12.0,0
SKU008,2025-11-17,actual,11.0,8.0,11.0,11.0,0
SKU008,2025-11-24,actual,14.0,7.0,14.0,14.0,0
SKU008,2025-12-01,actual,15.0,15.0,15.0,15.0,0
SKU008,2025-12-08,actual,12.0,7.0,12.0,12.0,0
SKU008,2025-12-15,actual,7.0,9.0,7.0,7.0,0
SKU008,2025-12-22,actual,22.0,16.0,22.0,22.0,0
SKU008,2025-12-29,actual,5.0,10.0,5.0,5.0,0
SKU008,2026-01-05,actual,12.0,13.0,12.0,12.0,0
SKU008,2026-01-12,actual,8.0,9.0,8.0,8.0,0
SKU008,2026-01-19,actual,5.0,15.0,5.0,5.0,0
SKU008,2026-01-26,actual,10.0,12.0,10.0,10.0,0
SKU008,2026-02-02,actual,8.0,7.0,8.0,8.0,0
SKU008,2026-02-09,actual,2.0,7.0,2.0,2.0,0
SKU008,2026-02-16,actual,14.0,7.0,14.0,14.0,0
SKU008,2026-02-23,actual,8.0,11.0,8.0,8.0,0
SKU008,2026-03-02,actual,14.0,11.0,14.0,14.0,0
SKU008,2026-03-09,actual,7.0,6.0,7.0,7.0,0
SKU008,2026-03-16,actual,10.0,8.0,10.0,10.0,0
SKU008,2026-03-23,actual,2.0,7.0,2.0,2.0,0
SKU008,2026-03-30,actual,6.0,7.0,6.0,6.0,0
SKU008,2026-04-06,actual,8.0,4.0,8.0,8.0,0
SKU008,2026-04-13,actual,7.0,7.0,7.0,7.0,0
SKU008,2026-04-20,actual,7.0,6.0,7.0,7.0,0
SKU008,2026-04-27,actual,15.0,10.0,15.0,15.0,0
SKU008,2026-05-04,actual,9.0,8.0,9.0,9.0,0
SKU008,2026-05-11,actual,7.0,7.0,7.0,7.0,0
SKU008,2026-05-18,actual,7.0,3.0,7.0,7.0,0
SKU008,2026-05-25,actual,10.0,6.0,10.0,10.0,0
SKU008,2026-06-01,actual,7.0,9.0,7.0,7.0,0
SKU008,2026-06-08,actual,4.0,3.0,4.0,4.0,0
SKU008,2026-06-15,actual,7.0,2.0,7.0,7.0,0
SKU009,2026-01-26,actual,2.0,0.0,2.0,2.0,0
SKU009,2026-02-02,actual,13.0,2.0,13.0,13.0,0
SKU009,2026-02-09,actual,16.0,7.5,16.0,16.0,0
SKU009,2026-02-16,actual,14.0,10.333333333333334,14.0,14.0,0
SKU009,2026-02-23,actual,15.0,11.25,15.0,15.0,0
SKU009,2026-03-02,actual,13.0,14.5,13.0,13.0,0
SKU009,2026-03-09,actual,15.0,14.5,15.0,15.0,0
SKU009,2026-03-16,actual,10.0,14.25,10.0,10.0,0
SKU009,2026-03-23,actual,12.0,13.25,12.0,12.0,0
SKU009,2026-03-30,actual,14.0,12.5,14.0,14.0,0
SKU009,2026-04-06,actual,12.0,12.75,12.0,12.0,0
SKU009,2026-04-13,actual,12.0,12.0,12.0,12.0,0
SKU009,2026-04-20,actual,7.0,12.5,7.0,7.0,0
SKU009,2026-04-27,actual,22.0,11.25,22.0,22.0,0
SKU009,2026-05-04,actual,19.0,13.25,19.0,19.0,0
SKU009,2026-05-11,actual,11.0,15.0,11.0,11.0,0
SKU009,2026-05-18,actual,13.0,14.75,13.0,13.0,0
SKU009,2026-05-25,actual,12.0,16.25,12.0,12.0,0
SKU009,2026-06-01,actual,8.0,13.75,8.0,8.0,0
SKU009,2026-06-08,actual,12.0,11.0,12.0,12.0,0
SKU009,2026-06-15,actual,12.0,11.25,12.0,12.0,0
SKU010,2025-02-10,actual,2.0,0.0,2.0,2.0,0
SKU010,2025-02-17,actual,14.0,2.0,14.0,14.0,0
SKU010,2025-02-24,actual,10.0,8.0,10.0,10.0,0
SKU010,2025-03-03,actual,13.0,8.666666666666666,13.0,13.0,0
SKU010,2025-03-10,actual,9.0,9.75,9.0,9.0,0
SKU010,2025-03-17,actual,9.0,11.5,9.0,9.0,0
SKU010,2025-03-24,actual,16.0,10.25,16.0,16.0,0
SKU010,2025-03-31,actual,12.0,11.75,12.0,12.0,0
SKU010,2025-04-07,actual,8.0,11.5,8.0,8.0,0
SKU010,2025-04-14,actual,10.0,11.25,10.0,10.0,0
SKU010,2025-04-21,actual,15.0,11.5,15.0,15.0,0
SKU010,2025-04-28,actual,26.0,11.25,26.0,26.0,0
SKU010,2025-05-05,actual,22.0,14.75,22.0,22.0,0
SKU010,2025-05-12,actual,14.0,18.25,14.0,14.0,0
SKU010,2025-05-19,actual,20.0,19.25,20.0,20.0,0
SKU010,2025-05-26,actual,9.0,20.5,9.0,9.0,0
SKU010,2025-06-02,actual,17.0,16.25,17.0,17.0,0
SKU010,2025-06-09,actual,20.0,15.0,20.0,20.0,0
SKU010,2025-06-16,actual,11.0,16.5,11.0,11.0,0
SKU010,2025-06-23,actual,14.0,14.25,14.0,14.0,0
SKU010,2025-06-30,actual,14.0,15.5,14.0,14.0,0
SKU010,2025-07-07,actual,16.0,14.75,16.0,16.0,0
SKU010,2025-07-14,actual,19.0,13.75,19.0,19.0,0
SKU010,2025-07-21,actual,14.0,15.75,14.0,14.0,0
SKU010,2025-07-28,actual,11.0,15.75,11.0,11.0,0
SKU010,2025-08-04,actual,8.0,15.0,8.0,8.0,0
SKU010,2025-08-11,actual,30.0,13.0,30.0,30.0,0
SKU010,2025-08-18,actual,14.0,15.75,14.0,14.0,0
SKU010,2025-08-25,actual,18.0,15.75,18.0,18.0,0
SKU010,2025-09-01,actual,10.0,17.5,10.0,10.0,0
SKU010,2025-09-08,actual,10.0,18.0,10.0,10.0,0
SKU010,2025-09-15,actual,15.0,13.0,15.0,15.0,0
SKU010,2025-09-22,actual,12.0,13.25,12.0,12.0,0
SKU010,2025-09-29,actual,14.0,11.75,14.0,14.0,0
SKU010,2025-10-06,actual,15.0,12.75,15.0,15.0,0
SKU010,2025-10-13,actual,14.0,14.0,14.0,14.0,0
SKU010,2025-10-20,actual,37.0,13.75,37.0,37.0,0
SKU010,2025-10-27,actual,5.0,20.0,5.0,5.0,0
SKU010,2025-11-03,actual,6.0,17.75,6.0,6.0,0
SKU010,2025-11-10,actual,16.0,15.5,16.0,16.0,0
SKU010,2025-11-17,actual,13.0,16.0,13.0,13.0,0
SKU010,2025-11-24,actual,9.0,10.0,9.0,9.0,0
SKU010,2025-12-01,actual,6.0,11.0,6.0,6.0,0
SKU010,2025-12-08,actual,7.0,11.0,7.0,7.0,0
SKU010,2025-12-15,actual,11.0,8.75,11.0,11.0,0
SKU010,2025-12-22,actual,16.0,8.25,16.0,16.0,0
SKU010,2025-12-29,actual,11.0,10.0,11.0,11.0,0
SKU010,2026-01-05,actual,6.0,11.25,6.0,6.0,0
SKU010,2026-01-12,actual,4.0,11.0,4.0,4.0,0
SKU010,2026-01-19,actual,13.0,9.25,13.0,13.0,0
SKU010,2026-01-26,actual,14.0,8.5,14.0,14.0,0
SKU010,2026-02-02,actual,12.0,9.25,12.0,12.0,0
SKU010,2026-02-09,actual,16.0,2.0,16.0,16.0,0
SKU010,2026-02-16,actual,15.0,14.0,15.0,15.0,0
SKU010,2026-02-23,actual,12.0,10.0,12.0,12.0,0
SKU010,2026-03-02,actual,13.0,13.0,13.0,13.0,0
SKU010,2026-03-09,actual,9.0,9.0,9.0,9.0,0
SKU010,2026-03-16,actual,11.0,9.0,11.0,11.0,0
SKU010,2026-03-23,actual,20.0,16.0,20.0,20.0,0
SKU010,2026-03-30,actual,12.0,12.0,12.0,12.0,0
SKU010,2026-04-06,actual,16.0,8.0,16.0,16.0,0
SKU010,2026-04-13,actual,11.0,10.0,11.0,11.0,0
SKU010,2026-04-20,actual,13.0,15.0,13.0,13.0,0
SKU010,2026-04-27,actual,27.0,26.0,27.0,27.0,0
SKU010,2026-05-04,actual,19.0,22.0,19.0,19.0,0
SKU010,2026-05-11,actual,14.0,14.0,14.0,14.0,0
SKU010,2026-05-18,actual,16.0,20.0,16.0,16.0,0
SKU010,2026-05-25,actual,13.0,9.0,13.0,13.0,0
SKU010,2026-06-01,actual,19.0,17.0,19.0,19.0,0
SKU010,2026-06-08,actual,21.0,20.0,21.0,21.0,0
SKU010,2026-06-15,actual,19.0,11.0,19.0,19.0,0
SKU011,2024-05-27,actual,4.0,0.0,4.0,4.0,0
SKU011,2024-06-03,actual,7.0,4.0,7.0,7.0,0
SKU011,2024-06-10,actual,7.0,5.5,7.0,7.0,0
SKU011,2024-06-17,actual,10.0,6.0,10.0,10.0,0
SKU011,2024-06-24,actual,2.0,7.0,2.0,2.0,0
SKU011,2024-07-01,actual,12.0,6.5,12.0,12.0,0
SKU011,2024-07-08,actual,13.0,7.75,13.0,13.0,0
SKU011,2024-07-15,actual,7.0,9.25,7.0,7.0,0
SKU011,2024-07-22,actual,9.0,8.5,9.0,9.0,0
SKU011,2024-07-29,actual,10.0,10.25,10.0,10.0,0
SKU011,2024-08-05,actual,10.0,9.75,10.0,10.0,0
SKU011,2024-08-12,actual,18.0,9.0,18.0,18.0,0
SKU011,2024-08-19,actual,12.0,11.75,12.0,12.0,0
SKU011,2024-08-26,actual,6.0,12.5,6.0,6.0,0
SKU011,2024-09-02,actual,6.0,11.5,6.0,6.0,0
SKU011,2024-09-09,actual,11.0,10.5,11.0,11.0,0
SKU011,2024-09-16,actual,9.0,8.75,9.0,9.0,0
SKU011,2024-09-23,actual,13.0,8.0,13.0,13.0,0
SKU011,2024-09-30,actual,13.0,9.75,13.0,13.0,0
SKU011,2024-10-07,actual,15.0,11.5,15.0,15.0,0
SKU011,2024-10-14,actual,20.0,12.5,20.0,20.0,0
SKU011,2024-10-21,actual,30.0,15.25,30.0,30.0,0
SKU011,2024-10-28,actual,12.0,19.5,12.0,12.0,0
SKU011,2024-11-04,actual,20.0,19.25,20.0,20.0,0
SKU011,2024-11-11,actual,11.0,20.5,11.0,11.0,0
SKU011,2024-11-18,actual,12.0,18.25,12.0,12.0,0
SKU011,2024-11-25,actual,10.0,13.75,10.0,10.0,0
SKU011,2024-12-02,actual,14.0,13.25,14.0,14.0,0
SKU011,2024-12-09,actual,9.0,11.75,9.0,9.0,0
SKU011,2024-12-16,actual,6.0,11.25,6.0,6.0,0
SKU011,2024-12-23,actual,23.0,9.75,23.0,23.0,0
SKU011,2024-12-30,actual,17.0,13.0,17.0,17.0,0
SKU011,2025-01-06,actual,15.0,13.75,15.0,15.0,0
SKU011,2025-01-13,actual,13.0,15.25,13.0,13.0,0
SKU011,2025-01-20,actual,14.0,17.0,14.0,14.0,0
SKU011,2025-01-27,actual,8.0,14.75,8.0,8.0,0
SKU011,2025-02-03,actual,12.0,12.5,12.0,12.0,0
SKU011,2025-02-10,actual,12.0,11.75,12.0,12.0,0
SKU011,2025-02-17,actual,7.0,11.5,7.0,7.0,0
SKU011,2025-02-24,actual,15.0,9.75,15.0,15.0,0
SKU011,2025-03-03,actual,11.0,11.5,11.0,11.0,0
SKU011,2025-03-10,actual,7.0,11.25,7.0,7.0,0
SKU011,2025-03-17,actual,11.0,10.0,11.0,11.0,0
SKU011,2025-03-24,actual,10.0,11.0,10.0,10.0,0
SKU011,2025-03-31,actual,10.0,9.75,10.0,10.0,0
SKU011,2025-04-07,actual,10.0,9.5,10.0,10.0,0
SKU011,2025-04-14,actual,7.0,10.25,7.0,7.0,0
SKU011,2025-04-21,actual,8.0,9.25,8.0,8.0,0
SKU011,2025-04-28,actual,8.0,8.75,8.0,8.0,0
SKU011,2025-05-05,actual,12.0,8.25,12.0,12.0,0
SKU011,2025-05-12,actual,3.0,8.75,3.0,3.0,0
SKU011,2025-05-19,actual,10.0,7.75,10.0,10.0,0
SKU011,2025-05-26,actual,9.0,4.0,9.0,9.0,0
SKU011,2025-06-02,actual,10.0,7.0,10.0,10.0,0
SKU011,2025-06-09,actual,7.0,7.0,7.0,7.0,0
SKU011,2025-06-16,actual,10.0,10.0,10.0,10.0,0
SKU011,2025-06-23,actual,12.0,2.0,12.0,12.0,0
SKU011,2025-06-30,actual,5.0,12.0,5.0,5.0,0
SKU011,2025-07-07,actual,3.0,13.0,3.0,3.0,0
SKU011,2025-07-14,actual,7.0,7.0,7.0,7.0,0
SKU011,2025-07-21,actual,6.0,9.0,6.0,6.0,0
SKU011,2025-07-28,actual,10.0,10.0,10.0,10.0,0
SKU011,2025-08-04,actual,10.0,10.0,10.0,10.0,0
SKU011,2025-08-11,actual,14.0,18.0,14.0,14.0,0
SKU011,2025-08-18,actual,10.0,12.0,10.0,10.0,0
SKU011,2025-08-25,actual,15.0,6.0,15.0,15.0,0
SKU011,2025-09-01,actual,5.0,6.0,5.0,5.0,0
SKU011,2025-09-08,actual,10.0,11.0,10.0,10.0,0
SKU011,2025-09-15,actual,7.0,9.0,7.0,7.0,0
SKU011,2025-09-22,actual,9.0,13.0,9.0,9.0,0
SKU011,2025-09-29,actual,17.0,13.0,17.0,17.0,0
SKU011,2025-10-06,actual,11.0,15.0,11.0,11.0,0
SKU011,2025-10-13,actual,5.0,20.0,5.0,5.0,0
SKU011,2025-10-20,actual,35.0,30.0,35.0,35.0,0
SKU011,2025-10-27,actual,15.0,12.0,15.0,15.0,0
SKU011,2025-11-03,actual,10.0,20.0,10.0,10.0,0
SKU011,2025-11-10,actual,15.0,11.0,15.0,15.0,0
SKU011,2025-11-17,actual,16.0,12.0,16.0,16.0,0
SKU011,2025-11-24,actual,10.0,10.0,10.0,10.0,0
SKU011,2025-12-01,actual,12.0,14.0,12.0,12.0,0
SKU011,2025-12-08,actual,8.0,9.0,8.0,8.0,0
SKU011,2025-12-15,actual,13.0,6.0,13.0,13.0,0
SKU011,2025-12-22,actual,21.0,23.0,21.0,21.0,0
SKU011,2025-12-29,actual,17.0,17.0,17.0,17.0,0
SKU011,2026-01-05,actual,11.0,15.0,11.0,11.0,0
SKU011,2026-01-12,actual,9.0,13.0,9.0,9.0,0
SKU011,2026-01-19,actual,14.0,14.0,14.0,14.0,0
SKU011,2026-01-26,actual,19.0,8.0,19.0,19.0,0
SKU011,2026-02-02,actual,10.0,12.0,10.0,10.0,0
SKU011,2026-02-09,actual,9.0,12.0,9.0,9.0,0
SKU011,2026-02-16,actual,12.0,7.0,12.0,12.0,0
SKU011,2026-02-23,actual,13.0,15.0,13.0,13.0,0
SKU011,2026-03-02,actual,10.0,11.0,10.0,10.0,0
SKU011,2026-03-09,actual,11.0,7.0,11.0,11.0,0
SKU011,2026-03-16,actual,3.0,11.0,3.0,3.0,0
SKU011,2026-03-23,actual,8.0,10.0,8.0,8.0,0
SKU011,2026-03-30,actual,6.0,10.0,6.0,6.0,0
SKU011,2026-04-06,actual,7.0,10.0,7.0,7.0,0
SKU011,2026-04-13,actual,3.0,7.0,3.0,3.0,0
SKU011,2026-04-20,actual,6.0,8.0,6.0,6.0,0
SKU011,2026-04-27,actual,17.0,8.0,17.0,17.0,0
SKU011,2026-05-04,actual,15.0,12.0,15.0,15.0,0
SKU011,2026-05-11,actual,9.0,3.0,9.0,9.0,0
SKU011,2026-05-18,actual,8.0,10.0,8.0,8.0,0
SKU011,2026-05-25,actual,9.0,9.0,9.0,9.0,0
SKU011,2026-06-01,actual,8.0,10.0,8.0,8.0,0
SKU011,2026-06-08,actual,8.0,7.0,8.0,8.0,0
SKU011,2026-06-15,actual,7.0,10.0,7.0,7.0,0
SKU012,2024-05-27,actual,5.0,0.0,5.0,5.0,0
SKU012,2024-06-03,actual,12.0,5.0,12.0,12.0,0
SKU012,2024-06-10,actual,16.0,8.5,16.0,16.0,0
SKU012,2024-06-17,actual,14.0,11.0,14.0,14.0,0
SKU012,2024-06-24,actual,11.0,11.75,11.0,11.0,0
SKU012,2024-07-01,actual,13.0,13.25,13.0,13.0,0
SKU012,2024-07-08,actual,10.0,13.5,10.0,10.0,0
SKU012,2024-07-15,actual,18.0,12.0,18.0,18.0,0
SKU012,2024-07-22,actual,11.0,13.0,11.0,11.0,0
SKU012,2024-07-29,actual,12.0,13.0,12.0,12.0,0
SKU012,2024-08-05,actual,11.0,12.75,11.0,11.0,0
SKU012,2024-08-12,actual,15.0,13.0,15.0,15.0,0
SKU012,2024-08-19,actual,7.0,12.25,7.0,7.0,0
SKU012,2024-08-26,actual,12.0,11.25,12.0,12.0,0
SKU012,2024-09-02,actual,9.0,11.25,9.0,9.0,0
SKU012,2024-09-09,actual,14.0,10.75,14.0,14.0,0
SKU012,2024-09-16,actual,12.0,10.5,12.0,12.0,0
SKU012,2024-09-23,actual,12.0,11.75,12.0,12.0,0
SKU012,2024-09-30,actual,11.0,11.75,11.0,11.0,0
SKU012,2024-10-07,actual,15.0,12.25,15.0,15.0,0
SKU012,2024-10-14,actual,20.0,12.5,20.0,20.0,0
SKU012,2024-10-21,actual,26.0,14.5,26.0,26.0,0
SKU012,2024-10-28,actual,10.0,18.0,10.0,10.0,0
SKU012,2024-11-04,actual,14.0,17.75,14.0,14.0,0
SKU012,2024-11-11,actual,14.0,17.5,14.0,14.0,0
SKU012,2024-11-18,actual,17.0,16.0,17.0,17.0,0
SKU012,2024-11-25,actual,17.0,13.75,17.0,17.0,0
SKU012,2024-12-02,actual,14.0,15.5,14.0,14.0,0
SKU012,2024-12-09,actual,18.0,15.5,18.0,18.0,0
SKU012,2024-12-16,actual,24.0,16.5,24.0,24.0,0
SKU012,2024-12-23,actual,27.0,18.25,27.0,27.0,0
SKU012,2024-12-30,actual,23.0,20.75,23.0,23.0,0
SKU012,2025-01-06,actual,22.0,23.0,22.0,22.0,0
SKU012,2025-01-13,actual,15.0,24.0,15.0,15.0,0
SKU012,2025-01-20,actual,42.0,21.75,42.0,42.0,0
SKU012,2025-01-27,actual,36.0,25.5,36.0,36.0,0
SKU012,2025-02-03,actual,18.0,28.75,18.0,18.0,0
SKU012,2025-02-10,actual,22.0,27.75,22.0,22.0,0
SKU012,2025-02-17,actual,14.0,29.5,14.0,14.0,0
SKU012,2025-02-24,actual,24.0,22.5,24.0,24.0,0
SKU012,2025-03-03,actual,26.0,19.5,26.0,26.0,0
SKU012,2025-03-10,actual,22.0,21.5,22.0,22.0,0
SKU012,2025-03-17,actual,15.0,21.5,15.0,15.0,0
SKU012,2025-03-24,actual,28.0,21.75,28.0,28.0,0
SKU012,2025-03-31,actual,28.0,22.75,28.0,28.0,0
SKU012,2025-04-07,actual,22.0,23.25,22.0,22.0,0
SKU012,2025-04-14,actual,17.0,23.25,17.0,17.0,0
SKU012,2025-04-21,actual,18.0,23.75,18.0,18.0,0
SKU012,2025-04-28,actual,27.0,21.25,27.0,27.0,0
SKU012,2025-05-05,actual,24.0,21.0,24.0,24.0,0
SKU012,2025-05-12,actual,18.0,21.5,18.0,18.0,0
SKU012,2025-05-19,actual,13.0,21.75,13.0,13.0,0
SKU012,2025-05-26,actual,13.0,5.0,13.0,13.0,0
SKU012,2025-06-02,actual,11.0,12.0,11.0,11.0,0
SKU012,2025-06-09,actual,8.0,16.0,8.0,8.0,0
SKU012,2025-06-16,actual,12.0,14.0,12.0,12.0,0
SKU012,2025-06-23,actual,11.0,11.0,11.0,11.0,0
SKU012,2025-06-30,actual,20.0,13.0,20.0,20.0,0
SKU012,2025-07-07,actual,12.0,10.0,12.0,12.0,0
SKU012,2025-07-14,actual,8.0,18.0,8.0,8.0,0
SKU012,2025-07-21,actual,12.0,11.0,12.0,12.0,0
SKU012,2025-07-28,actual,14.0,12.0,14.0,14.0,0
SKU012,2025-08-04,actual,10.0,11.0,10.0,10.0,0
SKU012,2025-08-11,actual,32.0,15.0,32.0,32.0,0
SKU012,2025-08-18,actual,12.0,7.0,12.0,12.0,0
SKU012,2025-08-25,actual,11.0,12.0,11.0,11.0,0
SKU012,2025-09-01,actual,15.0,9.0,15.0,15.0,0
SKU012,2025-09-08,actual,10.0,14.0,10.0,10.0,0
SKU012,2025-09-15,actual,8.0,12.0,8.0,8.0,0
SKU012,2025-09-22,actual,14.0,12.0,14.0,14.0,0
SKU012,2025-09-29,actual,9.0,11.0,9.0,9.0,0
SKU012,2025-10-06,actual,12.0,15.0,12.0,12.0,0
SKU012,2025-10-13,actual,19.0,20.0,19.0,19.0,0
SKU012,2025-10-20,actual,26.0,26.0,26.0,26.0,0
SKU012,2025-10-27,actual,21.0,10.0,21.0,21.0,0
SKU012,2025-11-03,actual,11.0,14.0,11.0,11.0,0
SKU012,2025-11-10,actual,14.0,14.0,14.0,14.0,0
SKU012,2025-11-17,actual,21.0,17.0,21.0,21.0,0
SKU012,2025-11-24,actual,14.0,17.0,14.0,14.0,0
SKU012,2025-12-01,actual,18.0,14.0,18.0,18.0,0
SKU012,2025-12-08,actual,14.0,18.0,14.0,14.0,0
SKU012,2025-12-15,actual,21.0,24.0,21.0,21.0,0
SKU012,2025-12-22,actual,38.0,27.0,38.0,38.0,0
SKU012,2025-12-29,actual,31.0,23.0,31.0,31.0,0
SKU012,2026-01-05,actual,26.0,22.0,26.0,26.0,0
SKU012,2026-01-12,actual,8.0,15.0,8.0,8.0,0
SKU012,2026-01-19,actual,31.0,42.0,31.0,31.0,0
SKU012,2026-01-26,actual,38.0,36.0,38.0,38.0,0
SKU012,2026-02-02,actual,14.0,18.0,14.0,14.0,0
SKU012,2026-02-09,actual,26.0,22.0,26.0,26.0,0
SKU012,2026-02-16,actual,13.0,14.0,13.0,13.0,0
SKU012,2026-02-23,actual,19.0,24.0,19.0,19.0,0
SKU012,2026-03-02,actual,20.0,26.0,20.0,20.0,0
SKU012,2026-03-09,actual,23.0,22.0,23.0,23.0,0
SKU012,2026-03-16,actual,27.0,15.0,27.0,27.0,0
SKU012,2026-03-23,actual,17.0,28.0,17.0,17.0,0
SKU012,2026-03-30,actual,17.0,28.0,17.0,17.0,0
SKU012,2026-04-06,actual,19.0,22.0,19.0,19.0,0
SKU012,2026-04-13,actual,12.0,17.0,12.0,12.0,0
SKU012,2026-04-20,actual,14.0,18.0,14.0,14.0,0
SKU012,2026-04-27,actual,23.0,27.0,23.0,23.0,0
SKU012,2026-05-04,actual,26.0,24.0,26.0,26.0,0
SKU012,2026-05-11,actual,21.0,18.0,21.0,21.0,0
SKU012,2026-05-18,actual,14.0,13.0,14.0,14.0,0
SKU012,2026-05-25,actual,16.0,13.0,16.0,16.0,0
SKU012,2026-06-01,actual,4.0,11.0,4.0,4.0,0
SKU012,2026-06-08,actual,10.0,8.0,10.0,10.0,0
SKU012,2026-06-15,actual,11.0,12.0,11.0,11.0,0
SKU013,2025-02-10,actual,5.0,0.0,5.0,5.0,0
SKU013,2025-02-17,actual,13.0,5.0,13.0,13.0,0
SKU013,2025-02-24,actual,8.0,9.0,8.0,8.0,0
SKU013,2025-03-03,actual,6.0,8.666666666666666,6.0,6.0,0
SKU013,2025-03-10,actual,9.0,8.0,9.0,9.0,0
SKU013,2025-03-17,actual,12.0,9.0,12.0,12.0,0
SKU013,2025-03-24,actual,7.0,8.75,7.0,7.0,0
SKU013,2025-03-31,actual,7.0,8.5,7.0,7.0,0
SKU013,2025-04-07,actual,4.0,8.75,4.0,4.0,0
SKU013,2025-04-14,actual,6.0,7.5,6.0,6.0,0
SKU013,2025-04-21,actual,15.0,6.0,15.0,15.0,0
SKU013,2025-04-28,actual,8.0,8.0,8.0,8.0,0
SKU013,2025-05-05,actual,10.0,8.25,10.0,10.0,0
SKU013,2025-05-12,actual,12.0,9.75,12.0,12.0,0
SKU013,2025-05-19,actual,12.0,11.25,12.0,12.0,0
SKU013,2025-05-26,actual,9.0,10.5,9.0,9.0,0
SKU013,2025-06-02,actual,15.0,10.75,15.0,15.0,0
SKU013,2025-06-09,actual,8.0,12.0,8.0,8.0,0
SKU013,2025-06-16,actual,11.0,11.0,11.0,11.0,0
SKU013,2025-06-23,actual,11.0,10.75,11.0,11.0,0
SKU013,2025-06-30,actual,7.0,11.25,7.0,7.0,0
SKU013,2025-07-07,actual,13.0,9.25,13.0,13.0,0
SKU013,2025-07-14,actual,17.0,10.5,17.0,17.0,0
SKU013,2025-07-21,actual,11.0,12.0,11.0,11.0,0
SKU013,2025-07-28,actual,14.0,12.0,14.0,14.0,0
SKU013,2025-08-04,actual,14.0,13.75,14.0,14.0,0
SKU013,2025-08-11,actual,27.0,14.0,27.0,27.0,0
SKU013,2025-08-18,actual,15.0,16.5,15.0,15.0,0
SKU013,2025-08-25,actual,18.0,17.5,18.0,18.0,0
SKU013,2025-09-01,actual,15.0,18.5,15.0,15.0,0
SKU013,2025-09-08,actual,15.0,18.75,15.0,15.0,0
SKU013,2025-09-15,actual,11.0,15.75,11.0,11.0,0
SKU013,2025-09-22,actual,15.0,14.75,15.0,15.0,0
SKU013,2025-09-29,actual,19.0,14.0,19.0,19.0,0
SKU013,2025-10-06,actual,27.0,15.0,27.0,27.0,0
SKU013,2025-10-13,actual,19.0,18.0,19.0,19.0,0
SKU013,2025-10-20,actual,26.0,20.0,26.0,26.0,0
SKU013,2025-10-27,actual,12.0,22.75,12.0,12.0,0
SKU013,2025-11-03,actual,24.0,21.0,24.0,24.0,0
SKU013,2025-11-10,actual,15.0,20.25,15.0,15.0,0
SKU013,2025-11-17,actual,11.0,19.25,11.0,11.0,0
SKU013,2025-11-24,actual,16.0,15.5,16.0,16.0,0
SKU013,2025-12-01,actual,12.0,16.5,12.0,12.0,0
SKU013,2025-12-08,actual,13.0,13.5,13.0,13.0,0
SKU013,2025-12-15,actual,11.0,13.0,11.0,11.0,0
SKU013,2025-12-22,actual,26.0,13.0,26.0,26.0,0
SKU013,2025-12-29,actual,14.0,15.5,14.0,14.0,0
SKU013,2026-01-05,actual,12.0,16.0,12.0,12.0,0
SKU013,2026-01-12,actual,19.0,15.75,19.0,19.0,0
SKU013,2026-01-19,actual,17.0,17.75,17.0,17.0,0
SKU013,2026-01-26,actual,19.0,15.5,19.0,19.0,0
SKU013,2026-02-02,actual,18.0,16.75,18.0,18.0,0
SKU013,2026-02-09,actual,11.0,5.0,11.0,11.0,0
SKU013,2026-02-16,actual,7.0,13.0,7.0,7.0,0
SKU013,2026-02-23,actual,8.0,8.0,8.0,8.0,0
SKU013,2026-03-02,actual,12.0,6.0,12.0,12.0,0
SKU013,2026-03-09,actual,9.0,9.0,9.0,9.0,0
SKU013,2026-03-16,actual,12.0,12.0,12.0,12.0,0
SKU013,2026-03-23,actual,9.0,7.0,9.0,9.0,0
SKU013,2026-03-30,actual,12.0,7.0,12.0,12.0,0
SKU013,2026-04-06,actual,5.0,4.0,5.0,5.0,0
SKU013,2026-04-13,actual,10.0,6.0,10.0,10.0,0
SKU013,2026-04-20,actual,8.0,15.0,8.0,8.0,0
SKU013,2026-04-27,actual,9.0,8.0,9.0,9.0,0
SKU013,2026-05-04,actual,12.0,10.0,12.0,12.0,0
SKU013,2026-05-11,actual,8.0,12.0,8.0,8.0,0
SKU013,2026-05-18,actual,9.0,12.0,9.0,9.0,0
SKU013,2026-05-25,actual,9.0,9.0,9.0,9.0,0
SKU013,2026-06-01,actual,8.0,15.0,8.0,8.0,0
SKU013,2026-06-08,actual,18.0,8.0,18.0,18.0,0
SKU013,2026-06-15,actual,11.0,11.0,11.0,11.0,0
SKU014,2024-11-11,actual,19.0,0.0,19.0,19.0,0
SKU014,2024-11-18,actual,30.0,19.0,30.0,30.0,0
SKU014,2024-11-25,actual,24.0,24.5,24.0,24.0,0
SKU014,2024-12-02,actual,33.0,24.333333333333332,33.0,33.0,0
SKU014,2024-12-09,actual,34.0,26.5,34.0,34.0,0
SKU014,2024-12-16,actual,33.0,30.25,33.0,33.0,0
SKU014,2024-12-23,actual,64.0,31.0,64.0,64.0,0
SKU014,2024-12-30,actual,26.0,41.0,26.0,26.0,0
SKU014,2025-01-06,actual,24.0,39.25,24.0,24.0,0
SKU014,2025-01-13,actual,39.0,36.75,39.0,39.0,0
SKU014,2025-01-20,actual,39.0,38.25,39.0,39.0,0
SKU014,2025-01-27,actual,35.0,32.0,35.0,35.0,0
SKU014,2025-02-03,actual,23.0,34.25,23.0,23.0,0
SKU014,2025-02-10,actual,18.0,34.0,18.0,18.0,0
SKU014,2025-02-17,actual,30.0,28.75,30.0,30.0,0
SKU014,2025-02-24,actual,27.0,26.5,27.0,27.0,0
SKU014,2025-03-03,actual,27.0,24.5,27.0,27.0,0
SKU014,2025-03-10,actual,26.0,25.5,26.0,26.0,0
SKU014,2025-03-17,actual,24.0,27.5,24.0,24.0,0
SKU014,2025-03-24,actual,13.0,26.0,13.0,13.0,0
SKU014,2025-03-31,actual,30.0,22.5,30.0,30.0,0
SKU014,2025-04-07,actual,21.0,23.25,21.0,21.0,0
SKU014,2025-04-14,actual,15.0,22.0,15.0,15.0,0
SKU014,2025-04-21,actual,22.0,19.75,22.0,22.0,0
SKU014,2025-04-28,actual,27.0,22.0,27.0,27.0,0
SKU014,2025-05-05,actual,17.0,21.25,17.0,17.0,0
SKU014,2025-05-12,actual,9.0,20.25,9.0,9.0,0
SKU014,2025-05-19,actual,17.0,18.75,17.0,17.0,0
SKU014,2025-05-26,actual,17.0,17.5,17.0,17.0,0
SKU014,2025-06-02,actual,15.0,15.0,15.0,15.0,0
SKU014,2025-06-09,actual,15.0,14.5,15.0,15.0,0
SKU014,2025-06-16,actual,10.0,16.0,10.0,10.0,0
SKU014,2025-06-23,actual,17.0,14.25,17.0,17.0,0
SKU014,2025-06-30,actual,14.0,14.25,14.0,14.0,0
SKU014,2025-07-07,actual,20.0,14.0,20.0,20.0,0
SKU014,2025-07-14,actual,16.0,15.25,16.0,16.0,0
SKU014,2025-07-21,actual,12.0,16.75,12.0,12.0,0
SKU014,2025-07-28,actual,13.0,15.5,13.0,13.0,0
SKU014,2025-08-04,actual,15.0,15.25,15.0,15.0,0
SKU014,2025-08-11,actual,38.0,14.0,38.0,38.0,0
SKU014,2025-08-18,actual,13.0,19.5,13.0,13.0,0
SKU014,2025-08-25,actual,19.0,19.75,19.0,19.0,0
SKU014,2025-09-01,actual,21.0,21.25,21.0,21.0,0
SKU014,2025-09-08,actual,18.0,22.75,18.0,18.0,0
SKU014,2025-09-15,actual,12.0,17.75,12.0,12.0,0
SKU014,2025-09-22,actual,11.0,17.5,11.0,11.0,0
SKU014,2025-09-29,actual,25.0,15.5,25.0,25.0,0
SKU014,2025-10-06,actual,26.0,16.5,26.0,26.0,0
SKU014,2025-10-13,actual,35.0,18.5,35.0,35.0,0
SKU014,2025-10-20,actual,41.0,24.25,41.0,41.0,0
SKU014,2025-10-27,actual,27.0,31.75,27.0,27.0,0
SKU014,2025-11-03,actual,30.0,32.25,30.0,30.0,0
SKU014,2025-11-10,actual,26.0,19.0,26.0,26.0,0
SKU014,2025-11-17,actual,27.0,30.0,27.0,27.0,0
SKU014,2025-11-24,actual,25.0,24.0,25.0,25.0,0
SKU014,2025-12-01,actual,30.0,33.0,30.0,30.0,0
SKU014,2025-12-08,actual,33.0,34.0,33.0,33.0,0
SKU014,2025-12-15,actual,21.0,33.0,21.0,21.0,0
SKU014,2025-12-22,actual,58.0,64.0,58.0,58.0,0
SKU014,2025-12-29,actual,33.0,26.0,33.0,33.0,0
SKU014,2026-01-05,actual,28.0,24.0,28.0,28.0,0
SKU014,2026-01-12,actual,31.0,39.0,31.0,31.0,0
SKU014,2026-01-19,actual,29.0,39.0,29.0,29.0,0
SKU014,2026-01-26,actual,32.0,35.0,32.0,32.0,0
SKU014,2026-02-02,actual,27.0,23.0,27.0,27.0,0
SKU014,2026-02-09,actual,19.0,18.0,19.0,19.0,0
SKU014,2026-02-16,actual,22.0,30.0,22.0,22.0,0
SKU014,2026-02-23,actual,22.0,27.0,22.0,22.0,0
SKU014,2026-03-02,actual,28.0,27.0,28.0,28.0,0
SKU014,2026-03-09,actual,24.0,26.0,24.0,24.0,0
SKU014,2026-03-16,actual,27.0,24.0,27.0,27.0,0
SKU014,2026-03-23,actual,20.0,13.0,20.0,20.0,0
SKU014,2026-03-30,actual,17.0,30.0,17.0,17.0,0
SKU014,2026-04-06,actual,15.0,21.0,15.0,15.0,0
SKU014,2026-04-13,actual,20.0,15.0,20.0,20.0,0
SKU014,2026-04-20,actual,17.0,22.0,17.0,17.0,0
SKU014,2026-04-27,actual,30.0,27.0,30.0,30.0,0
SKU014,2026-05-04,actual,28.0,17.0,28.0,28.0,0
SKU014,2026-05-11,actual,14.0,9.0,14.0,14.0,0
SKU014,2026-05-18,actual,20.0,17.0,20.0,20.0,0
SKU014,2026-05-25,actual,13.0,17.0,13.0,13.0,0
SKU014,2026-06-01,actual,12.0,15.0,12.0,12.0,0
SKU014,2026-06-08,actual,20.0,15.0,20.0,20.0,0
SKU014,2026-06-15,actual,20.0,10.0,20.0,20.0,0
SKU015,2025-12-15,actual,19.0,0.0,19.0,19.0,0
SKU015,2025-12-22,actual,42.0,19.0,42.0,42.0,0
SKU015,2025-12-29,actual,31.0,30.5,31.0,31.0,0
SKU015,2026-01-05,actual,17.0,30.666666666666668,17.0,17.0,0
SKU015,2026-01-12,actual,33.0,27.25,33.0,33.0,0
SKU015,2026-01-19,actual,23.0,30.75,23.0,23.0,0
SKU015,2026-01-26,actual,28.0,26.0,28.0,28.0,0
SKU015,2026-02-02,actual,28.0,25.25,28.0,28.0,0
SKU015,2026-02-09,actual,22.0,28.0,22.0,22.0,0
SKU015,2026-02-16,actual,29.0,25.25,29.0,29.0,0
SKU015,2026-02-23,actual,25.0,26.75,25.0,25.0,0
SKU015,2026-03-02,actual,18.0,26.0,18.0,18.0,0
SKU015,2026-03-09,actual,16.0,23.5,16.0,16.0,0
SKU015,2026-03-16,actual,14.0,22.0,14.0,14.0,0
SKU015,2026-03-23,actual,14.0,18.25,14.0,14.0,0
SKU015,2026-03-30,actual,18.0,15.5,18.0,18.0,0
SKU015,2026-04-06,actual,17.0,15.5,17.0,17.0,0
SKU015,2026-04-13,actual,15.0,15.75,15.0,15.0,0
SKU015,2026-04-20,actual,23.0,16.0,23.0,23.0,0
SKU015,2026-04-27,actual,20.0,18.25,20.0,20.0,0
SKU015,2026-05-04,actual,21.0,18.75,21.0,21.0,0
SKU015,2026-05-11,actual,13.0,19.75,13.0,13.0,0
SKU015,2026-05-18,actual,21.0,19.25,21.0,21.0,0
SKU015,2026-05-25,actual,21.0,18.75,21.0,21.0,0
SKU015,2026-06-01,actual,22.0,19.0,22.0,22.0,0
SKU015,2026-06-08,actual,17.0,19.25,17.0,17.0,0
SKU015,2026-06-15,actual,9.0,20.25,9.0,9.0,0
SKU016,2024-06-10,actual,25.0,0.0,25.0,25.0,0
SKU016,2024-06-17,actual,38.0,25.0,38.0,38.0,0
SKU016,2024-06-24,actual,34.0,31.5,34.0,34.0,0
SKU016,2024-07-01,actual,42.0,32.333333333333336,42.0,42.0,0
SKU016,2024-07-08,actual,40.0,34.75,40.0,40.0,0
SKU016,2024-07-15,actual,39.0,38.5,39.0,39.0,0
SKU016,2024-07-22,actual,33.0,38.75,33.0,33.0,0
SKU016,2024-07-29,actual,42.0,38.5,42.0,42.0,0
SKU016,2024-08-05,actual,42.0,38.5,42.0,42.0,0
SKU016,2024-08-12,actual,73.0,39.0,73.0,73.0,0
SKU016,2024-08-19,actual,33.0,47.5,33.0,33.0,0
SKU016,2024-08-26,actual,42.0,47.5,42.0,42.0,0
SKU016,2024-09-02,actual,38.0,47.5,38.0,38.0,0
SKU016,2024-09-09,actual,22.0,46.5,22.0,22.0,0
SKU016,2024-09-16,actual,26.0,33.75,26.0,26.0,0
SKU016,2024-09-23,actual,41.0,32.0,41.0,41.0,0
SKU016,2024-09-30,actual,22.0,31.75,22.0,22.0,0
SKU016,2024-10-07,actual,25.0,27.75,25.0,25.0,0
SKU016,2024-10-14,actual,33.0,28.5,33.0,33.0,0
SKU016,2024-10-21,actual,39.0,30.25,39.0,39.0,0
SKU016,2024-10-28,actual,24.0,29.75,24.0,24.0,0
SKU016,2024-11-04,actual,24.0,30.25,24.0,24.0,0
SKU016,2024-11-11,actual,23.0,30.0,23.0,23.0,0
SKU016,2024-11-18,actual,24.0,27.5,24.0,24.0,0
SKU016,2024-11-25,actual,20.0,23.75,20.0,20.0,0
SKU016,2024-12-02,actual,20.0,22.75,20.0,20.0,0
SKU016,2024-12-09,actual,15.0,21.75,15.0,15.0,0
SKU016,2024-12-16,actual,26.0,19.75,26.0,26.0,0
SKU016,2024-12-23,actual,37.0,20.25,37.0,37.0,0
SKU016,2024-12-30,actual,29.0,24.5,29.0,29.0,0
SKU016,2025-01-06,actual,23.0,26.75,23.0,23.0,0
SKU016,2025-01-13,actual,26.0,28.75,26.0,26.0,0
SKU016,2025-01-20,actual,56.0,28.75,56.0,56.0,0
SKU016,2025-01-27,actual,34.0,33.5,34.0,34.0,0
SKU016,2025-02-03,actual,18.0,34.75,18.0,18.0,0
SKU016,2025-02-10,actual,28.0,33.5,28.0,28.0,0
SKU016,2025-02-17,actual,34.0,34.0,34.0,34.0,0
SKU016,2025-02-24,actual,31.0,28.5,31.0,31.0,0
SKU016,2025-03-03,actual,21.0,27.75,21.0,21.0,0
SKU016,2025-03-10,actual,26.0,28.5,26.0,26.0,0
SKU016,2025-03-17,actual,30.0,28.0,30.0,30.0,0
SKU016,2025-03-24,actual,38.0,27.0,38.0,38.0,0
SKU016,2025-03-31,actual,28.0,28.75,28.0,28.0,0
SKU016,2025-04-07,actual,32.0,30.5,32.0,32.0,0
SKU016,2025-04-14,actual,26.0,32.0,26.0,26.0,0
SKU016,2025-04-21,actual,46.0,31.0,46.0,46.0,0
SKU016,2025-04-28,actual,70.0,33.0,70.0,70.0,0
SKU016,2025-05-05,actual,41.0,43.5,41.0,41.0,0
SKU016,2025-05-12,actual,33.0,45.75,33.0,33.0,0
SKU016,2025-05-19,actual,37.0,47.5,37.0,37.0,0
SKU016,2025-05-26,actual,44.0,45.25,44.0,44.0,0
SKU016,2025-06-02,actual,36.0,38.75,36.0,36.0,0
SKU016,2025-06-09,actual,51.0,25.0,51.0,51.0,0
SKU016,2025-06-16,actual,36.0,38.0,36.0,36.0,0
SKU016,2025-06-23,actual,40.0,34.0,40.0,40.0,0
SKU016,2025-06-30,actual,31.0,42.0,31.0,31.0,0
SKU016,2025-07-07,actual,29.0,40.0,29.0,29.0,0
SKU016,2025-07-14,actual,35.0,39.0,35.0,35.0,0
SKU016,2025-07-21,actual,41.0,33.0,41.0,41.0,0
SKU016,2025-07-28,actual,30.0,42.0,30.0,30.0,0
SKU016,2025-08-04,actual,32.0,42.0,32.0,32.0,0
SKU016,2025-08-11,actual,69.0,73.0,69.0,69.0,0
SKU016,2025-08-18,actual,31.0,33.0,31.0,31.0,0
SKU016,2025-08-25,actual,29.0,42.0,29.0,29.0,0
SKU016,2025-09-01,actual,37.0,38.0,37.0,37.0,0
SKU016,2025-09-08,actual,33.0,22.0,33.0,33.0,0
SKU016,2025-09-15,actual,29.0,26.0,29.0,29.0,0
SKU016,2025-09-22,actual,29.0,41.0,29.0,29.0,0
SKU016,2025-09-29,actual,43.0,22.0,43.0,43.0,0
SKU016,2025-10-06,actual,31.0,25.0,31.0,31.0,0
SKU016,2025-10-13,actual,29.0,33.0,29.0,29.0,0
SKU016,2025-10-20,actual,58.0,39.0,58.0,58.0,0
SKU016,2025-10-27,actual,23.0,24.0,23.0,23.0,0
SKU016,2025-11-03,actual,20.0,24.0,20.0,20.0,0
SKU016,2025-11-10,actual,22.0,23.0,22.0,22.0,0
SKU016,2025-11-17,actual,28.0,24.0,28.0,28.0,0
SKU016,2025-11-24,actual,15.0,20.0,15.0,15.0,0
SKU016,2025-12-01,actual,25.0,20.0,25.0,25.0,0
SKU016,2025-12-08,actual,15.0,15.0,15.0,15.0,0
SKU016,2025-12-15,actual,21.0,26.0,21.0,21.0,0
SKU016,2025-12-22,actual,50.0,37.0,50.0,50.0,0
SKU016,2025-12-29,actual,28.0,29.0,28.0,28.0,0
SKU016,2026-01-05,actual,18.0,23.0,18.0,18.0,0
SKU016,2026-01-12,actual,19.0,26.0,19.0,19.0,0
SKU016,2026-01-19,actual,18.0,56.0,18.0,18.0,0
SKU016,2026-01-26,actual,35.0,34.0,35.0,35.0,0
SKU016,2026-02-02,actual,18.0,18.0,18.0,18.0,0
SKU016,2026-02-09,actual,19.0,28.0,19.0,19.0,0
SKU016,2026-02-16,actual,21.0,34.0,21.0,21.0,0
SKU016,2026-02-23,actual,22.0,31.0,22.0,22.0,0
SKU016,2026-03-02,actual,28.0,21.0,28.0,28.0,0
SKU016,2026-03-09,actual,24.0,26.0,24.0,24.0,0
SKU016,2026-03-16,actual,24.0,30.0,24.0,24.0,0
SKU016,2026-03-23,actual,38.0,38.0,38.0,38.0,0
SKU016,2026-03-30,actual,33.0,28.0,33.0,33.0,0
SKU016,2026-04-06,actual,35.0,32.0,35.0,35.0,0
SKU016,2026-04-13,actual,37.0,26.0,37.0,37.0,0
SKU016,2026-04-20,actual,51.0,46.0,51.0,51.0,0
SKU016,2026-04-27,actual,56.0,70.0,56.0,56.0,0
SKU016,2026-05-04,actual,56.0,41.0,56.0,56.0,0
SKU016,2026-05-11,actual,34.0,33.0,34.0,34.0,0
SKU016,2026-05-18,actual,39.0,37.0,39.0,39.0,0
SKU016,2026-05-25,actual,33.0,44.0,33.0,33.0,0
SKU016,2026-06-01,actual,33.0,36.0,33.0,33.0,0
SKU016,2026-06-08,actual,40.0,51.0,40.0,40.0,0
SKU016,2026-06-15,actual,33.0,36.0,33.0,33.0,0
SKU017,2024-06-24,actual,11.0,0.0,11.0,11.0,0
SKU017,2024-07-01,actual,4.0,11.0,4.0,4.0,0
SKU017,2024-07-08,actual,5.0,7.5,5.0,5.0,0
SKU017,2024-07-15,actual,10.0,6.666666666666667,10.0,10.0,0
SKU017,2024-07-22,actual,4.0,7.5,4.0,4.0,0
SKU017,2024-07-29,actual,7.0,5.75,7.0,7.0,0
SKU017,2024-08-05,actual,5.0,6.5,5.0,5.0,0
SKU017,2024-08-12,actual,6.0,6.5,6.0,6.0,0
SKU017,2024-08-19,actual,10.0,5.5,10.0,10.0,0
SKU017,2024-08-26,actual,5.0,7.0,5.0,5.0,0
SKU017,2024-09-02,actual,6.0,6.5,6.0,6.0,0
SKU017,2024-09-09,actual,2.0,6.75,2.0,2.0,0
SKU017,2024-09-16,actual,4.0,5.75,4.0,4.0,0
SKU017,2024-09-23,actual,5.0,4.25,5.0,5.0,0
SKU017,2024-09-30,actual,5.0,4.25,5.0,5.0,0
SKU017,2024-10-07,actual,9.0,4.0,9.0,9.0,0
SKU017,2024-10-14,actual,5.0,5.75,5.0,5.0,0
SKU017,2024-10-21,actual,10.0,6.0,10.0,10.0,0
SKU017,2024-10-28,actual,8.0,7.25,8.0,8.0,0
SKU017,2024-11-04,actual,8.0,8.0,8.0,8.0,0
SKU017,2024-11-11,actual,5.0,7.75,5.0,5.0,0
SKU017,2024-11-18,actual,8.0,7.75,8.0,8.0,0
SKU017,2024-11-25,actual,15.0,7.25,15.0,15.0,0
SKU017,2024-12-02,actual,5.0,9.0,5.0,5.0,0
SKU017,2024-12-09,actual,6.0,8.25,6.0,6.0,0
SKU017,2024-12-16,actual,12.0,8.5,12.0,12.0,0
SKU017,2024-12-23,actual,14.0,9.5,14.0,14.0,0
SKU017,2024-12-30,actual,11.0,9.25,11.0,11.0,0
SKU017,2025-01-06,actual,6.0,10.75,6.0,6.0,0
SKU017,2025-01-13,actual,15.0,10.75,15.0,15.0,0
SKU017,2025-01-20,actual,14.0,11.5,14.0,14.0,0
SKU017,2025-01-27,actual,14.0,11.5,14.0,14.0,0
SKU017,2025-02-03,actual,10.0,12.25,10.0,10.0,0
SKU017,2025-02-10,actual,7.0,13.25,7.0,7.0,0
SKU017,2025-02-17,actual,11.0,11.25,11.0,11.0,0
SKU017,2025-02-24,actual,9.0,10.5,9.0,9.0,0
SKU017,2025-03-03,actual,8.0,9.25,8.0,8.0,0
SKU017,2025-03-10,actual,7.0,8.75,7.0,7.0,0
SKU017,2025-03-17,actual,7.0,8.75,7.0,7.0,0
SKU017,2025-03-24,actual,13.0,7.75,13.0,13.0,0
SKU017,2025-03-31,actual,9.0,8.75,9.0,9.0,0
SKU017,2025-04-07,actual,3.0,9.0,3.0,3.0,0
SKU017,2025-04-14,actual,5.0,8.0,5.0,5.0,0
SKU017,2025-04-21,actual,8.0,7.5,8.0,8.0,0
SKU017,2025-04-28,actual,14.0,6.25,14.0,14.0,0
SKU017,2025-05-05,actual,9.0,7.5,9.0,9.0,0
SKU017,2025-05-12,actual,8.0,9.0,8.0,8.0,0
SKU017,2025-05-19,actual,14.0,9.75,14.0,14.0,0
SKU017,2025-05-26,actual,6.0,11.25,6.0,6.0,0
SKU017,2025-06-02,actual,3.0,9.25,3.0,3.0,0
SKU017,2025-06-09,actual,5.0,7.75,5.0,5.0,0
SKU017,2025-06-16,actual,4.0,7.0,4.0,4.0,0
SKU017,2025-06-23,actual,7.0,11.0,7.0,7.0,0
SKU017,2025-06-30,actual,7.0,4.0,7.0,7.0,0
SKU017,2025-07-07,actual,7.0,5.0,7.0,7.0,0
SKU017,2025-07-14,actual,3.0,10.0,3.0,3.0,0
SKU017,2025-07-21,actual,4.0,4.0,4.0,4.0,0
SKU017,2025-07-28,actual,4.0,7.0,4.0,4.0,0
SKU017,2025-08-04,actual,2.0,5.0,2.0,2.0,0
SKU017,2025-08-11,actual,6.0,6.0,6.0,6.0,0
SKU017,2025-08-18,actual,5.0,10.0,5.0,5.0,0
SKU017,2025-08-25,actual,12.0,5.0,12.0,12.0,0
SKU017,2025-09-01,actual,1.0,6.0,1.0,1.0,0
SKU017,2025-09-08,actual,6.0,2.0,6.0,6.0,0
SKU017,2025-09-15,actual,7.0,4.0,7.0,7.0,0
SKU017,2025-09-22,actual,1.0,5.0,1.0,1.0,0
SKU017,2025-09-29,actual,11.0,5.0,11.0,11.0,0
SKU017,2025-10-06,actual,5.0,9.0,5.0,5.0,0
SKU017,2025-10-13,actual,11.0,5.0,11.0,11.0,0
SKU017,2025-10-20,actual,16.0,10.0,16.0,16.0,0
SKU017,2025-10-27,actual,9.0,8.0,9.0,9.0,0
SKU017,2025-11-03,actual,3.0,8.0,3.0,3.0,0
SKU017,2025-11-10,actual,6.0,5.0,6.0,6.0,0
SKU017,2025-11-17,actual,4.0,8.0,4.0,4.0,0
SKU017,2025-11-24,actual,8.0,15.0,8.0,8.0,0
SKU017,2025-12-01,actual,9.0,5.0,9.0,9.0,0
SKU017,2025-12-08,actual,14.0,6.0,14.0,14.0,0
SKU017,2025-12-15,actual,10.0,12.0,10.0,10.0,0
SKU017,2025-12-22,actual,21.0,14.0,21.0,21.0,0
SKU017,2025-12-29,actual,6.0,11.0,6.0,6.0,0
SKU017,2026-01-05,actual,12.0,6.0,12.0,12.0,0
SKU017,2026-01-12,actual,11.0,15.0,11.0,11.0,0
SKU017,2026-01-19,actual,10.0,14.0,10.0,10.0,0
SKU017,2026-01-26,actual,12.0,14.0,12.0,12.0,0
SKU017,2026-02-02,actual,8.0,10.0,8.0,8.0,0
SKU017,2026-02-09,actual,10.0,7.0,10.0,10.0,0
SKU017,2026-02-16,actual,6.0,11.0,6.0,6.0,0
SKU017,2026-02-23,actual,8.0,9.0,8.0,8.0,0
SKU017,2026-03-02,actual,9.0,8.0,9.0,9.0,0
SKU017,2026-03-09,actual,13.0,7.0,13.0,13.0,0
SKU017,2026-03-16,actual,9.0,7.0,9.0,9.0,0
SKU017,2026-03-23,actual,9.0,13.0,9.0,9.0,0
SKU017,2026-03-30,actual,12.0,9.0,12.0,12.0,0
SKU017,2026-04-06,actual,7.0,3.0,7.0,7.0,0
SKU017,2026-04-13,actual,6.0,5.0,6.0,6.0,0
SKU017,2026-04-20,actual,9.0,8.0,9.0,9.0,0
SKU017,2026-04-27,actual,12.0,14.0,12.0,12.0,0
SKU017,2026-05-04,actual,7.0,9.0,7.0,7.0,0
SKU017,2026-05-11,actual,6.0,8.0,6.0,6.0,0
SKU017,2026-05-18,actual,9.0,14.0,9.0,9.0,0
SKU017,2026-05-25,actual,5.0,6.0,5.0,5.0,0
SKU017,2026-06-01,actual,8.0,3.0,8.0,8.0,0
SKU017,2026-06-08,actual,9.0,5.0,9.0,9.0,0
SKU017,2026-06-15,actual,11.0,4.0,11.0,11.0,0
SKU018,2024-05-27,actual,3.0,0.0,3.0,3.0,0
SKU018,2024-06-03,actual,10.0,3.0,10.0,10.0,0
SKU018,2024-06-10,actual,1.0,6.5,1.0,1.0,0
SKU018,2024-06-17,actual,8.0,4.666666666666667,8.0,8.0,0
SKU018,2024-06-24,actual,1.0,5.5,1.0,1.0,0
SKU018,2024-07-01,actual,5.0,5.0,5.0,5.0,0
SKU018,2024-07-08,actual,5.0,3.75,5.0,5.0,0
SKU018,2024-07-15,actual,5.0,4.75,5.0,5.0,0
SKU018,2024-07-22,actual,8.0,4.0,8.0,8.0,0
SKU018,2024-07-29,actual,13.0,5.75,13.0,13.0,0
SKU018,2024-08-05,actual,16.0,7.75,16.0,16.0,0
SKU018,2024-08-12,actual,17.0,10.5,17.0,17.0,0
SKU018,2024-08-19,actual,4.0,13.5,4.0,4.0,0
SKU018,2024-08-26,actual,10.0,12.5,10.0,10.0,0
SKU018,2024-09-02,actual,6.0,11.75,6.0,6.0,0
SKU018,2024-09-09,actual,11.0,9.25,11.0,11.0,0
SKU018,2024-09-16,actual,6.0,7.75,6.0,6.0,0
SKU018,2024-09-23,actual,12.0,8.25,12.0,12.0,0
SKU018,2024-09-30,actual,13.0,8.75,13.0,13.0,0
SKU018,2024-10-07,actual,7.0,10.5,7.0,7.0,0
SKU018,2024-10-14,actual,6.0,9.5,6.0,6.0,0
SKU018,2024-10-21,actual,22.0,9.5,22.0,22.0,0
SKU018,2024-10-28,actual,15.0,12.0,15.0,15.0,0
SKU018,2024-11-04,actual,13.0,12.5,13.0,13.0,0
SKU018,2024-11-11,actual,10.0,14.0,10.0,10.0,0
SKU018,2024-11-18,actual,13.0,15.0,13.0,13.0,0
SKU018,2024-11-25,actual,13.0,12.75,13.0,13.0,0
SKU018,2024-12-02,actual,11.0,12.25,11.0,11.0,0
SKU018,2024-12-09,actual,8.0,11.75,8.0,8.0,0
SKU018,2024-12-16,actual,15.0,11.25,15.0,15.0,0
SKU018,2024-12-23,actual,23.0,11.75,23.0,23.0,0
SKU018,2024-12-30,actual,13.0,14.25,13.0,13.0,0
SKU018,2025-01-06,actual,17.0,14.75,17.0,17.0,0
SKU018,2025-01-13,actual,15.0,17.0,15.0,15.0,0
SKU018,2025-01-20,actual,23.0,17.0,23.0,23.0,0
SKU018,2025-01-27,actual,10.0,17.0,10.0,10.0,0
SKU018,2025-02-03,actual,9.0,16.25,9.0,9.0,0
SKU018,2025-02-10,actual,7.0,14.25,7.0,7.0,0
SKU018,2025-02-17,actual,9.0,12.25,9.0,9.0,0
SKU018,2025-02-24,actual,14.0,8.75,14.0,14.0,0
SKU018,2025-03-03,actual,16.0,9.75,16.0,16.0,0
SKU018,2025-03-10,actual,12.0,11.5,12.0,12.0,0
SKU018,2025-03-17,actual,9.0,12.75,9.0,9.0,0
SKU018,2025-03-24,actual,12.0,12.75,12.0,12.0,0
SKU018,2025-03-31,actual,5.0,12.25,5.0,5.0,0
SKU018,2025-04-07,actual,4.0,9.5,4.0,4.0,0
SKU018,2025-04-14,actual,5.0,7.5,5.0,5.0,0
SKU018,2025-04-21,actual,7.0,6.5,7.0,7.0,0
SKU018,2025-04-28,actual,17.0,5.25,17.0,17.0,0
SKU018,2025-05-05,actual,7.0,8.25,7.0,7.0,0
SKU018,2025-05-12,actual,10.0,9.0,10.0,10.0,0
SKU018,2025-05-19,actual,13.0,10.25,13.0,13.0,0
SKU018,2025-05-26,actual,6.0,3.0,6.0,6.0,0
SKU018,2025-06-02,actual,8.0,10.0,8.0,8.0,0
SKU018,2025-06-09,actual,6.0,1.0,6.0,6.0,0
SKU018,2025-06-16,actual,5.0,8.0,5.0,5.0,0
SKU018,2025-06-23,actual,5.0,1.0,5.0,5.0,0
SKU018,2025-06-30,actual,8.0,5.0,8.0,8.0,0
SKU018,2025-07-07,actual,9.0,5.0,9.0,9.0,0
SKU018,2025-07-14,actual,7.0,5.0,7.0,7.0,0
SKU018,2025-07-21,actual,7.0,8.0,7.0,7.0,0
SKU018,2025-07-28,actual,8.0,13.0,8.0,8.0,0
SKU018,2025-08-04,actual,6.0,16.0,6.0,6.0,0
SKU018,2025-08-11,actual,14.0,17.0,14.0,14.0,0
SKU018,2025-08-18,actual,10.0,4.0,10.0,10.0,0
SKU018,2025-08-25,actual,3.0,10.0,3.0,3.0,0
SKU018,2025-09-01,actual,7.0,6.0,7.0,7.0,0
SKU018,2025-09-08,actual,19.0,11.0,19.0,19.0,0
SKU018,2025-09-15,actual,12.0,6.0,12.0,12.0,0
SKU018,2025-09-22,actual,10.0,12.0,10.0,10.0,0
SKU018,2025-09-29,actual,9.0,13.0,9.0,9.0,0
SKU018,2025-10-06,actual,10.0,7.0,10.0,10.0,0
SKU018,2025-10-13,actual,10.0,6.0,10.0,10.0,0
SKU018,2025-10-20,actual,24.0,22.0,24.0,24.0,0
SKU018,2025-10-27,actual,9.0,15.0,9.0,9.0,0
SKU018,2025-11-03,actual,4.0,13.0,4.0,4.0,0
SKU018,2025-11-10,actual,11.0,10.0,11.0,11.0,0
SKU018,2025-11-17,actual,9.0,13.0,9.0,9.0,0
SKU018,2025-11-24,actual,20.0,13.0,20.0,20.0,0
SKU018,2025-12-01,actual,11.0,11.0,11.0,11.0,0
SKU018,2025-12-08,actual,15.0,8.0,15.0,15.0,0
SKU018,2025-12-15,actual,16.0,15.0,16.0,16.0,0
SKU018,2025-12-22,actual,19.0,23.0,19.0,19.0,0
SKU018,2025-12-29,actual,16.0,13.0,16.0,16.0,0
SKU018,2026-01-05,actual,5.0,17.0,5.0,5.0,0
SKU018,2026-01-12,actual,12.0,15.0,12.0,12.0,0
SKU018,2026-01-19,actual,24.0,23.0,24.0,24.0,0
SKU018,2026-01-26,actual,14.0,10.0,14.0,14.0,0
SKU018,2026-02-02,actual,16.0,9.0,16.0,16.0,0
SKU018,2026-02-09,actual,10.0,7.0,10.0,10.0,0
SKU018,2026-02-16,actual,10.0,9.0,10.0,10.0,0
SKU018,2026-02-23,actual,6.0,14.0,6.0,6.0,0
SKU018,2026-03-02,actual,11.0,16.0,11.0,11.0,0
SKU018,2026-03-09,actual,6.0,12.0,6.0,6.0,0
SKU018,2026-03-16,actual,7.0,9.0,7.0,7.0,0
SKU018,2026-03-23,actual,5.0,12.0,5.0,5.0,0
SKU018,2026-03-30,actual,7.0,5.0,7.0,7.0,0
SKU018,2026-04-06,actual,8.0,4.0,8.0,8.0,0
SKU018,2026-04-13,actual,8.0,5.0,8.0,8.0,0
SKU018,2026-04-20,actual,9.0,7.0,9.0,9.0,0
SKU018,2026-04-27,actual,14.0,17.0,14.0,14.0,0
SKU018,2026-05-04,actual,7.0,7.0,7.0,7.0,0
SKU018,2026-05-11,actual,4.0,10.0,4.0,4.0,0
SKU018,2026-05-18,actual,7.0,13.0,7.0,7.0,0
SKU018,2026-05-25,actual,5.0,6.0,5.0,5.0,0
SKU018,2026-06-01,actual,9.0,8.0,9.0,9.0,0
SKU018,2026-06-08,actual,5.0,6.0,5.0,5.0,0
SKU018,2026-06-15,actual,8.0,5.0,8.0,8.0,0
SKU019,2024-10-14,actual,8.0,0.0,8.0,8.0,0
SKU019,2024-10-21,actual,70.0,8.0,70.0,70.0,0
SKU019,2024-10-28,actual,31.0,39.0,31.0,31.0,0
SKU019,2024-11-04,actual,28.0,36.333333333333336,28.0,28.0,0
SKU019,2024-11-11,actual,41.0,34.25,41.0,41.0,0
SKU019,2024-11-18,actual,28.0,42.5,28.0,28.0,0
SKU019,2024-11-25,actual,33.0,32.0,33.0,33.0,0
SKU019,2024-12-02,actual,29.0,32.5,29.0,29.0,0
SKU019,2024-12-09,actual,39.0,32.75,39.0,39.0,0
SKU019,2024-12-16,actual,42.0,32.25,42.0,42.0,0
SKU019,2024-12-23,actual,78.0,35.75,78.0,78.0,0
SKU019,2024-12-30,actual,42.0,47.0,42.0,42.0,0
SKU019,2025-01-06,actual,37.0,50.25,37.0,37.0,0
SKU019,2025-01-13,actual,41.0,49.75,41.0,41.0,0
SKU019,2025-01-20,actual,86.0,49.5,86.0,86.0,0
SKU019,2025-01-27,actual,59.0,51.5,59.0,59.0,0
SKU019,2025-02-03,actual,42.0,55.75,42.0,42.0,0
SKU019,2025-02-10,actual,39.0,57.0,39.0,39.0,0
SKU019,2025-02-17,actual,51.0,56.5,51.0,51.0,0
SKU019,2025-02-24,actual,43.0,47.75,43.0,43.0,0
SKU019,2025-03-03,actual,37.0,43.75,37.0,37.0,0
SKU019,2025-03-10,actual,36.0,42.5,36.0,36.0,0
SKU019,2025-03-17,actual,50.0,41.75,50.0,50.0,0
SKU019,2025-03-24,actual,36.0,41.5,36.0,36.0,0
SKU019,2025-03-31,actual,29.0,39.75,29.0,29.0,0
SKU019,2025-04-07,actual,30.0,37.75,30.0,30.0,0
SKU019,2025-04-14,actual,29.0,36.25,29.0,29.0,0
SKU019,2025-04-21,actual,31.0,31.0,31.0,31.0,0
SKU019,2025-04-28,actual,77.0,29.75,77.0,77.0,0
SKU019,2025-05-05,actual,35.0,41.75,35.0,35.0,0
SKU019,2025-05-12,actual,23.0,43.0,23.0,23.0,0
SKU019,2025-05-19,actual,34.0,41.5,34.0,34.0,0
SKU019,2025-05-26,actual,26.0,42.25,26.0,26.0,0
SKU019,2025-06-02,actual,33.0,29.5,33.0,33.0,0
SKU019,2025-06-09,actual,31.0,29.0,31.0,31.0,0
SKU019,2025-06-16,actual,24.0,31.0,24.0,24.0,0
SKU019,2025-06-23,actual,22.0,28.5,22.0,22.0,0
SKU019,2025-06-30,actual,19.0,27.5,19.0,19.0,0
SKU019,2025-07-07,actual,26.0,24.0,26.0,26.0,0
SKU019,2025-07-14,actual,25.0,22.75,25.0,25.0,0
SKU019,2025-07-21,actual,14.0,23.0,14.0,14.0,0
SKU019,2025-07-28,actual,20.0,21.0,20.0,20.0,0
SKU019,2025-08-04,actual,15.0,21.25,15.0,15.0,0
SKU019,2025-08-11,actual,50.0,18.5,50.0,50.0,0
SKU019,2025-08-18,actual,19.0,24.75,19.0,19.0,0
SKU019,2025-08-25,actual,20.0,26.0,20.0,20.0,0
SKU019,2025-09-01,actual,36.0,26.0,36.0,36.0,0
SKU019,2025-09-08,actual,28.0,31.25,28.0,28.0,0
SKU019,2025-09-15,actual,22.0,25.75,22.0,22.0,0
SKU019,2025-09-22,actual,25.0,26.5,25.0,25.0,0
SKU019,2025-09-29,actual,32.0,27.75,32.0,32.0,0
SKU019,2025-10-06,actual,25.0,26.75,25.0,25.0,0
SKU019,2025-10-13,actual,31.0,8.0,31.0,31.0,0
SKU019,2025-10-20,actual,89.0,70.0,89.0,89.0,0
SKU019,2025-10-27,actual,35.0,31.0,35.0,35.0,0
SKU019,2025-11-03,actual,32.0,28.0,32.0,32.0,0
SKU019,2025-11-10,actual,28.0,41.0,28.0,28.0,0
SKU019,2025-11-17,actual,34.0,28.0,34.0,34.0,0
SKU019,2025-11-24,actual,36.0,33.0,36.0,36.0,0
SKU019,2025-12-01,actual,33.0,29.0,33.0,33.0,0
SKU019,2025-12-08,actual,32.0,39.0,32.0,32.0,0
SKU019,2025-12-15,actual,40.0,42.0,40.0,40.0,0
SKU019,2025-12-22,actual,93.0,78.0,93.0,93.0,0
SKU019,2025-12-29,actual,44.0,42.0,44.0,44.0,0
SKU019,2026-01-05,actual,48.0,37.0,48.0,48.0,0
SKU019,2026-01-12,actual,44.0,41.0,44.0,44.0,0
SKU019,2026-01-19,actual,77.0,86.0,77.0,77.0,0
SKU019,2026-01-26,actual,68.0,59.0,68.0,68.0,0
SKU019,2026-02-02,actual,35.0,42.0,35.0,35.0,0
SKU019,2026-02-09,actual,39.0,39.0,39.0,39.0,0
SKU019,2026-02-16,actual,40.0,51.0,40.0,40.0,0
SKU019,2026-02-23,actual,53.0,43.0,53.0,53.0,0
SKU019,2026-03-02,actual,25.0,37.0,25.0,25.0,0
SKU019,2026-03-09,actual,40.0,36.0,40.0,40.0,0
SKU019,2026-03-16,actual,33.0,50.0,33.0,33.0,0
SKU019,2026-03-23,actual,41.0,36.0,41.0,41.0,0
SKU019,2026-03-30,actual,42.0,29.0,42.0,42.0,0
SKU019,2026-04-06,actual,44.0,30.0,44.0,44.0,0
SKU019,2026-04-13,actual,38.0,29.0,38.0,38.0,0
SKU019,2026-04-20,actual,36.0,31.0,36.0,36.0,0
SKU019,2026-04-27,actual,51.0,77.0,51.0,51.0,0
SKU019,2026-05-04,actual,56.0,35.0,56.0,56.0,0
SKU019,2026-05-11,actual,31.0,23.0,31.0,31.0,0
SKU019,2026-05-18,actual,38.0,34.0,38.0,38.0,0
SKU019,2026-05-25,actual,32.0,26.0,32.0,32.0,0
SKU019,2026-06-01,actual,30.0,33.0,30.0,30.0,0
SKU019,2026-06-08,actual,35.0,31.0,35.0,35.0,0
SKU019,2026-06-15,actual,32.0,24.0,32.0,32.0,0
SKU020,2024-05-27,actual,19.0,0.0,19.0,19.0,0
SKU020,2024-06-03,actual,34.0,19.0,34.0,34.0,0
SKU020,2024-06-10,actual,37.0,26.5,37.0,37.0,0
SKU020,2024-06-17,actual,38.0,30.0,38.0,38.0,0
SKU020,2024-06-24,actual,36.0,32.0,36.0,36.0,0
SKU020,2024-07-01,actual,42.0,36.25,42.0,42.0,0
SKU020,2024-07-08,actual,31.0,38.25,31.0,31.0,0
SKU020,2024-07-15,actual,31.0,36.75,31.0,31.0,0
SKU020,2024-07-22,actual,42.0,35.0,42.0,42.0,0
SKU020,2024-07-29,actual,25.0,36.5,25.0,25.0,0
SKU020,2024-08-05,actual,29.0,32.25,29.0,29.0,0
SKU020,2024-08-12,actual,37.0,31.75,37.0,37.0,0
SKU020,2024-08-19,actual,23.0,33.25,23.0,23.0,0
SKU020,2024-08-26,actual,26.0,28.5,26.0,26.0,0
SKU020,2024-09-02,actual,28.0,28.75,28.0,28.0,0
SKU020,2024-09-09,actual,21.0,28.5,21.0,21.0,0
SKU020,2024-09-16,actual,29.0,24.5,29.0,29.0,0
SKU020,2024-09-23,actual,19.0,26.0,19.0,19.0,0
SKU020,2024-09-30,actual,30.0,24.25,30.0,30.0,0
SKU020,2024-10-07,actual,24.0,24.75,24.0,24.0,0
SKU020,2024-10-14,actual,19.0,25.5,19.0,19.0,0
SKU020,2024-10-21,actual,39.0,23.0,39.0,39.0,0
SKU020,2024-10-28,actual,21.0,28.0,21.0,21.0,0
SKU020,2024-11-04,actual,20.0,25.75,20.0,20.0,0
SKU020,2024-11-11,actual,32.0,24.75,32.0,32.0,0
SKU020,2024-11-18,actual,23.0,28.0,23.0,23.0,0
SKU020,2024-11-25,actual,19.0,24.0,19.0,19.0,0
SKU020,2024-12-02,actual,19.0,23.5,19.0,19.0,0
SKU020,2024-12-09,actual,27.0,23.25,27.0,27.0,0
SKU020,2024-12-16,actual,29.0,22.0,29.0,29.0,0
SKU020,2024-12-23,actual,33.0,23.5,33.0,33.0,0
SKU020,2024-12-30,actual,36.0,27.0,36.0,36.0,0
SKU020,2025-01-06,actual,34.0,31.25,34.0,34.0,0
SKU020,2025-01-13,actual,29.0,33.0,29.0,29.0,0
SKU020,2025-01-20,actual,49.0,33.0,49.0,49.0,0
SKU020,2025-01-27,actual,38.0,37.0,38.0,38.0,0
SKU020,2025-02-03,actual,37.0,37.5,37.0,37.0,0
SKU020,2025-02-10,actual,21.0,38.25,21.0,21.0,0
SKU020,2025-02-17,actual,28.0,36.25,28.0,28.0,0
SKU020,2025-02-24,actual,44.0,31.0,44.0,44.0,0
SKU020,2025-03-03,actual,33.0,32.5,33.0,33.0,0
SKU020,2025-03-10,actual,39.0,31.5,39.0,39.0,0
SKU020,2025-03-17,actual,35.0,36.0,35.0,35.0,0
SKU020,2025-03-24,actual,40.0,37.75,40.0,40.0,0
SKU020,2025-03-31,actual,35.0,36.75,35.0,35.0,0
SKU020,2025-04-07,actual,45.0,37.25,45.0,45.0,0
SKU020,2025-04-14,actual,44.0,38.75,44.0,44.0,0
SKU020,2025-04-21,actual,36.0,41.0,36.0,36.0,0
SKU020,2025-04-28,actual,67.0,40.0,67.0,67.0,0
SKU020,2025-05-05,actual,53.0,48.0,53.0,53.0,0
SKU020,2025-05-12,actual,33.0,50.0,33.0,33.0,0
SKU020,2025-05-19,actual,41.0,47.25,41.0,41.0,0
SKU020,2025-05-26,actual,50.0,19.0,50.0,50.0,0
SKU020,2025-06-02,actual,48.0,34.0,48.0,48.0,0
SKU020,2025-06-09,actual,41.0,37.0,41.0,41.0,0
SKU020,2025-06-16,actual,35.0,38.0,35.0,35.0,0
SKU020,2025-06-23,actual,32.0,36.0,32.0,32.0,0
SKU020,2025-06-30,actual,41.0,42.0,41.0,41.0,0
SKU020,2025-07-07,actual,29.0,31.0,29.0,29.0,0
SKU020,2025-07-14,actual,33.0,31.0,33.0,33.0,0
SKU020,2025-07-21,actual,28.0,42.0,28.0,28.0,0
SKU020,2025-07-28,actual,24.0,25.0,24.0,24.0,0
SKU020,2025-08-04,actual,32.0,29.0,32.0,32.0,0
SKU020,2025-08-11,actual,54.0,37.0,54.0,54.0,0
SKU020,2025-08-18,actual,26.0,23.0,26.0,26.0,0
SKU020,2025-08-25,actual,19.0,26.0,19.0,19.0,0
SKU020,2025-09-01,actual,21.0,28.0,21.0,21.0,0
SKU020,2025-09-08,actual,33.0,21.0,33.0,33.0,0
SKU020,2025-09-15,actual,21.0,29.0,21.0,21.0,0
SKU020,2025-09-22,actual,19.0,19.0,19.0,19.0,0
SKU020,2025-09-29,actual,33.0,30.0,33.0,33.0,0
SKU020,2025-10-06,actual,24.0,24.0,24.0,24.0,0
SKU020,2025-10-13,actual,20.0,19.0,20.0,20.0,0
SKU020,2025-10-20,actual,34.0,39.0,34.0,34.0,0
SKU020,2025-10-27,actual,23.0,21.0,23.0,23.0,0
SKU020,2025-11-03,actual,12.0,20.0,12.0,12.0,0
SKU020,2025-11-10,actual,18.0,32.0,18.0,18.0,0
SKU020,2025-11-17,actual,33.0,23.0,33.0,33.0,0
SKU020,2025-11-24,actual,20.0,19.0,20.0,20.0,0
SKU020,2025-12-01,actual,19.0,19.0,19.0,19.0,0
SKU020,2025-12-08,actual,24.0,27.0,24.0,24.0,0
SKU020,2025-12-15,actual,21.0,29.0,21.0,21.0,0
SKU020,2025-12-22,actual,51.0,33.0,51.0,51.0,0
SKU020,2025-12-29,actual,29.0,36.0,29.0,29.0,0
SKU020,2026-01-05,actual,25.0,34.0,25.0,25.0,0
SKU020,2026-01-12,actual,27.0,29.0,27.0,27.0,0
SKU020,2026-01-19,actual,21.0,49.0,21.0,21.0,0
SKU020,2026-01-26,actual,40.0,38.0,40.0,40.0,0
SKU020,2026-02-02,actual,22.0,37.0,22.0,22.0,0
SKU020,2026-02-09,actual,24.0,21.0,24.0,24.0,0
SKU020,2026-02-16,actual,30.0,28.0,30.0,30.0,0
SKU020,2026-02-23,actual,31.0,44.0,31.0,31.0,0
SKU020,2026-03-02,actual,40.0,33.0,40.0,40.0,0
SKU020,2026-03-09,actual,35.0,39.0,35.0,35.0,0
SKU020,2026-03-16,actual,45.0,35.0,45.0,45.0,0
SKU020,2026-03-23,actual,40.0,40.0,40.0,40.0,0
SKU020,2026-03-30,actual,37.0,35.0,37.0,37.0,0
SKU020,2026-04-06,actual,40.0,45.0,40.0,40.0,0
SKU020,2026-04-13,actual,36.0,44.0,36.0,36.0,0
SKU020,2026-04-20,actual,36.0,36.0,36.0,36.0,0
SKU020,2026-04-27,actual,58.0,67.0,58.0,58.0,0
SKU020,2026-05-04,actual,38.0,53.0,38.0,38.0,0
SKU020,2026-05-11,actual,42.0,33.0,42.0,42.0,0
SKU020,2026-05-18,actual,52.0,41.0,52.0,52.0,0
SKU020,2026-05-25,actual,49.0,50.0,49.0,49.0,0
SKU020,2026-06-01,actual,46.0,48.0,46.0,46.0,0
SKU020,2026-06-08,actual,37.0,41.0,37.0,37.0,0
SKU020,2026-06-15,actual,34.0,35.0,34.0,34.0,0
SKU021,2024-05-27,actual,1.0,0.0,1.0,1.0,0
SKU021,2024-06-03,actual,13.0,1.0,13.0,13.0,0
SKU021,2024-06-10,actual,16.0,7.0,16.0,16.0,0
SKU021,2024-06-17,actual,12.0,10.0,12.0,12.0,0
SKU021,2024-06-24,actual,11.0,10.5,11.0,11.0,0
SKU021,2024-07-01,actual,15.0,13.0,15.0,15.0,0
SKU021,2024-07-08,actual,11.0,13.5,11.0,11.0,0
SKU021,2024-07-15,actual,9.0,12.25,9.0,9.0,0
SKU021,2024-07-22,actual,9.0,11.5,9.0,9.0,0
SKU021,2024-07-29,actual,14.0,11.0,14.0,14.0,0
SKU021,2024-08-05,actual,13.0,10.75,13.0,13.0,0
SKU021,2024-08-12,actual,22.0,11.25,22.0,22.0,0
SKU021,2024-08-19,actual,12.0,14.5,12.0,12.0,0
SKU021,2024-08-26,actual,9.0,15.25,9.0,9.0,0
SKU021,2024-09-02,actual,17.0,14.0,17.0,17.0,0
SKU021,2024-09-09,actual,14.0,15.0,14.0,14.0,0
SKU021,2024-09-16,actual,16.0,13.0,16.0,16.0,0
SKU021,2024-09-23,actual,17.0,14.0,17.0,17.0,0
SKU021,2024-09-30,actual,13.0,16.0,13.0,13.0,0
SKU021,2024-10-07,actual,18.0,15.0,18.0,18.0,0
SKU021,2024-10-14,actual,18.0,16.0,18.0,18.0,0
SKU021,2024-10-21,actual,40.0,16.5,40.0,40.0,0
SKU021,2024-10-28,actual,14.0,22.25,14.0,14.0,0
SKU021,2024-11-04,actual,23.0,22.5,23.0,23.0,0
SKU021,2024-11-11,actual,16.0,23.75,16.0,16.0,0
SKU021,2024-11-18,actual,16.0,23.25,16.0,16.0,0
SKU021,2024-11-25,actual,27.0,17.25,27.0,27.0,0
SKU021,2024-12-02,actual,19.0,20.5,19.0,19.0,0
SKU021,2024-12-09,actual,11.0,19.5,11.0,11.0,0
SKU021,2024-12-16,actual,25.0,18.25,25.0,25.0,0
SKU021,2024-12-23,actual,41.0,20.5,41.0,41.0,0
SKU021,2024-12-30,actual,29.0,24.0,29.0,29.0,0
SKU021,2025-01-06,actual,14.0,26.5,14.0,14.0,0
SKU021,2025-01-13,actual,16.0,27.25,16.0,16.0,0
SKU021,2025-01-20,actual,38.0,25.0,38.0,38.0,0
SKU021,2025-01-27,actual,36.0,24.25,36.0,36.0,0
SKU021,2025-02-03,actual,19.0,26.0,19.0,19.0,0
SKU021,2025-02-10,actual,24.0,27.25,24.0,24.0,0
SKU021,2025-02-17,actual,23.0,29.25,23.0,23.0,0
SKU021,2025-02-24,actual,17.0,25.5,17.0,17.0,0
SKU021,2025-03-03,actual,17.0,20.75,17.0,17.0,0
SKU021,2025-03-10,actual,15.0,20.25,15.0,15.0,0
SKU021,2025-03-17,actual,18.0,18.0,18.0,18.0,0
SKU021,2025-03-24,actual,10.0,16.75,10.0,10.0,0
SKU021,2025-03-31,actual,13.0,15.0,13.0,13.0,0
SKU021,2025-04-07,actual,8.0,14.0,8.0,8.0,0
SKU021,2025-04-14,actual,18.0,12.25,18.0,18.0,0
SKU021,2025-04-21,actual,10.0,12.25,10.0,10.0,0
SKU021,2025-04-28,actual,18.0,12.25,18.0,18.0,0
SKU021,2025-05-05,actual,19.0,13.5,19.0,19.0,0
SKU021,2025-05-12,actual,13.0,16.25,13.0,13.0,0
SKU021,2025-05-19,actual,10.0,15.0,10.0,10.0,0
SKU021,2025-05-26,actual,16.0,1.0,16.0,16.0,0
SKU021,2025-06-02,actual,9.0,13.0,9.0,9.0,0
SKU021,2025-06-09,actual,9.0,16.0,9.0,9.0,0
SKU021,2025-06-16,actual,15.0,12.0,15.0,15.0,0
SKU021,2025-06-23,actual,16.0,11.0,16.0,16.0,0
SKU021,2025-06-30,actual,8.0,15.0,8.0,8.0,0
SKU021,2025-07-07,actual,3.0,11.0,3.0,3.0,0
SKU021,2025-07-14,actual,10.0,9.0,10.0,10.0,0
SKU021,2025-07-21,actual,13.0,9.0,13.0,13.0,0
SKU021,2025-07-28,actual,6.0,14.0,6.0,6.0,0
SKU021,2025-08-04,actual,13.0,13.0,13.0,13.0,0
SKU021,2025-08-11,actual,30.0,22.0,30.0,30.0,0
SKU021,2025-08-18,actual,13.0,12.0,13.0,13.0,0
SKU021,2025-08-25,actual,11.0,9.0,11.0,11.0,0
SKU021,2025-09-01,actual,8.0,17.0,8.0,8.0,0
SKU021,2025-09-08,actual,18.0,14.0,18.0,18.0,0
SKU021,2025-09-15,actual,16.0,16.0,16.0,16.0,0
SKU021,2025-09-22,actual,13.0,17.0,13.0,13.0,0
SKU021,2025-09-29,actual,15.0,13.0,15.0,15.0,0
SKU021,2025-10-06,actual,12.0,18.0,12.0,12.0,0
SKU021,2025-10-13,actual,18.0,18.0,18.0,18.0,0
SKU021,2025-10-20,actual,48.0,40.0,48.0,48.0,0
SKU021,2025-10-27,actual,12.0,14.0,12.0,12.0,0
SKU021,2025-11-03,actual,21.0,23.0,21.0,21.0,0
SKU021,2025-11-10,actual,23.0,16.0,23.0,23.0,0
SKU021,2025-11-17,actual,28.0,16.0,28.0,28.0,0
SKU021,2025-11-24,actual,16.0,27.0,16.0,16.0,0
SKU021,2025-12-01,actual,15.0,19.0,15.0,15.0,0
SKU021,2025-12-08,actual,18.0,11.0,18.0,18.0,0
SKU021,2025-12-15,actual,22.0,25.0,22.0,22.0,0
SKU021,2025-12-22,actual,50.0,41.0,50.0,50.0,0
SKU021,2025-12-29,actual,17.0,29.0,17.0,17.0,0
SKU021,2026-01-05,actual,13.0,14.0,13.0,13.0,0
SKU021,2026-01-12,actual,20.0,16.0,20.0,20.0,0
SKU021,2026-01-19,actual,29.0,38.0,29.0,29.0,0
SKU021,2026-01-26,actual,32.0,36.0,32.0,32.0,0
SKU021,2026-02-02,actual,20.0,19.0,20.0,20.0,0
SKU021,2026-02-09,actual,12.0,24.0,12.0,12.0,0
SKU021,2026-02-16,actual,18.0,23.0,18.0,18.0,0
SKU021,2026-02-23,actual,19.0,17.0,19.0,19.0,0
SKU021,2026-03-02,actual,17.0,17.0,17.0,17.0,0
SKU021,2026-03-09,actual,14.0,15.0,14.0,14.0,0
SKU021,2026-03-16,actual,21.0,18.0,21.0,21.0,0
SKU021,2026-03-23,actual,18.0,10.0,18.0,18.0,0
SKU021,2026-03-30,actual,12.0,13.0,12.0,12.0,0
SKU021,2026-04-06,actual,14.0,8.0,14.0,14.0,0
SKU021,2026-04-13,actual,7.0,18.0,7.0,7.0,0
SKU021,2026-04-20,actual,18.0,10.0,18.0,18.0,0
SKU021,2026-04-27,actual,19.0,18.0,19.0,19.0,0
SKU021,2026-05-04,actual,16.0,19.0,16.0,16.0,0
SKU021,2026-05-11,actual,15.0,13.0,15.0,15.0,0
SKU021,2026-05-18,actual,9.0,10.0,9.0,9.0,0
SKU021,2026-05-25,actual,12.0,16.0,12.0,12.0,0
SKU021,2026-06-01,actual,13.0,9.0,13.0,13.0,0
SKU021,2026-06-08,actual,10.0,9.0,10.0,10.0,0
SKU021,2026-06-15,actual,13.0,15.0,13.0,13.0,0
SKU022,2025-10-20,actual,12.0,0.0,12.0,12.0,0
SKU022,2025-10-27,actual,5.0,12.0,5.0,5.0,0
SKU022,2025-11-03,actual,10.0,8.5,10.0,10.0,0
SKU022,2025-11-10,actual,9.0,9.0,9.0,9.0,0
SKU022,2025-11-17,actual,10.0,9.0,10.0,10.0,0
SKU022,2025-11-24,actual,12.0,8.5,12.0,12.0,0
SKU022,2025-12-01,actual,9.0,10.25,9.0,9.0,0
SKU022,2025-12-08,actual,10.0,10.0,10.0,10.0,0
SKU022,2025-12-15,actual,9.0,10.25,9.0,9.0,0
SKU022,2025-12-22,actual,12.0,10.0,12.0,12.0,0
SKU022,2025-12-29,actual,6.0,10.0,6.0,6.0,0
SKU022,2026-01-05,actual,9.0,9.25,9.0,9.0,0
SKU022,2026-01-12,actual,7.0,9.0,7.0,7.0,0
SKU022,2026-01-19,actual,13.0,8.5,13.0,13.0,0
SKU022,2026-01-26,actual,13.0,8.75,13.0,13.0,0
SKU022,2026-02-02,actual,9.0,10.5,9.0,9.0,0
SKU022,2026-02-09,actual,12.0,10.5,12.0,12.0,0
SKU022,2026-02-16,actual,9.0,11.75,9.0,9.0,0
SKU022,2026-02-23,actual,8.0,10.75,8.0,8.0,0
SKU022,2026-03-02,actual,13.0,9.5,13.0,13.0,0
SKU022,2026-03-09,actual,9.0,10.5,9.0,9.0,0
SKU022,2026-03-16,actual,16.0,9.75,16.0,16.0,0
SKU022,2026-03-23,actual,10.0,11.5,10.0,10.0,0
SKU022,2026-03-30,actual,15.0,12.0,15.0,15.0,0
SKU022,2026-04-06,actual,21.0,12.5,21.0,21.0,0
SKU022,2026-04-13,actual,9.0,15.5,9.0,9.0,0
SKU022,2026-04-20,actual,12.0,13.75,12.0,12.0,0
SKU022,2026-04-27,actual,27.0,14.25,27.0,27.0,0
SKU022,2026-05-04,actual,19.0,17.25,19.0,19.0,0
SKU022,2026-05-11,actual,19.0,16.75,19.0,19.0,0
SKU022,2026-05-18,actual,13.0,19.25,13.0,13.0,0
SKU022,2026-05-25,actual,12.0,19.5,12.0,12.0,0
SKU022,2026-06-01,actual,19.0,15.75,19.0,19.0,0
SKU022,2026-06-08,actual,10.0,15.75,10.0,10.0,0
SKU022,2026-06-15,actual,9.0,13.5,9.0,9.0,0
SKU023,2024-10-14,actual,15.0,0.0,15.0,15.0,0
SKU023,2024-10-21,actual,38.0,15.0,38.0,38.0,0
SKU023,2024-10-28,actual,26.0,26.5,26.0,26.0,0
SKU023,2024-11-04,actual,25.0,26.333333333333332,25.0,25.0,0
SKU023,2024-11-11,actual,23.0,26.0,23.0,23.0,0
SKU023,2024-11-18,actual,29.0,28.0,29.0,29.0,0
SKU023,2024-11-25,actual,31.0,25.75,31.0,31.0,0
SKU023,2024-12-02,actual,31.0,27.0,31.0,31.0,0
SKU023,2024-12-09,actual,41.0,28.5,41.0,41.0,0
SKU023,2024-12-16,actual,34.0,33.0,34.0,34.0,0
SKU023,2024-12-23,actual,60.0,34.25,60.0,60.0,0
SKU023,2024-12-30,actual,28.0,41.5,28.0,28.0,0
SKU023,2025-01-06,actual,42.0,40.75,42.0,42.0,0
SKU023,2025-01-13,actual,35.0,41.0,35.0,35.0,0
SKU023,2025-01-20,actual,74.0,41.25,74.0,74.0,0
SKU023,2025-01-27,actual,31.0,44.75,31.0,31.0,0
SKU023,2025-02-03,actual,26.0,45.5,26.0,26.0,0
SKU023,2025-02-10,actual,33.0,41.5,33.0,33.0,0
SKU023,2025-02-17,actual,29.0,41.0,29.0,29.0,0
SKU023,2025-02-24,actual,20.0,29.75,20.0,20.0,0
SKU023,2025-03-03,actual,34.0,27.0,34.0,34.0,0
SKU023,2025-03-10,actual,30.0,29.0,30.0,30.0,0
SKU023,2025-03-17,actual,34.0,28.25,34.0,34.0,0
SKU023,2025-03-24,actual,27.0,29.5,27.0,27.0,0
SKU023,2025-03-31,actual,33.0,31.25,33.0,33.0,0
SKU023,2025-04-07,actual,23.0,31.0,23.0,23.0,0
SKU023,2025-04-14,actual,26.0,29.25,26.0,26.0,0
SKU023,2025-04-21,actual,19.0,27.25,19.0,19.0,0
SKU023,2025-04-28,actual,31.0,25.25,31.0,31.0,0
SKU023,2025-05-05,actual,30.0,24.75,30.0,30.0,0
SKU023,2025-05-12,actual,22.0,26.5,22.0,22.0,0
SKU023,2025-05-19,actual,21.0,25.5,21.0,21.0,0
SKU023,2025-05-26,actual,25.0,26.0,25.0,25.0,0
SKU023,2025-06-02,actual,19.0,24.5,19.0,19.0,0
SKU023,2025-06-09,actual,13.0,21.75,13.0,13.0,0
SKU023,2025-06-16,actual,14.0,19.5,14.0,14.0,0
SKU023,2025-06-23,actual,25.0,17.75,25.0,25.0,0
SKU023,2025-06-30,actual,20.0,17.75,20.0,20.0,0
SKU023,2025-07-07,actual,22.0,18.0,22.0,22.0,0
SKU023,2025-07-14,actual,17.0,20.25,17.0,17.0,0
SKU023,2025-07-21,actual,24.0,21.0,24.0,24.0,0
SKU023,2025-07-28,actual,19.0,20.75,19.0,19.0,0
SKU023,2025-08-04,actual,10.0,20.5,10.0,10.0,0
SKU023,2025-08-11,actual,35.0,17.5,35.0,35.0,0
SKU023,2025-08-18,actual,22.0,22.0,22.0,22.0,0
SKU023,2025-08-25,actual,14.0,21.5,14.0,14.0,0
SKU023,2025-09-01,actual,15.0,20.25,15.0,15.0,0
SKU023,2025-09-08,actual,18.0,21.5,18.0,18.0,0
SKU023,2025-09-15,actual,15.0,17.25,15.0,15.0,0
SKU023,2025-09-22,actual,24.0,15.5,24.0,24.0,0
SKU023,2025-09-29,actual,24.0,18.0,24.0,24.0,0
SKU023,2025-10-06,actual,22.0,20.25,22.0,22.0,0
SKU023,2025-10-13,actual,19.0,15.0,19.0,19.0,0
SKU023,2025-10-20,actual,52.0,38.0,52.0,52.0,0
SKU023,2025-10-27,actual,27.0,26.0,27.0,27.0,0
SKU023,2025-11-03,actual,22.0,25.0,22.0,22.0,0
SKU023,2025-11-10,actual,20.0,23.0,20.0,20.0,0
SKU023,2025-11-17,actual,20.0,29.0,20.0,20.0,0
SKU023,2025-11-24,actual,35.0,31.0,35.0,35.0,0
SKU023,2025-12-01,actual,31.0,31.0,31.0,31.0,0
SKU023,2025-12-08,actual,31.0,41.0,31.0,31.0,0
SKU023,2025-12-15,actual,33.0,34.0,33.0,33.0,0
SKU023,2025-12-22,actual,85.0,60.0,85.0,85.0,0
SKU023,2025-12-29,actual,39.0,28.0,39.0,39.0,0
SKU023,2026-01-05,actual,29.0,42.0,29.0,29.0,0
SKU023,2026-01-12,actual,28.0,35.0,28.0,28.0,0
SKU023,2026-01-19,actual,46.0,74.0,46.0,46.0,0
SKU023,2026-01-26,actual,57.0,31.0,57.0,57.0,0
SKU023,2026-02-02,actual,39.0,26.0,39.0,39.0,0
SKU023,2026-02-09,actual,34.0,33.0,34.0,34.0,0
SKU023,2026-02-16,actual,33.0,29.0,33.0,33.0,0
SKU023,2026-02-23,actual,21.0,20.0,21.0,21.0,0
SKU023,2026-03-02,actual,29.0,34.0,29.0,29.0,0
SKU023,2026-03-09,actual,30.0,30.0,30.0,30.0,0
SKU023,2026-03-16,actual,30.0,34.0,30.0,30.0,0
SKU023,2026-03-23,actual,28.0,27.0,28.0,28.0,0
SKU023,2026-03-30,actual,24.0,33.0,24.0,24.0,0
SKU023,2026-04-06,actual,29.0,23.0,29.0,29.0,0
SKU023,2026-04-13,actual,27.0,26.0,27.0,27.0,0
SKU023,2026-04-20,actual,33.0,19.0,33.0,33.0,0
SKU023,2026-04-27,actual,35.0,31.0,35.0,35.0,0
SKU023,2026-05-04,actual,23.0,30.0,23.0,23.0,0
SKU023,2026-05-11,actual,33.0,22.0,33.0,33.0,0
SKU023,2026-05-18,actual,29.0,21.0,29.0,29.0,0
SKU023,2026-05-25,actual,15.0,25.0,15.0,15.0,0
SKU023,2026-06-01,actual,27.0,19.0,27.0,27.0,0
SKU023,2026-06-08,actual,12.0,13.0,12.0,12.0,0
SKU023,2026-06-15,actual,17.0,14.0,17.0,17.0,0
SKU024,2024-11-25,actual,6.0,0.0,6.0,6.0,0
SKU024,2024-12-02,actual,12.0,6.0,12.0,12.0,0
SKU024,2024-12-09,actual,15.0,9.0,15.0,15.0,0
SKU024,2024-12-16,actual,13.0,11.0,13.0,13.0,0
SKU024,2024-12-23,actual,20.0,11.5,20.0,20.0,0
SKU024,2024-12-30,actual,14.0,15.0,14.0,14.0,0
SKU024,2025-01-06,actual,9.0,15.5,9.0,9.0,0
SKU024,2025-01-13,actual,13.0,14.0,13.0,13.0,0
SKU024,2025-01-20,actual,13.0,14.0,13.0,13.0,0
SKU024,2025-01-27,actual,11.0,12.25,11.0,11.0,0
SKU024,2025-02-03,actual,12.0,11.5,12.0,12.0,0
SKU024,2025-02-10,actual,10.0,12.25,10.0,10.0,0
SKU024,2025-02-17,actual,6.0,11.5,6.0,6.0,0
SKU024,2025-02-24,actual,9.0,9.75,9.0,9.0,0
SKU024,2025-03-03,actual,8.0,9.25,8.0,8.0,0
SKU024,2025-03-10,actual,11.0,8.25,11.0,11.0,0
SKU024,2025-03-17,actual,12.0,8.5,12.0,12.0,0
SKU024,2025-03-24,actual,11.0,10.0,11.0,11.0,0
SKU024,2025-03-31,actual,10.0,10.5,10.0,10.0,0
SKU024,2025-04-07,actual,10.0,11.0,10.0,10.0,0
SKU024,2025-04-14,actual,10.0,10.75,10.0,10.0,0
SKU024,2025-04-21,actual,6.0,10.25,6.0,6.0,0
SKU024,2025-04-28,actual,10.0,9.0,10.0,10.0,0
SKU024,2025-05-05,actual,4.0,9.0,4.0,4.0,0
SKU024,2025-05-12,actual,7.0,7.5,7.0,7.0,0
SKU024,2025-05-19,actual,8.0,6.75,8.0,8.0,0
SKU024,2025-05-26,actual,8.0,7.25,8.0,8.0,0
SKU024,2025-06-02,actual,4.0,6.75,4.0,4.0,0
SKU024,2025-06-09,actual,6.0,6.75,6.0,6.0,0
SKU024,2025-06-16,actual,3.0,6.5,3.0,3.0,0
SKU024,2025-06-23,actual,4.0,5.25,4.0,4.0,0
SKU024,2025-06-30,actual,5.0,4.25,5.0,5.0,0
SKU024,2025-07-07,actual,9.0,4.5,9.0,9.0,0
SKU024,2025-07-14,actual,6.0,5.25,6.0,6.0,0
SKU024,2025-07-21,actual,10.0,6.0,10.0,10.0,0
SKU024,2025-07-28,actual,12.0,7.5,12.0,12.0,0
SKU024,2025-08-04,actual,8.0,9.25,8.0,8.0,0
SKU024,2025-08-11,actual,12.0,9.0,12.0,12.0,0
SKU024,2025-08-18,actual,12.0,10.5,12.0,12.0,0
SKU024,2025-08-25,actual,3.0,11.0,3.0,3.0,0
SKU024,2025-09-01,actual,14.0,8.75,14.0,14.0,0
SKU024,2025-09-08,actual,7.0,10.25,7.0,7.0,0
SKU024,2025-09-15,actual,11.0,9.0,11.0,11.0,0
SKU024,2025-09-22,actual,2.0,8.75,2.0,2.0,0
SKU024,2025-09-29,actual,4.0,8.5,4.0,4.0,0
SKU024,2025-10-06,actual,8.0,6.0,8.0,8.0,0
SKU024,2025-10-13,actual,6.0,6.25,6.0,6.0,0
SKU024,2025-10-20,actual,19.0,5.0,19.0,19.0,0
SKU024,2025-10-27,actual,9.0,9.25,9.0,9.0,0
SKU024,2025-11-03,actual,12.0,10.5,12.0,12.0,0
SKU024,2025-11-10,actual,12.0,11.5,12.0,12.0,0
SKU024,2025-11-17,actual,11.0,13.0,11.0,11.0,0
SKU024,2025-11-24,actual,11.0,6.0,11.0,11.0,0
SKU024,2025-12-01,actual,10.0,12.0,10.0,10.0,0
SKU024,2025-12-08,actual,17.0,15.0,17.0,17.0,0
SKU024,2025-12-15,actual,12.0,13.0,12.0,12.0,0
SKU024,2025-12-22,actual,17.0,20.0,17.0,17.0,0
SKU024,2025-12-29,actual,7.0,14.0,7.0,7.0,0
SKU024,2026-01-05,actual,8.0,9.0,8.0,8.0,0
SKU024,2026-01-12,actual,13.0,13.0,13.0,13.0,0
SKU024,2026-01-19,actual,11.0,13.0,11.0,11.0,0
SKU024,2026-01-26,actual,23.0,11.0,23.0,23.0,0
SKU024,2026-02-02,actual,10.0,12.0,10.0,10.0,0
SKU024,2026-02-09,actual,6.0,10.0,6.0,6.0,0
SKU024,2026-02-16,actual,16.0,6.0,16.0,16.0,0
SKU024,2026-02-23,actual,5.0,9.0,5.0,5.0,0
SKU024,2026-03-02,actual,10.0,8.0,10.0,10.0,0
SKU024,2026-03-09,actual,10.0,11.0,10.0,10.0,0
SKU024,2026-03-16,actual,8.0,12.0,8.0,8.0,0
SKU024,2026-03-23,actual,13.0,11.0,13.0,13.0,0
SKU024,2026-03-30,actual,8.0,10.0,8.0,8.0,0
SKU024,2026-04-06,actual,12.0,10.0,12.0,12.0,0
SKU024,2026-04-13,actual,6.0,10.0,6.0,6.0,0
SKU024,2026-04-20,actual,8.0,6.0,8.0,8.0,0
SKU024,2026-04-27,actual,14.0,10.0,14.0,14.0,0
SKU024,2026-05-04,actual,16.0,4.0,16.0,16.0,0
SKU024,2026-05-11,actual,7.0,7.0,7.0,7.0,0
SKU024,2026-05-18,actual,8.0,8.0,8.0,8.0,0
SKU024,2026-05-25,actual,8.0,8.0,8.0,8.0,0
SKU024,2026-06-01,actual,6.0,4.0,6.0,6.0,0
SKU024,2026-06-08,actual,7.0,6.0,7.0,7.0,0
SKU024,2026-06-15,actual,11.0,3.0,11.0,11.0,0
SKU025,2024-08-19,actual,18.0,0.0,18.0,18.0,0
SKU025,2024-08-26,actual,12.0,18.0,12.0,12.0,0
SKU025,2024-09-02,actual,11.0,15.0,11.0,11.0,0
SKU025,2024-09-09,actual,17.0,13.666666666666666,17.0,17.0,0
SKU025,2024-09-16,actual,17.0,14.5,17.0,17.0,0
SKU025,2024-09-23,actual,12.0,14.25,12.0,12.0,0
SKU025,2024-09-30,actual,17.0,14.25,17.0,17.0,0
SKU025,2024-10-07,actual,20.0,15.75,20.0,20.0,0
SKU025,2024-10-14,actual,8.0,16.5,8.0,8.0,0
SKU025,2024-10-21,actual,19.0,14.25,19.0,19.0,0
SKU025,2024-10-28,actual,12.0,16.0,12.0,12.0,0
SKU025,2024-11-04,actual,9.0,14.75,9.0,9.0,0
SKU025,2024-11-11,actual,11.0,12.0,11.0,11.0,0
SKU025,2024-11-18,actual,14.0,12.75,14.0,14.0,0
SKU025,2024-11-25,actual,15.0,11.5,15.0,15.0,0
SKU025,2024-12-02,actual,10.0,12.25,10.0,10.0,0
SKU025,2024-12-09,actual,12.0,12.5,12.0,12.0,0
SKU025,2024-12-16,actual,11.0,12.75,11.0,11.0,0
SKU025,2024-12-23,actual,20.0,12.0,20.0,20.0,0
SKU025,2024-12-30,actual,12.0,13.25,12.0,12.0,0
SKU025,2025-01-06,actual,21.0,13.75,21.0,21.0,0
SKU025,2025-01-13,actual,16.0,16.0,16.0,16.0,0
SKU025,2025-01-20,actual,18.0,17.25,18.0,18.0,0
SKU025,2025-01-27,actual,20.0,16.75,20.0,20.0,0
SKU025,2025-02-03,actual,13.0,18.75,13.0,13.0,0
SKU025,2025-02-10,actual,17.0,16.75,17.0,17.0,0
SKU025,2025-02-17,actual,21.0,17.0,21.0,21.0,0
SKU025,2025-02-24,actual,20.0,17.75,20.0,20.0,0
SKU025,2025-03-03,actual,26.0,17.75,26.0,26.0,0
SKU025,2025-03-10,actual,27.0,21.0,27.0,27.0,0
SKU025,2025-03-17,actual,18.0,23.5,18.0,18.0,0
SKU025,2025-03-24,actual,20.0,22.75,20.0,20.0,0
SKU025,2025-03-31,actual,22.0,22.75,22.0,22.0,0
SKU025,2025-04-07,actual,20.0,21.75,20.0,20.0,0
SKU025,2025-04-14,actual,21.0,20.0,21.0,21.0,0
SKU025,2025-04-21,actual,20.0,20.75,20.0,20.0,0
SKU025,2025-04-28,actual,38.0,20.75,38.0,38.0,0
SKU025,2025-05-05,actual,29.0,24.75,29.0,29.0,0
SKU025,2025-05-12,actual,21.0,27.0,21.0,21.0,0
SKU025,2025-05-19,actual,21.0,27.0,21.0,21.0,0
SKU025,2025-05-26,actual,16.0,27.25,16.0,16.0,0
SKU025,2025-06-02,actual,22.0,21.75,22.0,22.0,0
SKU025,2025-06-09,actual,20.0,20.0,20.0,20.0,0
SKU025,2025-06-16,actual,21.0,19.75,21.0,21.0,0
SKU025,2025-06-23,actual,20.0,19.75,20.0,20.0,0
SKU025,2025-06-30,actual,16.0,20.75,16.0,16.0,0
SKU025,2025-07-07,actual,21.0,19.25,21.0,21.0,0
SKU025,2025-07-14,actual,20.0,19.5,20.0,20.0,0
SKU025,2025-07-21,actual,23.0,19.25,23.0,23.0,0
SKU025,2025-07-28,actual,11.0,20.0,11.0,11.0,0
SKU025,2025-08-04,actual,26.0,18.75,26.0,26.0,0
SKU025,2025-08-11,actual,32.0,20.0,32.0,32.0,0
SKU025,2025-08-18,actual,11.0,18.0,11.0,11.0,0
SKU025,2025-08-25,actual,16.0,12.0,16.0,16.0,0
SKU025,2025-09-01,actual,15.0,11.0,15.0,15.0,0
SKU025,2025-09-08,actual,27.0,17.0,27.0,27.0,0
SKU025,2025-09-15,actual,15.0,17.0,15.0,15.0,0
SKU025,2025-09-22,actual,13.0,12.0,13.0,13.0,0
SKU025,2025-09-29,actual,12.0,17.0,12.0,12.0,0
SKU025,2025-10-06,actual,17.0,20.0,17.0,17.0,0
SKU025,2025-10-13,actual,18.0,8.0,18.0,18.0,0
SKU025,2025-10-20,actual,22.0,19.0,22.0,22.0,0
SKU025,2025-10-27,actual,14.0,12.0,14.0,14.0,0
SKU025,2025-11-03,actual,18.0,9.0,18.0,18.0,0
SKU025,2025-11-10,actual,14.0,11.0,14.0,14.0,0
SKU025,2025-11-17,actual,13.0,14.0,13.0,13.0,0
SKU025,2025-11-24,actual,13.0,15.0,13.0,13.0,0
SKU025,2025-12-01,actual,14.0,10.0,14.0,14.0,0
SKU025,2025-12-08,actual,14.0,12.0,14.0,14.0,0
SKU025,2025-12-15,actual,15.0,11.0,15.0,15.0,0
SKU025,2025-12-22,actual,19.0,20.0,19.0,19.0,0
SKU025,2025-12-29,actual,18.0,12.0,18.0,18.0,0
SKU025,2026-01-05,actual,7.0,21.0,7.0,7.0,0
SKU025,2026-01-12,actual,20.0,16.0,20.0,20.0,0
SKU025,2026-01-19,actual,24.0,18.0,24.0,24.0,0
SKU025,2026-01-26,actual,28.0,20.0,28.0,28.0,0
SKU025,2026-02-02,actual,15.0,13.0,15.0,15.0,0
SKU025,2026-02-09,actual,19.0,17.0,19.0,19.0,0
SKU025,2026-02-16,actual,18.0,21.0,18.0,18.0,0
SKU025,2026-02-23,actual,23.0,20.0,23.0,23.0,0
SKU025,2026-03-02,actual,16.0,26.0,16.0,16.0,0
SKU025,2026-03-09,actual,18.0,27.0,18.0,18.0,0
SKU025,2026-03-16,actual,16.0,18.0,16.0,16.0,0
SKU025,2026-03-23,actual,13.0,20.0,13.0,13.0,0
SKU025,2026-03-30,actual,22.0,22.0,22.0,22.0,0
SKU025,2026-04-06,actual,15.0,20.0,15.0,15.0,0
SKU025,2026-04-13,actual,19.0,21.0,19.0,19.0,0
SKU025,2026-04-20,actual,25.0,20.0,25.0,25.0,0
SKU025,2026-04-27,actual,23.0,38.0,23.0,23.0,0
SKU025,2026-05-04,actual,32.0,29.0,32.0,32.0,0
SKU025,2026-05-11,actual,20.0,21.0,20.0,20.0,0
SKU025,2026-05-18,actual,25.0,21.0,25.0,25.0,0
SKU025,2026-05-25,actual,19.0,16.0,19.0,19.0,0
SKU025,2026-06-01,actual,19.0,22.0,19.0,19.0,0
SKU025,2026-06-08,actual,15.0,20.0,15.0,15.0,0
SKU025,2026-06-15,actual,16.0,21.0,16.0,16.0,0
SKU026,2026-01-19,actual,29.0,0.0,29.0,29.0,0
SKU026,2026-01-26,actual,32.0,29.0,32.0,32.0,0
SKU026,2026-02-02,actual,19.0,30.5,19.0,19.0,0
SKU026,2026-02-09,actual,20.0,26.666666666666668,20.0,20.0,0
SKU026,2026-02-16,actual,22.0,25.0,22.0,22.0,0
SKU026,2026-02-23,actual,16.0,23.25,16.0,16.0,0
SKU026,2026-03-02,actual,19.0,19.25,19.0,19.0,0
SKU026,2026-03-09,actual,26.0,19.25,26.0,26.0,0
SKU026,2026-03-16,actual,25.0,20.75,25.0,25.0,0
SKU026,2026-03-23,actual,18.0,21.5,18.0,18.0,0
SKU026,2026-03-30,actual,31.0,22.0,31.0,31.0,0
SKU026,2026-04-06,actual,25.0,25.0,25.0,25.0,0
SKU026,2026-04-13,actual,18.0,24.75,18.0,18.0,0
SKU026,2026-04-20,actual,32.0,23.0,32.0,32.0,0
SKU026,2026-04-27,actual,36.0,26.5,36.0,36.0,0
SKU026,2026-05-04,actual,36.0,27.75,36.0,36.0,0
SKU026,2026-05-11,actual,28.0,30.5,28.0,28.0,0
SKU026,2026-05-18,actual,33.0,33.0,33.0,33.0,0
SKU026,2026-05-25,actual,23.0,33.25,23.0,23.0,0
SKU026,2026-06-01,actual,30.0,30.0,30.0,30.0,0
SKU026,2026-06-08,actual,46.0,28.5,46.0,46.0,0
SKU026,2026-06-15,actual,30.0,33.0,30.0,30.0,0
SKU027,2025-07-28,actual,16.0,0.0,16.0,16.0,0
SKU027,2025-08-04,actual,25.0,16.0,25.0,25.0,0
SKU027,2025-08-11,actual,26.0,20.5,26.0,26.0,0
SKU027,2025-08-18,actual,19.0,22.333333333333332,19.0,19.0,0
SKU027,2025-08-25,actual,15.0,21.5,15.0,15.0,0
SKU027,2025-09-01,actual,19.0,21.25,19.0,19.0,0
SKU027,2025-09-08,actual,11.0,19.75,11.0,11.0,0
SKU027,2025-09-15,actual,16.0,16.0,16.0,16.0,0
SKU027,2025-09-22,actual,11.0,15.25,11.0,11.0,0
SKU027,2025-09-29,actual,21.0,14.25,21.0,21.0,0
SKU027,2025-10-06,actual,21.0,14.75,21.0,21.0,0
SKU027,2025-10-13,actual,18.0,17.25,18.0,18.0,0
SKU027,2025-10-20,actual,27.0,17.75,27.0,27.0,0
SKU027,2025-10-27,actual,16.0,21.75,16.0,16.0,0
SKU027,2025-11-03,actual,15.0,20.5,15.0,15.0,0
SKU027,2025-11-10,actual,17.0,19.0,17.0,17.0,0
SKU027,2025-11-17,actual,19.0,18.75,19.0,19.0,0
SKU027,2025-11-24,actual,17.0,16.75,17.0,17.0,0
SKU027,2025-12-01,actual,18.0,17.0,18.0,18.0,0
SKU027,2025-12-08,actual,21.0,17.75,21.0,21.0,0
SKU027,2025-12-15,actual,16.0,18.75,16.0,16.0,0
SKU027,2025-12-22,actual,44.0,18.0,44.0,44.0,0
SKU027,2025-12-29,actual,21.0,24.75,21.0,21.0,0
SKU027,2026-01-05,actual,26.0,25.5,26.0,26.0,0
SKU027,2026-01-12,actual,31.0,26.75,31.0,31.0,0
SKU027,2026-01-19,actual,34.0,30.5,34.0,34.0,0
SKU027,2026-01-26,actual,33.0,28.0,33.0,33.0,0
SKU027,2026-02-02,actual,27.0,31.0,27.0,27.0,0
SKU027,2026-02-09,actual,33.0,31.25,33.0,33.0,0
SKU027,2026-02-16,actual,26.0,31.75,26.0,26.0,0
SKU027,2026-02-23,actual,29.0,29.75,29.0,29.0,0
SKU027,2026-03-02,actual,27.0,28.75,27.0,27.0,0
SKU027,2026-03-09,actual,26.0,28.75,26.0,26.0,0
SKU027,2026-03-16,actual,30.0,27.0,30.0,30.0,0
SKU027,2026-03-23,actual,34.0,28.0,34.0,34.0,0
SKU027,2026-03-30,actual,29.0,29.25,29.0,29.0,0
SKU027,2026-04-06,actual,25.0,29.75,25.0,25.0,0
SKU027,2026-04-13,actual,25.0,29.5,25.0,25.0,0
SKU027,2026-04-20,actual,22.0,28.25,22.0,22.0,0
SKU027,2026-04-27,actual,36.0,25.25,36.0,36.0,0
SKU027,2026-05-04,actual,36.0,27.0,36.0,36.0,0
SKU027,2026-05-11,actual,30.0,29.75,30.0,30.0,0
SKU027,2026-05-18,actual,34.0,31.0,34.0,34.0,0
SKU027,2026-05-25,actual,33.0,34.0,33.0,33.0,0
SKU027,2026-06-01,actual,25.0,33.25,25.0,25.0,0
SKU027,2026-06-08,actual,22.0,30.5,22.0,22.0,0
SKU027,2026-06-15,actual,20.0,28.5,20.0,20.0,0
SKU028,2025-09-29,actual,2.0,0.0,2.0,2.0,0
SKU028,2025-10-06,actual,10.0,2.0,10.0,10.0,0
SKU028,2025-10-13,actual,18.0,6.0,18.0,18.0,0
SKU028,2025-10-20,actual,29.0,10.0,29.0,29.0,0
SKU028,2025-10-27,actual,13.0,14.75,13.0,13.0,0
SKU028,2025-11-03,actual,10.0,17.5,10.0,10.0,0
SKU028,2025-11-10,actual,12.0,17.5,12.0,12.0,0
SKU028,2025-11-17,actual,16.0,16.0,16.0,16.0,0
SKU028,2025-11-24,actual,9.0,12.75,9.0,9.0,0
SKU028,2025-12-01,actual,6.0,11.75,6.0,6.0,0
SKU028,2025-12-08,actual,19.0,10.75,19.0,19.0,0
SKU028,2025-12-15,actual,13.0,12.5,13.0,13.0,0
SKU028,2025-12-22,actual,35.0,11.75,35.0,35.0,0
SKU028,2025-12-29,actual,18.0,18.25,18.0,18.0,0
SKU028,2026-01-05,actual,21.0,21.25,21.0,21.0,0
SKU028,2026-01-12,actual,13.0,21.75,13.0,13.0,0
SKU028,2026-01-19,actual,21.0,21.75,21.0,21.0,0
SKU028,2026-01-26,actual,31.0,18.25,31.0,31.0,0
SKU028,2026-02-02,actual,14.0,21.5,14.0,14.0,0
SKU028,2026-02-09,actual,21.0,19.75,21.0,21.0,0
SKU028,2026-02-16,actual,22.0,21.75,22.0,22.0,0
SKU028,2026-02-23,actual,22.0,22.0,22.0,22.0,0
SKU028,2026-03-02,actual,19.0,19.75,19.0,19.0,0
SKU028,2026-03-09,actual,17.0,21.0,17.0,17.0,0
SKU028,2026-03-16,actual,16.0,20.0,16.0,16.0,0
SKU028,2026-03-23,actual,19.0,18.5,19.0,19.0,0
SKU028,2026-03-30,actual,15.0,17.75,15.0,15.0,0
SKU028,2026-04-06,actual,22.0,16.75,22.0,22.0,0
SKU028,2026-04-13,actual,10.0,18.0,10.0,10.0,0
SKU028,2026-04-20,actual,17.0,16.5,17.0,17.0,0
SKU028,2026-04-27,actual,26.0,16.0,26.0,26.0,0
SKU028,2026-05-04,actual,30.0,18.75,30.0,30.0,0
SKU028,2026-05-11,actual,14.0,20.75,14.0,14.0,0
SKU028,2026-05-18,actual,16.0,21.75,16.0,16.0,0
SKU028,2026-05-25,actual,23.0,21.5,23.0,23.0,0
SKU028,2026-06-01,actual,19.0,20.75,19.0,19.0,0
SKU028,2026-06-08,actual,21.0,18.0,21.0,21.0,0
SKU028,2026-06-15,actual,16.0,19.75,16.0,16.0,0
SKU029,2024-06-10,actual,4.0,0.0,4.0,4.0,0
SKU029,2024-06-17,actual,7.0,4.0,7.0,7.0,0
SKU029,2024-06-24,actual,12.0,5.5,12.0,12.0,0
SKU029,2024-07-01,actual,5.0,7.666666666666667,5.0,5.0,0
SKU029,2024-07-08,actual,6.0,7.0,6.0,6.0,0
SKU029,2024-07-15,actual,2.0,7.5,2.0,2.0,0
SKU029,2024-07-22,actual,8.0,6.25,8.0,8.0,0
SKU029,2024-07-29,actual,7.0,5.25,7.0,7.0,0
SKU029,2024-08-05,actual,4.0,5.75,4.0,4.0,0
SKU029,2024-08-12,actual,19.0,5.25,19.0,19.0,0
SKU029,2024-08-19,actual,9.0,9.5,9.0,9.0,0
SKU029,2024-08-26,actual,11.0,9.75,11.0,11.0,0
SKU029,2024-09-02,actual,11.0,10.75,11.0,11.0,0
SKU029,2024-09-09,actual,11.0,12.5,11.0,11.0,0
SKU029,2024-09-16,actual,6.0,10.5,6.0,6.0,0
SKU029,2024-09-23,actual,11.0,9.75,11.0,11.0,0
SKU029,2024-09-30,actual,8.0,9.75,8.0,8.0,0
SKU029,2024-10-07,actual,4.0,9.0,4.0,4.0,0
SKU029,2024-10-14,actual,12.0,7.25,12.0,12.0,0
SKU029,2024-10-21,actual,22.0,8.75,22.0,22.0,0
SKU029,2024-10-28,actual,14.0,11.5,14.0,14.0,0
SKU029,2024-11-04,actual,18.0,13.0,18.0,18.0,0
SKU029,2024-11-11,actual,15.0,16.5,15.0,15.0,0
SKU029,2024-11-18,actual,15.0,17.25,15.0,15.0,0
SKU029,2024-11-25,actual,14.0,15.5,14.0,14.0,0
SKU029,2024-12-02,actual,11.0,15.5,11.0,11.0,0
SKU029,2024-12-09,actual,17.0,13.75,17.0,17.0,0
SKU029,2024-12-16,actual,15.0,14.25,15.0,15.0,0
SKU029,2024-12-23,actual,20.0,14.25,20.0,20.0,0
SKU029,2024-12-30,actual,9.0,15.75,9.0,9.0,0
SKU029,2025-01-06,actual,12.0,15.25,12.0,12.0,0
SKU029,2025-01-13,actual,15.0,14.0,15.0,15.0,0
SKU029,2025-01-20,actual,16.0,14.0,16.0,16.0,0
SKU029,2025-01-27,actual,18.0,13.0,18.0,18.0,0
SKU029,2025-02-03,actual,10.0,15.25,10.0,10.0,0
SKU029,2025-02-10,actual,14.0,14.75,14.0,14.0,0
SKU029,2025-02-17,actual,10.0,14.5,10.0,10.0,0
SKU029,2025-02-24,actual,15.0,13.0,15.0,15.0,0
SKU029,2025-03-03,actual,10.0,12.25,10.0,10.0,0
SKU029,2025-03-10,actual,6.0,12.25,6.0,6.0,0
SKU029,2025-03-17,actual,13.0,10.25,13.0,13.0,0
SKU029,2025-03-24,actual,8.0,11.0,8.0,8.0,0
SKU029,2025-03-31,actual,7.0,9.25,7.0,7.0,0
SKU029,2025-04-07,actual,11.0,8.5,11.0,11.0,0
SKU029,2025-04-14,actual,5.0,9.75,5.0,5.0,0
SKU029,2025-04-21,actual,12.0,7.75,12.0,12.0,0
SKU029,2025-04-28,actual,6.0,8.75,6.0,6.0,0
SKU029,2025-05-05,actual,11.0,8.5,11.0,11.0,0
SKU029,2025-05-12,actual,7.0,8.5,7.0,7.0,0
SKU029,2025-05-19,actual,5.0,9.0,5.0,5.0,0
SKU029,2025-05-26,actual,8.0,7.25,8.0,8.0,0
SKU029,2025-06-02,actual,8.0,7.75,8.0,8.0,0
SKU029,2025-06-09,actual,8.0,4.0,8.0,8.0,0
SKU029,2025-06-16,actual,5.0,7.0,5.0,5.0,0
SKU029,2025-06-23,actual,10.0,12.0,10.0,10.0,0
SKU029,2025-06-30,actual,6.0,5.0,6.0,6.0,0
SKU029,2025-07-07,actual,4.0,6.0,4.0,4.0,0
SKU029,2025-07-14,actual,11.0,2.0,11.0,11.0,0
SKU029,2025-07-21,actual,9.0,8.0,9.0,9.0,0
SKU029,2025-07-28,actual,9.0,7.0,9.0,9.0,0
SKU029,2025-08-04,actual,9.0,4.0,9.0,9.0,0
SKU029,2025-08-11,actual,14.0,19.0,14.0,14.0,0
SKU029,2025-08-18,actual,14.0,9.0,14.0,14.0,0
SKU029,2025-08-25,actual,10.0,11.0,10.0,10.0,0
SKU029,2025-09-01,actual,15.0,11.0,15.0,15.0,0
SKU029,2025-09-08,actual,14.0,11.0,14.0,14.0,0
SKU029,2025-09-15,actual,7.0,6.0,7.0,7.0,0
SKU029,2025-09-22,actual,7.0,11.0,7.0,7.0,0
SKU029,2025-09-29,actual,21.0,8.0,21.0,21.0,0
SKU029,2025-10-06,actual,15.0,4.0,15.0,15.0,0
SKU029,2025-10-13,actual,14.0,12.0,14.0,14.0,0
SKU029,2025-10-20,actual,27.0,22.0,27.0,27.0,0
SKU029,2025-10-27,actual,11.0,14.0,11.0,11.0,0
SKU029,2025-11-03,actual,5.0,18.0,5.0,5.0,0
SKU029,2025-11-10,actual,11.0,15.0,11.0,11.0,0
SKU029,2025-11-17,actual,12.0,15.0,12.0,12.0,0
SKU029,2025-11-24,actual,14.0,14.0,14.0,14.0,0
SKU029,2025-12-01,actual,14.0,11.0,14.0,14.0,0
SKU029,2025-12-08,actual,9.0,17.0,9.0,9.0,0
SKU029,2025-12-15,actual,17.0,15.0,17.0,17.0,0
SKU029,2025-12-22,actual,31.0,20.0,31.0,31.0,0
SKU029,2025-12-29,actual,16.0,9.0,16.0,16.0,0
SKU029,2026-01-05,actual,13.0,12.0,13.0,13.0,0
SKU029,2026-01-12,actual,16.0,15.0,16.0,16.0,0
SKU029,2026-01-19,actual,14.0,16.0,14.0,14.0,0
SKU029,2026-01-26,actual,10.0,18.0,10.0,10.0,0
SKU029,2026-02-02,actual,9.0,10.0,9.0,9.0,0
SKU029,2026-02-09,actual,11.0,14.0,11.0,11.0,0
SKU029,2026-02-16,actual,5.0,10.0,5.0,5.0,0
SKU029,2026-02-23,actual,14.0,15.0,14.0,14.0,0
SKU029,2026-03-02,actual,16.0,10.0,16.0,16.0,0
SKU029,2026-03-09,actual,17.0,6.0,17.0,17.0,0
SKU029,2026-03-16,actual,7.0,13.0,7.0,7.0,0
SKU029,2026-03-23,actual,9.0,8.0,9.0,9.0,0
SKU029,2026-03-30,actual,10.0,7.0,10.0,10.0,0
SKU029,2026-04-06,actual,11.0,11.0,11.0,11.0,0
SKU029,2026-04-13,actual,8.0,5.0,8.0,8.0,0
SKU029,2026-04-20,actual,8.0,12.0,8.0,8.0,0
SKU029,2026-04-27,actual,10.0,6.0,10.0,10.0,0
SKU029,2026-05-04,actual,8.0,11.0,8.0,8.0,0
SKU029,2026-05-11,actual,9.0,7.0,9.0,9.0,0
SKU029,2026-05-18,actual,8.0,5.0,8.0,8.0,0
SKU029,2026-05-25,actual,8.0,8.0,8.0,8.0,0
SKU029,2026-06-01,actual,7.0,8.0,7.0,7.0,0
SKU029,2026-06-08,actual,6.0,8.0,6.0,6.0,0
SKU029,2026-06-15,actual,8.0,5.0,8.0,8.0,0
SKU030,2025-06-02,actual,10.0,0.0,10.0,10.0,0
SKU030,2025-06-09,actual,16.0,10.0,16.0,16.0,0
SKU030,2025-06-16,actual,18.0,13.0,18.0,18.0,0
SKU030,2025-06-23,actual,14.0,14.666666666666666,14.0,14.0,0
SKU030,2025-06-30,actual,21.0,14.5,21.0,21.0,0
SKU030,2025-07-07,actual,18.0,17.25,18.0,18.0,0
SKU030,2025-07-14,actual,18.0,17.75,18.0,18.0,0
SKU030,2025-07-21,actual,16.0,17.75,16.0,16.0,0
SKU030,2025-07-28,actual,17.0,18.25,17.0,17.0,0
SKU030,2025-08-04,actual,14.0,17.25,14.0,14.0,0
SKU030,2025-08-11,actual,38.0,16.25,38.0,38.0,0
SKU030,2025-08-18,actual,20.0,21.25,20.0,20.0,0
SKU030,2025-08-25,actual,22.0,22.25,22.0,22.0,0
SKU030,2025-09-01,actual,20.0,23.5,20.0,20.0,0
SKU030,2025-09-08,actual,25.0,25.0,25.0,25.0,0
SKU030,2025-09-15,actual,16.0,21.75,16.0,16.0,0
SKU030,2025-09-22,actual,14.0,20.75,14.0,14.0,0
SKU030,2025-09-29,actual,20.0,18.75,20.0,20.0,0
SKU030,2025-10-06,actual,16.0,18.75,16.0,16.0,0
SKU030,2025-10-13,actual,37.0,16.5,37.0,37.0,0
SKU030,2025-10-20,actual,50.0,21.75,50.0,50.0,0
SKU030,2025-10-27,actual,27.0,30.75,27.0,27.0,0
SKU030,2025-11-03,actual,29.0,32.5,29.0,29.0,0
SKU030,2025-11-10,actual,24.0,35.75,24.0,24.0,0
SKU030,2025-11-17,actual,20.0,32.5,20.0,20.0,0
SKU030,2025-11-24,actual,31.0,25.0,31.0,31.0,0
SKU030,2025-12-01,actual,29.0,26.0,29.0,29.0,0
SKU030,2025-12-08,actual,28.0,26.0,28.0,28.0,0
SKU030,2025-12-15,actual,26.0,27.0,26.0,26.0,0
SKU030,2025-12-22,actual,42.0,28.5,42.0,42.0,0
SKU030,2025-12-29,actual,21.0,31.25,21.0,21.0,0
SKU030,2026-01-05,actual,11.0,29.25,11.0,11.0,0
SKU030,2026-01-12,actual,16.0,25.0,16.0,16.0,0
SKU030,2026-01-19,actual,17.0,22.5,17.0,17.0,0
SKU030,2026-01-26,actual,25.0,16.25,25.0,25.0,0
SKU030,2026-02-02,actual,14.0,17.25,14.0,14.0,0
SKU030,2026-02-09,actual,12.0,18.0,12.0,12.0,0
SKU030,2026-02-16,actual,16.0,17.0,16.0,16.0,0
SKU030,2026-02-23,actual,16.0,16.75,16.0,16.0,0
SKU030,2026-03-02,actual,10.0,14.5,10.0,10.0,0
SKU030,2026-03-09,actual,13.0,13.5,13.0,13.0,0
SKU030,2026-03-16,actual,14.0,13.75,14.0,14.0,0
SKU030,2026-03-23,actual,11.0,13.25,11.0,11.0,0
SKU030,2026-03-30,actual,14.0,12.0,14.0,14.0,0
SKU030,2026-04-06,actual,9.0,13.0,9.0,9.0,0
SKU030,2026-04-13,actual,10.0,12.0,10.0,10.0,0
SKU030,2026-04-20,actual,12.0,11.0,12.0,12.0,0
SKU030,2026-04-27,actual,25.0,11.25,25.0,25.0,0
SKU030,2026-05-04,actual,11.0,14.0,11.0,11.0,0
SKU030,2026-05-11,actual,12.0,14.5,12.0,12.0,0
SKU030,2026-05-18,actual,8.0,15.0,8.0,8.0,0
SKU030,2026-05-25,actual,11.0,14.0,11.0,11.0,0
SKU030,2026-06-01,actual,14.0,10.0,14.0,14.0,0
SKU030,2026-06-08,actual,17.0,16.0,17.0,17.0,0
SKU030,2026-06-15,actual,11.0,18.0,11.0,11.0,0
SKU031,2024-05-27,actual,4.0,0.0,4.0,4.0,0
SKU031,2024-06-03,actual,11.0,4.0,11.0,11.0,0
SKU031,2024-06-10,actual,13.0,7.5,13.0,13.0,0
SKU031,2024-06-17,actual,16.0,9.333333333333334,16.0,16.0,0
SKU031,2024-06-24,actual,14.0,11.0,14.0,14.0,0
SKU031,2024-07-01,actual,7.0,13.5,7.0,7.0,0
SKU031,2024-07-08,actual,16.0,12.5,16.0,16.0,0
SKU031,2024-07-15,actual,8.0,13.25,8.0,8.0,0
SKU031,2024-07-22,actual,5.0,11.25,5.0,5.0,0
SKU031,2024-07-29,actual,10.0,9.0,10.0,10.0,0
SKU031,2024-08-05,actual,9.0,9.75,9.0,9.0,0
SKU031,2024-08-12,actual,21.0,8.0,21.0,21.0,0
SKU031,2024-08-19,actual,4.0,11.25,4.0,4.0,0
SKU031,2024-08-26,actual,11.0,11.0,11.0,11.0,0
SKU031,2024-09-02,actual,10.0,11.25,10.0,10.0,0
SKU031,2024-09-09,actual,13.0,11.5,13.0,13.0,0
SKU031,2024-09-16,actual,7.0,9.5,7.0,7.0,0
SKU031,2024-09-23,actual,8.0,10.25,8.0,8.0,0
SKU031,2024-09-30,actual,5.0,9.5,5.0,5.0,0
SKU031,2024-10-07,actual,7.0,8.25,7.0,7.0,0
SKU031,2024-10-14,actual,8.0,6.75,8.0,8.0,0
SKU031,2024-10-21,actual,12.0,7.0,12.0,12.0,0
SKU031,2024-10-28,actual,9.0,8.0,9.0,9.0,0
SKU031,2024-11-04,actual,10.0,9.0,10.0,10.0,0
SKU031,2024-11-11,actual,5.0,9.75,5.0,5.0,0
SKU031,2024-11-18,actual,6.0,9.0,6.0,6.0,0
SKU031,2024-11-25,actual,10.0,7.5,10.0,10.0,0
SKU031,2024-12-02,actual,9.0,7.75,9.0,9.0,0
SKU031,2024-12-09,actual,4.0,7.5,4.0,4.0,0
SKU031,2024-12-16,actual,9.0,7.25,9.0,9.0,0
SKU031,2024-12-23,actual,12.0,8.0,12.0,12.0,0
SKU031,2024-12-30,actual,6.0,8.5,6.0,6.0,0
SKU031,2025-01-06,actual,9.0,7.75,9.0,9.0,0
SKU031,2025-01-13,actual,9.0,9.0,9.0,9.0,0
SKU031,2025-01-20,actual,18.0,9.0,18.0,18.0,0
SKU031,2025-01-27,actual,15.0,10.5,15.0,15.0,0
SKU031,2025-02-03,actual,8.0,12.75,8.0,8.0,0
SKU031,2025-02-10,actual,10.0,12.5,10.0,10.0,0
SKU031,2025-02-17,actual,6.0,12.75,6.0,6.0,0
SKU031,2025-02-24,actual,10.0,9.75,10.0,10.0,0
SKU031,2025-03-03,actual,8.0,8.5,8.0,8.0,0
SKU031,2025-03-10,actual,10.0,8.5,10.0,10.0,0
SKU031,2025-03-17,actual,9.0,8.5,9.0,9.0,0
SKU031,2025-03-24,actual,14.0,9.25,14.0,14.0,0
SKU031,2025-03-31,actual,3.0,10.25,3.0,3.0,0
SKU031,2025-04-07,actual,9.0,9.0,9.0,9.0,0
SKU031,2025-04-14,actual,7.0,8.75,7.0,7.0,0
SKU031,2025-04-21,actual,11.0,8.25,11.0,11.0,0
SKU031,2025-04-28,actual,21.0,7.5,21.0,21.0,0
SKU031,2025-05-05,actual,13.0,12.0,13.0,13.0,0
SKU031,2025-05-12,actual,10.0,13.0,10.0,10.0,0
SKU031,2025-05-19,actual,12.0,13.75,12.0,12.0,0
SKU031,2025-05-26,actual,8.0,4.0,8.0,8.0,0
SKU031,2025-06-02,actual,5.0,11.0,5.0,5.0,0
SKU031,2025-06-09,actual,13.0,13.0,13.0,13.0,0
SKU031,2025-06-16,actual,10.0,16.0,10.0,10.0,0
SKU031,2025-06-23,actual,15.0,14.0,15.0,15.0,0
SKU031,2025-06-30,actual,9.0,7.0,9.0,9.0,0
SKU031,2025-07-07,actual,7.0,16.0,7.0,7.0,0
SKU031,2025-07-14,actual,8.0,8.0,8.0,8.0,0
SKU031,2025-07-21,actual,13.0,5.0,13.0,13.0,0
SKU031,2025-07-28,actual,2.0,10.0,2.0,2.0,0
SKU031,2025-08-04,actual,4.0,9.0,4.0,4.0,0
SKU031,2025-08-11,actual,15.0,21.0,15.0,15.0,0
SKU031,2025-08-18,actual,7.0,4.0,7.0,7.0,0
SKU031,2025-08-25,actual,6.0,11.0,6.0,6.0,0
SKU031,2025-09-01,actual,11.0,10.0,11.0,11.0,0
SKU031,2025-09-08,actual,7.0,13.0,7.0,7.0,0
SKU031,2025-09-15,actual,10.0,7.0,10.0,10.0,0
SKU031,2025-09-22,actual,4.0,8.0,4.0,4.0,0
SKU031,2025-09-29,actual,5.0,5.0,5.0,5.0,0
SKU031,2025-10-06,actual,5.0,7.0,5.0,5.0,0
SKU031,2025-10-13,actual,4.0,8.0,4.0,4.0,0
SKU031,2025-10-20,actual,18.0,12.0,18.0,18.0,0
SKU031,2025-10-27,actual,7.0,9.0,7.0,7.0,0
SKU031,2025-11-03,actual,2.0,10.0,2.0,2.0,0
SKU031,2025-11-10,actual,7.0,5.0,7.0,7.0,0
SKU031,2025-11-17,actual,3.0,6.0,3.0,3.0,0
SKU031,2025-11-24,actual,10.0,10.0,10.0,10.0,0
SKU031,2025-12-01,actual,3.0,9.0,3.0,3.0,0
SKU031,2025-12-08,actual,11.0,4.0,11.0,11.0,0
SKU031,2025-12-15,actual,5.0,9.0,5.0,5.0,0
SKU031,2025-12-22,actual,14.0,12.0,14.0,14.0,0
SKU031,2025-12-29,actual,7.0,6.0,7.0,7.0,0
SKU031,2026-01-05,actual,7.0,9.0,7.0,7.0,0
SKU031,2026-01-12,actual,8.0,9.0,8.0,8.0,0
SKU031,2026-01-19,actual,5.0,18.0,5.0,5.0,0
SKU031,2026-01-26,actual,7.0,15.0,7.0,7.0,0
SKU031,2026-02-02,actual,5.0,8.0,5.0,5.0,0
SKU031,2026-02-09,actual,8.0,10.0,8.0,8.0,0
SKU031,2026-02-16,actual,9.0,6.0,9.0,9.0,0
SKU031,2026-02-23,actual,11.0,10.0,11.0,11.0,0
SKU031,2026-03-02,actual,16.0,8.0,16.0,16.0,0
SKU031,2026-03-09,actual,12.0,10.0,12.0,12.0,0
SKU031,2026-03-16,actual,12.0,9.0,12.0,12.0,0
SKU031,2026-03-23,actual,12.0,14.0,12.0,12.0,0
SKU031,2026-03-30,actual,9.0,3.0,9.0,9.0,0
SKU031,2026-04-06,actual,14.0,9.0,14.0,14.0,0
SKU031,2026-04-13,actual,19.0,7.0,19.0,19.0,0
SKU031,2026-04-20,actual,6.0,11.0,6.0,6.0,0
SKU031,2026-04-27,actual,18.0,21.0,18.0,18.0,0
SKU031,2026-05-04,actual,19.0,13.0,19.0,19.0,0
SKU031,2026-05-11,actual,12.0,10.0,12.0,12.0,0
SKU031,2026-05-18,actual,19.0,12.0,19.0,19.0,0
SKU031,2026-05-25,actual,13.0,8.0,13.0,13.0,0
SKU031,2026-06-01,actual,14.0,5.0,14.0,14.0,0
SKU031,2026-06-08,actual,7.0,13.0,7.0,7.0,0
SKU031,2026-06-15,actual,10.0,10.0,10.0,10.0,0
SKU032,2024-10-28,actual,11.0,0.0,11.0,11.0,0
SKU032,2024-11-04,actual,34.0,11.0,34.0,34.0,0
SKU032,2024-11-11,actual,18.0,22.5,18.0,18.0,0
SKU032,2024-11-18,actual,18.0,21.0,18.0,18.0,0
SKU032,2024-11-25,actual,25.0,20.25,25.0,25.0,0
SKU032,2024-12-02,actual,30.0,23.75,30.0,30.0,0
SKU032,2024-12-09,actual,26.0,22.75,26.0,26.0,0
SKU032,2024-12-16,actual,21.0,24.75,21.0,21.0,0
SKU032,2024-12-23,actual,37.0,25.5,37.0,37.0,0
SKU032,2024-12-30,actual,20.0,28.5,20.0,20.0,0
SKU032,2025-01-06,actual,23.0,26.0,23.0,23.0,0
SKU032,2025-01-13,actual,18.0,25.25,18.0,18.0,0
SKU032,2025-01-20,actual,31.0,24.5,31.0,31.0,0
SKU032,2025-01-27,actual,21.0,23.0,21.0,21.0,0
SKU032,2025-02-03,actual,18.0,23.25,18.0,18.0,0
SKU032,2025-02-10,actual,20.0,22.0,20.0,20.0,0
SKU032,2025-02-17,actual,12.0,22.5,12.0,12.0,0
SKU032,2025-02-24,actual,10.0,17.75,10.0,10.0,0
SKU032,2025-03-03,actual,17.0,15.0,17.0,17.0,0
SKU032,2025-03-10,actual,21.0,14.75,21.0,21.0,0
SKU032,2025-03-17,actual,18.0,15.0,18.0,18.0,0
SKU032,2025-03-24,actual,12.0,16.5,12.0,12.0,0
SKU032,2025-03-31,actual,14.0,17.0,14.0,14.0,0
SKU032,2025-04-07,actual,19.0,16.25,19.0,19.0,0
SKU032,2025-04-14,actual,11.0,15.75,11.0,11.0,0
SKU032,2025-04-21,actual,21.0,14.0,21.0,21.0,0
SKU032,2025-04-28,actual,27.0,16.25,27.0,27.0,0
SKU032,2025-05-05,actual,23.0,19.5,23.0,23.0,0
SKU032,2025-05-12,actual,21.0,20.5,21.0,21.0,0
SKU032,2025-05-19,actual,22.0,23.0,22.0,22.0,0
SKU032,2025-05-26,actual,17.0,23.25,17.0,17.0,0
SKU032,2025-06-02,actual,16.0,20.75,16.0,16.0,0
SKU032,2025-06-09,actual,21.0,19.0,21.0,21.0,0
SKU032,2025-06-16,actual,29.0,19.0,29.0,29.0,0
SKU032,2025-06-23,actual,27.0,20.75,27.0,27.0,0
SKU032,2025-06-30,actual,26.0,23.25,26.0,26.0,0
SKU032,2025-07-07,actual,29.0,25.75,29.0,29.0,0
SKU032,2025-07-14,actual,30.0,27.75,30.0,30.0,0
SKU032,2025-07-21,actual,21.0,28.0,21.0,21.0,0
SKU032,2025-07-28,actual,19.0,26.5,19.0,19.0,0
SKU032,2025-08-04,actual,20.0,24.75,20.0,20.0,0
SKU032,2025-08-11,actual,64.0,22.5,64.0,64.0,0
SKU032,2025-08-18,actual,26.0,31.0,26.0,26.0,0
SKU032,2025-08-25,actual,31.0,32.25,31.0,31.0,0
SKU032,2025-09-01,actual,37.0,35.25,37.0,37.0,0
SKU032,2025-09-08,actual,24.0,39.5,24.0,24.0,0
SKU032,2025-09-15,actual,32.0,29.5,32.0,32.0,0
SKU032,2025-09-22,actual,39.0,31.0,39.0,39.0,0
SKU032,2025-09-29,actual,21.0,33.0,21.0,21.0,0
SKU032,2025-10-06,actual,22.0,29.0,22.0,22.0,0
SKU032,2025-10-13,actual,28.0,28.5,28.0,28.0,0
SKU032,2025-10-20,actual,71.0,27.5,71.0,71.0,0
SKU032,2025-10-27,actual,24.0,11.0,24.0,24.0,0
SKU032,2025-11-03,actual,32.0,34.0,32.0,32.0,0
SKU032,2025-11-10,actual,22.0,18.0,22.0,22.0,0
SKU032,2025-11-17,actual,20.0,18.0,20.0,20.0,0
SKU032,2025-11-24,actual,21.0,25.0,21.0,21.0,0
SKU032,2025-12-01,actual,26.0,30.0,26.0,26.0,0
SKU032,2025-12-08,actual,17.0,26.0,17.0,17.0,0
SKU032,2025-12-15,actual,27.0,21.0,27.0,27.0,0
SKU032,2025-12-22,actual,54.0,37.0,54.0,54.0,0
SKU032,2025-12-29,actual,12.0,20.0,12.0,12.0,0
SKU032,2026-01-05,actual,19.0,23.0,19.0,19.0,0
SKU032,2026-01-12,actual,20.0,18.0,20.0,20.0,0
SKU032,2026-01-19,actual,25.0,31.0,25.0,25.0,0
SKU032,2026-01-26,actual,33.0,21.0,33.0,33.0,0
SKU032,2026-02-02,actual,14.0,18.0,14.0,14.0,0
SKU032,2026-02-09,actual,22.0,20.0,22.0,22.0,0
SKU032,2026-02-16,actual,22.0,12.0,22.0,22.0,0
SKU032,2026-02-23,actual,13.0,10.0,13.0,13.0,0
SKU032,2026-03-02,actual,15.0,17.0,15.0,15.0,0
SKU032,2026-03-09,actual,11.0,21.0,11.0,11.0,0
SKU032,2026-03-16,actual,15.0,18.0,15.0,15.0,0
SKU032,2026-03-23,actual,23.0,12.0,23.0,23.0,0
SKU032,2026-03-30,actual,14.0,14.0,14.0,14.0,0
SKU032,2026-04-06,actual,14.0,19.0,14.0,14.0,0
SKU032,2026-04-13,actual,12.0,11.0,12.0,12.0,0
SKU032,2026-04-20,actual,12.0,21.0,12.0,12.0,0
SKU032,2026-04-27,actual,23.0,27.0,23.0,23.0,0
SKU032,2026-05-04,actual,23.0,23.0,23.0,23.0,0
SKU032,2026-05-11,actual,17.0,21.0,17.0,17.0,0
SKU032,2026-05-18,actual,22.0,22.0,22.0,22.0,0
SKU032,2026-05-25,actual,23.0,17.0,23.0,23.0,0
SKU032,2026-06-01,actual,12.0,16.0,12.0,12.0,0
SKU032,2026-06-08,actual,20.0,21.0,20.0,20.0,0
SKU032,2026-06-15,actual,26.0,29.0,26.0,26.0,0
SKU033,2025-09-29,actual,4.0,0.0,4.0,4.0,0
SKU033,2025-10-06,actual,17.0,4.0,17.0,17.0,0
SKU033,2025-10-13,actual,14.0,10.5,14.0,14.0,0
SKU033,2025-10-20,actual,24.0,11.666666666666666,24.0,24.0,0
SKU033,2025-10-27,actual,15.0,14.75,15.0,15.0,0
SKU033,2025-11-03,actual,18.0,17.5,18.0,18.0,0
SKU033,2025-11-10,actual,13.0,17.75,13.0,13.0,0
SKU033,2025-11-17,actual,11.0,17.5,11.0,11.0,0
SKU033,2025-11-24,actual,15.0,14.25,15.0,15.0,0
SKU033,2025-12-01,actual,8.0,14.25,8.0,8.0,0
SKU033,2025-12-08,actual,12.0,11.75,12.0,12.0,0
SKU033,2025-12-15,actual,8.0,11.5,8.0,8.0,0
SKU033,2025-12-22,actual,17.0,10.75,17.0,17.0,0
SKU033,2025-12-29,actual,5.0,11.25,5.0,5.0,0
SKU033,2026-01-05,actual,10.0,10.5,10.0,10.0,0
SKU033,2026-01-12,actual,10.0,10.0,10.0,10.0,0
SKU033,2026-01-19,actual,10.0,10.5,10.0,10.0,0
SKU033,2026-01-26,actual,7.0,8.75,7.0,7.0,0
SKU033,2026-02-02,actual,8.0,9.25,8.0,8.0,0
SKU033,2026-02-09,actual,7.0,8.75,7.0,7.0,0
SKU033,2026-02-16,actual,2.0,8.0,2.0,2.0,0
SKU033,2026-02-23,actual,9.0,6.0,9.0,9.0,0
SKU033,2026-03-02,actual,8.0,6.5,8.0,8.0,0
SKU033,2026-03-09,actual,8.0,6.5,8.0,8.0,0
SKU033,2026-03-16,actual,10.0,6.75,10.0,10.0,0
SKU033,2026-03-23,actual,5.0,8.75,5.0,5.0,0
SKU033,2026-03-30,actual,5.0,7.75,5.0,5.0,0
SKU033,2026-04-06,actual,4.0,7.0,4.0,4.0,0
SKU033,2026-04-13,actual,10.0,6.0,10.0,10.0,0
SKU033,2026-04-20,actual,10.0,6.0,10.0,10.0,0
SKU033,2026-04-27,actual,18.0,7.25,18.0,18.0,0
SKU033,2026-05-04,actual,11.0,10.5,11.0,11.0,0
SKU033,2026-05-11,actual,10.0,12.25,10.0,10.0,0
SKU033,2026-05-18,actual,6.0,12.25,6.0,6.0,0
SKU033,2026-05-25,actual,7.0,11.25,7.0,7.0,0
SKU033,2026-06-01,actual,10.0,8.5,10.0,10.0,0
SKU033,2026-06-08,actual,12.0,8.25,12.0,12.0,0
SKU033,2026-06-15,actual,15.0,8.75,15.0,15.0,0
SKU034,2024-05-27,actual,4.0,0.0,4.0,4.0,0
SKU034,2024-06-03,actual,4.0,4.0,4.0,4.0,0
SKU034,2024-06-10,actual,5.0,4.0,5.0,5.0,0
SKU034,2024-06-17,actual,14.0,4.333333333333333,14.0,14.0,0
SKU034,2024-06-24,actual,6.0,6.75,6.0,6.0,0
SKU034,2024-07-01,actual,13.0,7.25,13.0,13.0,0
SKU034,2024-07-08,actual,13.0,9.5,13.0,13.0,0
SKU034,2024-07-15,actual,14.0,11.5,14.0,14.0,0
SKU034,2024-07-22,actual,5.0,11.5,5.0,5.0,0
SKU034,2024-07-29,actual,18.0,11.25,18.0,18.0,0
SKU034,2024-08-05,actual,12.0,12.5,12.0,12.0,0
SKU034,2024-08-12,actual,30.0,12.25,30.0,30.0,0
SKU034,2024-08-19,actual,12.0,16.25,12.0,12.0,0
SKU034,2024-08-26,actual,9.0,18.0,9.0,9.0,0
SKU034,2024-09-02,actual,7.0,15.75,7.0,7.0,0
SKU034,2024-09-09,actual,16.0,14.5,16.0,16.0,0
SKU034,2024-09-16,actual,18.0,11.0,18.0,18.0,0
SKU034,2024-09-23,actual,15.0,12.5,15.0,15.0,0
SKU034,2024-09-30,actual,7.0,14.0,7.0,7.0,0
SKU034,2024-10-07,actual,20.0,14.0,20.0,20.0,0
SKU034,2024-10-14,actual,20.0,15.0,20.0,20.0,0
SKU034,2024-10-21,actual,18.0,15.5,18.0,18.0,0
SKU034,2024-10-28,actual,14.0,16.25,14.0,14.0,0
SKU034,2024-11-04,actual,13.0,18.0,13.0,13.0,0
SKU034,2024-11-11,actual,32.0,16.25,32.0,32.0,0
SKU034,2024-11-18,actual,22.0,19.25,22.0,22.0,0
SKU034,2024-11-25,actual,18.0,20.25,18.0,18.0,0
SKU034,2024-12-02,actual,27.0,21.25,27.0,27.0,0
SKU034,2024-12-09,actual,13.0,24.75,13.0,13.0,0
SKU034,2024-12-16,actual,20.0,20.0,20.0,20.0,0
SKU034,2024-12-23,actual,37.0,19.5,37.0,37.0,0
SKU034,2024-12-30,actual,18.0,24.25,18.0,18.0,0
SKU034,2025-01-06,actual,9.0,22.0,9.0,9.0,0
SKU034,2025-01-13,actual,12.0,21.0,12.0,12.0,0
SKU034,2025-01-20,actual,19.0,19.0,19.0,19.0,0
SKU034,2025-01-27,actual,16.0,14.5,16.0,16.0,0
SKU034,2025-02-03,actual,13.0,14.0,13.0,13.0,0
SKU034,2025-02-10,actual,8.0,15.0,8.0,8.0,0
SKU034,2025-02-17,actual,14.0,14.0,14.0,14.0,0
SKU034,2025-02-24,actual,13.0,12.75,13.0,13.0,0
SKU034,2025-03-03,actual,8.0,12.0,8.0,8.0,0
SKU034,2025-03-10,actual,12.0,10.75,12.0,12.0,0
SKU034,2025-03-17,actual,11.0,11.75,11.0,11.0,0
SKU034,2025-03-24,actual,11.0,11.0,11.0,11.0,0
SKU034,2025-03-31,actual,11.0,10.5,11.0,11.0,0
SKU034,2025-04-07,actual,11.0,11.25,11.0,11.0,0
SKU034,2025-04-14,actual,10.0,11.0,10.0,10.0,0
SKU034,2025-04-21,actual,9.0,10.75,9.0,9.0,0
SKU034,2025-04-28,actual,14.0,10.25,14.0,14.0,0
SKU034,2025-05-05,actual,10.0,11.0,10.0,10.0,0
SKU034,2025-05-12,actual,15.0,10.75,15.0,15.0,0
SKU034,2025-05-19,actual,12.0,12.0,12.0,12.0,0
SKU034,2025-05-26,actual,6.0,4.0,6.0,6.0,0
SKU034,2025-06-02,actual,9.0,4.0,9.0,9.0,0
SKU034,2025-06-09,actual,9.0,5.0,9.0,9.0,0
SKU034,2025-06-16,actual,10.0,14.0,10.0,10.0,0
SKU034,2025-06-23,actual,12.0,6.0,12.0,12.0,0
SKU034,2025-06-30,actual,10.0,13.0,10.0,10.0,0
SKU034,2025-07-07,actual,20.0,13.0,20.0,20.0,0
SKU034,2025-07-14,actual,12.0,14.0,12.0,12.0,0
SKU034,2025-07-21,actual,15.0,5.0,15.0,15.0,0
SKU034,2025-07-28,actual,8.0,18.0,8.0,8.0,0
SKU034,2025-08-04,actual,5.0,12.0,5.0,5.0,0
SKU034,2025-08-11,actual,20.0,30.0,20.0,20.0,0
SKU034,2025-08-18,actual,21.0,12.0,21.0,21.0,0
SKU034,2025-08-25,actual,13.0,9.0,13.0,13.0,0
SKU034,2025-09-01,actual,18.0,7.0,18.0,18.0,0
SKU034,2025-09-08,actual,12.0,16.0,12.0,12.0,0
SKU034,2025-09-15,actual,18.0,18.0,18.0,18.0,0
SKU034,2025-09-22,actual,20.0,15.0,20.0,20.0,0
SKU034,2025-09-29,actual,19.0,7.0,19.0,19.0,0
SKU034,2025-10-06,actual,20.0,20.0,20.0,20.0,0
SKU034,2025-10-13,actual,25.0,20.0,25.0,25.0,0
SKU034,2025-10-20,actual,25.0,18.0,25.0,25.0,0
SKU034,2025-10-27,actual,16.0,14.0,16.0,16.0,0
SKU034,2025-11-03,actual,13.0,13.0,13.0,13.0,0
SKU034,2025-11-10,actual,20.0,32.0,20.0,20.0,0
SKU034,2025-11-17,actual,14.0,22.0,14.0,14.0,0
SKU034,2025-11-24,actual,15.0,18.0,15.0,15.0,0
SKU034,2025-12-01,actual,18.0,27.0,18.0,18.0,0
SKU034,2025-12-08,actual,19.0,13.0,19.0,19.0,0
SKU034,2025-12-15,actual,17.0,20.0,17.0,17.0,0
SKU034,2025-12-22,actual,28.0,37.0,28.0,28.0,0
SKU034,2025-12-29,actual,17.0,18.0,17.0,17.0,0
SKU034,2026-01-05,actual,25.0,9.0,25.0,25.0,0
SKU034,2026-01-12,actual,25.0,12.0,25.0,25.0,0
SKU034,2026-01-19,actual,12.0,19.0,12.0,12.0,0
SKU034,2026-01-26,actual,20.0,16.0,20.0,20.0,0
SKU034,2026-02-02,actual,15.0,13.0,15.0,15.0,0
SKU034,2026-02-09,actual,16.0,8.0,16.0,16.0,0
SKU034,2026-02-16,actual,10.0,14.0,10.0,10.0,0
SKU034,2026-02-23,actual,7.0,13.0,7.0,7.0,0
SKU034,2026-03-02,actual,10.0,8.0,10.0,10.0,0
SKU034,2026-03-09,actual,11.0,12.0,11.0,11.0,0
SKU034,2026-03-16,actual,16.0,11.0,16.0,16.0,0
SKU034,2026-03-23,actual,14.0,11.0,14.0,14.0,0
SKU034,2026-03-30,actual,16.0,11.0,16.0,16.0,0
SKU034,2026-04-06,actual,9.0,11.0,9.0,9.0,0
SKU034,2026-04-13,actual,9.0,10.0,9.0,9.0,0
SKU034,2026-04-20,actual,6.0,9.0,6.0,6.0,0
SKU034,2026-04-27,actual,8.0,14.0,8.0,8.0,0
SKU034,2026-05-04,actual,12.0,10.0,12.0,12.0,0
SKU034,2026-05-11,actual,10.0,15.0,10.0,10.0,0
SKU034,2026-05-18,actual,8.0,12.0,8.0,8.0,0
SKU034,2026-05-25,actual,9.0,6.0,9.0,9.0,0
SKU034,2026-06-01,actual,5.0,9.0,5.0,5.0,0
SKU034,2026-06-08,actual,9.0,9.0,9.0,9.0,0
SKU034,2026-06-15,actual,11.0,10.0,11.0,11.0,0
SKU035,2025-07-07,actual,1.0,0.0,1.0,1.0,0
SKU035,2025-07-14,actual,6.0,1.0,6.0,6.0,0
SKU035,2025-07-21,actual,14.0,3.5,14.0,14.0,0
SKU035,2025-07-28,actual,9.0,7.0,9.0,9.0,0
SKU035,2025-08-04,actual,10.0,7.5,10.0,10.0,0
SKU035,2025-08-11,actual,12.0,9.75,12.0,12.0,0
SKU035,2025-08-18,actual,10.0,11.25,10.0,10.0,0
SKU035,2025-08-25,actual,13.0,10.25,13.0,13.0,0
SKU035,2025-09-01,actual,5.0,11.25,5.0,5.0,0
SKU035,2025-09-08,actual,9.0,10.0,9.0,9.0,0
SKU035,2025-09-15,actual,6.0,9.25,6.0,6.0,0
SKU035,2025-09-22,actual,0.0,8.25,0.0,0.0,0
SKU035,2025-09-29,actual,12.0,5.0,12.0,12.0,0
SKU035,2025-10-06,actual,4.0,6.75,4.0,4.0,0
SKU035,2025-10-13,actual,5.0,5.5,5.0,5.0,0
SKU035,2025-10-20,actual,12.0,5.25,12.0,12.0,0
SKU035,2025-10-27,actual,10.0,8.25,10.0,10.0,0
SKU035,2025-11-03,actual,5.0,7.75,5.0,5.0,0
SKU035,2025-11-10,actual,9.0,8.0,9.0,9.0,0
SKU035,2025-11-17,actual,7.0,9.0,7.0,7.0,0
SKU035,2025-11-24,actual,7.0,7.75,7.0,7.0,0
SKU035,2025-12-01,actual,1.0,7.0,1.0,1.0,0
SKU035,2025-12-08,actual,4.0,6.0,4.0,4.0,0
SKU035,2025-12-15,actual,3.0,4.75,3.0,3.0,0
SKU035,2025-12-22,actual,11.0,3.75,11.0,11.0,0
SKU035,2025-12-29,actual,7.0,4.75,7.0,7.0,0
SKU035,2026-01-05,actual,3.0,6.25,3.0,3.0,0
SKU035,2026-01-12,actual,8.0,6.0,8.0,8.0,0
SKU035,2026-01-19,actual,2.0,7.25,2.0,2.0,0
SKU035,2026-01-26,actual,10.0,5.0,10.0,10.0,0
SKU035,2026-02-02,actual,4.0,5.75,4.0,4.0,0
SKU035,2026-02-09,actual,5.0,6.0,5.0,5.0,0
SKU035,2026-02-16,actual,2.0,5.25,2.0,2.0,0
SKU035,2026-02-23,actual,5.0,5.25,5.0,5.0,0
SKU035,2026-03-02,actual,6.0,4.0,6.0,6.0,0
SKU035,2026-03-09,actual,4.0,4.5,4.0,4.0,0
SKU035,2026-03-16,actual,13.0,4.25,13.0,13.0,0
SKU035,2026-03-23,actual,4.0,7.0,4.0,4.0,0
SKU035,2026-03-30,actual,5.0,6.75,5.0,5.0,0
SKU035,2026-04-06,actual,10.0,6.5,10.0,10.0,0
SKU035,2026-04-13,actual,7.0,8.0,7.0,7.0,0
SKU035,2026-04-20,actual,9.0,6.5,9.0,9.0,0
SKU035,2026-04-27,actual,18.0,7.75,18.0,18.0,0
SKU035,2026-05-04,actual,10.0,11.0,10.0,10.0,0
SKU035,2026-05-11,actual,10.0,11.0,10.0,10.0,0
SKU035,2026-05-18,actual,7.0,11.75,7.0,7.0,0
SKU035,2026-05-25,actual,8.0,11.25,8.0,8.0,0
SKU035,2026-06-01,actual,10.0,8.75,10.0,10.0,0
SKU035,2026-06-08,actual,10.0,8.75,10.0,10.0,0
SKU035,2026-06-15,actual,6.0,8.75,6.0,6.0,0
SKU036,2024-05-27,actual,2.0,0.0,2.0,2.0,0
SKU036,2024-06-03,actual,9.0,2.0,9.0,9.0,0
SKU036,2024-06-10,actual,11.0,5.5,11.0,11.0,0
SKU036,2024-06-17,actual,4.0,7.333333333333333,4.0,4.0,0
SKU036,2024-06-24,actual,7.0,6.5,7.0,7.0,0
SKU036,2024-07-01,actual,3.0,7.75,3.0,3.0,0
SKU036,2024-07-08,actual,12.0,6.25,12.0,12.0,0
SKU036,2024-07-15,actual,7.0,6.5,7.0,7.0,0
SKU036,2024-07-22,actual,5.0,7.25,5.0,5.0,0
SKU036,2024-07-29,actual,5.0,6.75,5.0,5.0,0
SKU036,2024-08-05,actual,7.0,7.25,7.0,7.0,0
SKU036,2024-08-12,actual,12.0,6.0,12.0,12.0,0
SKU036,2024-08-19,actual,10.0,7.25,10.0,10.0,0
SKU036,2024-08-26,actual,1.0,8.5,1.0,1.0,0
SKU036,2024-09-02,actual,10.0,7.5,10.0,10.0,0
SKU036,2024-09-09,actual,11.0,8.25,11.0,11.0,0
SKU036,2024-09-16,actual,9.0,8.0,9.0,9.0,0
SKU036,2024-09-23,actual,6.0,7.75,6.0,6.0,0
SKU036,2024-09-30,actual,6.0,9.0,6.0,6.0,0
SKU036,2024-10-07,actual,15.0,8.0,15.0,15.0,0
SKU036,2024-10-14,actual,10.0,9.0,10.0,10.0,0
SKU036,2024-10-21,actual,7.0,9.25,7.0,7.0,0
SKU036,2024-10-28,actual,17.0,9.5,17.0,17.0,0
SKU036,2024-11-04,actual,10.0,12.25,10.0,10.0,0
SKU036,2024-11-11,actual,10.0,11.0,10.0,10.0,0
SKU036,2024-11-18,actual,19.0,11.0,19.0,19.0,0
SKU036,2024-11-25,actual,13.0,14.0,13.0,13.0,0
SKU036,2024-12-02,actual,15.0,13.0,15.0,15.0,0
SKU036,2024-12-09,actual,7.0,14.25,7.0,7.0,0
SKU036,2024-12-16,actual,14.0,13.5,14.0,14.0,0
SKU036,2024-12-23,actual,18.0,12.25,18.0,18.0,0
SKU036,2024-12-30,actual,11.0,13.5,11.0,11.0,0
SKU036,2025-01-06,actual,15.0,12.5,15.0,15.0,0
SKU036,2025-01-13,actual,14.0,14.5,14.0,14.0,0
SKU036,2025-01-20,actual,21.0,14.5,21.0,21.0,0
SKU036,2025-01-27,actual,12.0,15.25,12.0,12.0,0
SKU036,2025-02-03,actual,19.0,15.5,19.0,19.0,0
SKU036,2025-02-10,actual,15.0,16.5,15.0,15.0,0
SKU036,2025-02-17,actual,8.0,16.75,8.0,8.0,0
SKU036,2025-02-24,actual,10.0,13.5,10.0,10.0,0
SKU036,2025-03-03,actual,7.0,13.0,7.0,7.0,0
SKU036,2025-03-10,actual,17.0,10.0,17.0,17.0,0
SKU036,2025-03-17,actual,5.0,10.5,5.0,5.0,0
SKU036,2025-03-24,actual,10.0,9.75,10.0,10.0,0
SKU036,2025-03-31,actual,11.0,9.75,11.0,11.0,0
SKU036,2025-04-07,actual,5.0,10.75,5.0,5.0,0
SKU036,2025-04-14,actual,13.0,7.75,13.0,13.0,0
SKU036,2025-04-21,actual,7.0,9.75,7.0,7.0,0
SKU036,2025-04-28,actual,9.0,9.0,9.0,9.0,0
SKU036,2025-05-05,actual,7.0,8.5,7.0,7.0,0
SKU036,2025-05-12,actual,4.0,9.0,4.0,4.0,0
SKU036,2025-05-19,actual,9.0,6.75,9.0,9.0,0
SKU036,2025-05-26,actual,7.0,2.0,7.0,7.0,0
SKU036,2025-06-02,actual,10.0,9.0,10.0,10.0,0
SKU036,2025-06-09,actual,13.0,11.0,13.0,13.0,0
SKU036,2025-06-16,actual,7.0,4.0,7.0,7.0,0
SKU036,2025-06-23,actual,2.0,7.0,2.0,2.0,0
SKU036,2025-06-30,actual,8.0,3.0,8.0,8.0,0
SKU036,2025-07-07,actual,3.0,12.0,3.0,3.0,0
SKU036,2025-07-14,actual,8.0,7.0,8.0,8.0,0
SKU036,2025-07-21,actual,10.0,5.0,10.0,10.0,0
SKU036,2025-07-28,actual,11.0,5.0,11.0,11.0,0
SKU036,2025-08-04,actual,6.0,7.0,6.0,6.0,0
SKU036,2025-08-11,actual,16.0,12.0,16.0,16.0,0
SKU036,2025-08-18,actual,10.0,10.0,10.0,10.0,0
SKU036,2025-08-25,actual,1.0,1.0,1.0,1.0,0
SKU036,2025-09-01,actual,8.0,10.0,8.0,8.0,0
SKU036,2025-09-08,actual,12.0,11.0,12.0,12.0,0
SKU036,2025-09-15,actual,10.0,9.0,10.0,10.0,0
SKU036,2025-09-22,actual,12.0,6.0,12.0,12.0,0
SKU036,2025-09-29,actual,6.0,6.0,6.0,6.0,0
SKU036,2025-10-06,actual,15.0,15.0,15.0,15.0,0
SKU036,2025-10-13,actual,9.0,10.0,9.0,9.0,0
SKU036,2025-10-20,actual,16.0,7.0,16.0,16.0,0
SKU036,2025-10-27,actual,10.0,17.0,10.0,10.0,0
SKU036,2025-11-03,actual,10.0,10.0,10.0,10.0,0
SKU036,2025-11-10,actual,12.0,10.0,12.0,12.0,0
SKU036,2025-11-17,actual,10.0,19.0,10.0,10.0,0
SKU036,2025-11-24,actual,12.0,13.0,12.0,12.0,0
SKU036,2025-12-01,actual,7.0,15.0,7.0,7.0,0
SKU036,2025-12-08,actual,12.0,7.0,12.0,12.0,0
SKU036,2025-12-15,actual,19.0,14.0,19.0,19.0,0
SKU036,2025-12-22,actual,10.0,18.0,10.0,10.0,0
SKU036,2025-12-29,actual,22.0,11.0,22.0,22.0,0
SKU036,2026-01-05,actual,11.0,15.0,11.0,11.0,0
SKU036,2026-01-12,actual,13.0,14.0,13.0,13.0,0
SKU036,2026-01-19,actual,18.0,21.0,18.0,18.0,0
SKU036,2026-01-26,actual,23.0,12.0,23.0,23.0,0
SKU036,2026-02-02,actual,13.0,19.0,13.0,13.0,0
SKU036,2026-02-09,actual,11.0,15.0,11.0,11.0,0
SKU036,2026-02-16,actual,16.0,8.0,16.0,16.0,0
SKU036,2026-02-23,actual,7.0,10.0,7.0,7.0,0
SKU036,2026-03-02,actual,12.0,7.0,12.0,12.0,0
SKU036,2026-03-09,actual,10.0,17.0,10.0,10.0,0
SKU036,2026-03-16,actual,10.0,5.0,10.0,10.0,0
SKU036,2026-03-23,actual,10.0,10.0,10.0,10.0,0
SKU036,2026-03-30,actual,10.0,11.0,10.0,10.0,0
SKU036,2026-04-06,actual,7.0,5.0,7.0,7.0,0
SKU036,2026-04-13,actual,11.0,13.0,11.0,11.0,0
SKU036,2026-04-20,actual,12.0,7.0,12.0,12.0,0
SKU036,2026-04-27,actual,6.0,9.0,6.0,6.0,0
SKU036,2026-05-04,actual,8.0,7.0,8.0,8.0,0
SKU036,2026-05-11,actual,8.0,4.0,8.0,8.0,0
SKU036,2026-05-18,actual,9.0,9.0,9.0,9.0,0
SKU036,2026-05-25,actual,11.0,7.0,11.0,11.0,0
SKU036,2026-06-01,actual,6.0,10.0,6.0,6.0,0
SKU036,2026-06-08,actual,4.0,13.0,4.0,4.0,0
SKU036,2026-06-15,actual,7.0,7.0,7.0,7.0,0
SKU037,2025-03-24,actual,27.0,0.0,27.0,27.0,0
SKU037,2025-03-31,actual,26.0,27.0,26.0,26.0,0
SKU037,2025-04-07,actual,38.0,26.5,38.0,38.0,0
SKU037,2025-04-14,actual,27.0,30.333333333333332,27.0,27.0,0
SKU037,2025-04-21,actual,17.0,29.5,17.0,17.0,0
SKU037,2025-04-28,actual,24.0,27.0,24.0,24.0,0
SKU037,2025-05-05,actual,25.0,26.5,25.0,25.0,0
SKU037,2025-05-12,actual,24.0,23.25,24.0,24.0,0
SKU037,2025-05-19,actual,28.0,22.5,28.0,28.0,0
SKU037,2025-05-26,actual,27.0,25.25,27.0,27.0,0
SKU037,2025-06-02,actual,29.0,26.0,29.0,29.0,0
SKU037,2025-06-09,actual,22.0,27.0,22.0,22.0,0
SKU037,2025-06-16,actual,26.0,26.5,26.0,26.0,0
SKU037,2025-06-23,actual,15.0,26.0,15.0,15.0,0
SKU037,2025-06-30,actual,21.0,23.0,21.0,21.0,0
SKU037,2025-07-07,actual,14.0,21.0,14.0,14.0,0
SKU037,2025-07-14,actual,14.0,19.0,14.0,14.0,0
SKU037,2025-07-21,actual,16.0,16.0,16.0,16.0,0
SKU037,2025-07-28,actual,13.0,16.25,13.0,13.0,0
SKU037,2025-08-04,actual,7.0,14.25,7.0,7.0,0
SKU037,2025-08-11,actual,21.0,12.5,21.0,21.0,0
SKU037,2025-08-18,actual,13.0,14.25,13.0,13.0,0
SKU037,2025-08-25,actual,20.0,13.5,20.0,20.0,0
SKU037,2025-09-01,actual,15.0,15.25,15.0,15.0,0
SKU037,2025-09-08,actual,13.0,17.25,13.0,13.0,0
SKU037,2025-09-15,actual,9.0,15.25,9.0,9.0,0
SKU037,2025-09-22,actual,10.0,14.25,10.0,10.0,0
SKU037,2025-09-29,actual,5.0,11.75,5.0,5.0,0
SKU037,2025-10-06,actual,13.0,9.25,13.0,13.0,0
SKU037,2025-10-13,actual,9.0,9.25,9.0,9.0,0
SKU037,2025-10-20,actual,28.0,9.25,28.0,28.0,0
SKU037,2025-10-27,actual,24.0,13.75,24.0,24.0,0
SKU037,2025-11-03,actual,17.0,18.5,17.0,17.0,0
SKU037,2025-11-10,actual,12.0,19.5,12.0,12.0,0
SKU037,2025-11-17,actual,9.0,20.25,9.0,9.0,0
SKU037,2025-11-24,actual,21.0,15.5,21.0,21.0,0
SKU037,2025-12-01,actual,18.0,14.75,18.0,18.0,0
SKU037,2025-12-08,actual,15.0,15.0,15.0,15.0,0
SKU037,2025-12-15,actual,17.0,15.75,17.0,17.0,0
SKU037,2025-12-22,actual,27.0,17.75,27.0,27.0,0
SKU037,2025-12-29,actual,19.0,19.25,19.0,19.0,0
SKU037,2026-01-05,actual,27.0,19.5,27.0,27.0,0
SKU037,2026-01-12,actual,18.0,22.5,18.0,18.0,0
SKU037,2026-01-19,actual,24.0,22.75,24.0,24.0,0
SKU037,2026-01-26,actual,32.0,22.0,32.0,32.0,0
SKU037,2026-02-02,actual,37.0,25.25,37.0,37.0,0
SKU037,2026-02-09,actual,22.0,27.75,22.0,22.0,0
SKU037,2026-02-16,actual,24.0,28.75,24.0,24.0,0
SKU037,2026-02-23,actual,33.0,28.75,33.0,33.0,0
SKU037,2026-03-02,actual,25.0,29.0,25.0,25.0,0
SKU037,2026-03-09,actual,21.0,26.0,21.0,21.0,0
SKU037,2026-03-16,actual,22.0,25.75,22.0,22.0,0
SKU037,2026-03-23,actual,19.0,27.0,19.0,19.0,0
SKU037,2026-03-30,actual,22.0,26.0,22.0,22.0,0
SKU037,2026-04-06,actual,19.0,38.0,19.0,19.0,0
SKU037,2026-04-13,actual,16.0,27.0,16.0,16.0,0
SKU037,2026-04-20,actual,19.0,17.0,19.0,19.0,0
SKU037,2026-04-27,actual,25.0,24.0,25.0,25.0,0
SKU037,2026-05-04,actual,34.0,25.0,34.0,34.0,0
SKU037,2026-05-11,actual,21.0,24.0,21.0,21.0,0
SKU037,2026-05-18,actual,14.0,28.0,14.0,14.0,0
SKU037,2026-05-25,actual,18.0,27.0,18.0,18.0,0
SKU037,2026-06-01,actual,10.0,29.0,10.0,10.0,0
SKU037,2026-06-08,actual,27.0,22.0,27.0,27.0,0
SKU037,2026-06-15,actual,21.0,26.0,21.0,21.0,0
SKU038,2024-05-27,actual,6.0,0.0,6.0,6.0,0
SKU038,2024-06-03,actual,18.0,6.0,18.0,18.0,0
SKU038,2024-06-10,actual,8.0,12.0,8.0,8.0,0
SKU038,2024-06-17,actual,3.0,10.666666666666666,3.0,3.0,0
SKU038,2024-06-24,actual,9.0,8.75,9.0,9.0,0
SKU038,2024-07-01,actual,9.0,9.5,9.0,9.0,0
SKU038,2024-07-08,actual,8.0,7.25,8.0,8.0,0
SKU038,2024-07-15,actual,10.0,7.25,10.0,10.0,0
SKU038,2024-07-22,actual,14.0,9.0,14.0,14.0,0
SKU038,2024-07-29,actual,12.0,10.25,12.0,12.0,0
SKU038,2024-08-05,actual,13.0,11.0,13.0,13.0,0
SKU038,2024-08-12,actual,8.0,12.25,8.0,8.0,0
SKU038,2024-08-19,actual,7.0,11.75,7.0,7.0,0
SKU038,2024-08-26,actual,14.0,10.0,14.0,14.0,0
SKU038,2024-09-02,actual,4.0,10.5,4.0,4.0,0
SKU038,2024-09-09,actual,7.0,8.25,7.0,7.0,0
SKU038,2024-09-16,actual,3.0,8.0,3.0,3.0,0
SKU038,2024-09-23,actual,6.0,7.0,6.0,6.0,0
SKU038,2024-09-30,actual,7.0,5.0,7.0,7.0,0
SKU038,2024-10-07,actual,8.0,5.75,8.0,8.0,0
SKU038,2024-10-14,actual,11.0,6.0,11.0,11.0,0
SKU038,2024-10-21,actual,18.0,8.0,18.0,18.0,0
SKU038,2024-10-28,actual,6.0,11.0,6.0,6.0,0
SKU038,2024-11-04,actual,9.0,10.75,9.0,9.0,0
SKU038,2024-11-11,actual,8.0,11.0,8.0,8.0,0
SKU038,2024-11-18,actual,10.0,10.25,10.0,10.0,0
SKU038,2024-11-25,actual,12.0,8.25,12.0,12.0,0
SKU038,2024-12-02,actual,9.0,9.75,9.0,9.0,0
SKU038,2024-12-09,actual,11.0,9.75,11.0,11.0,0
SKU038,2024-12-16,actual,7.0,10.5,7.0,7.0,0
SKU038,2024-12-23,actual,16.0,9.75,16.0,16.0,0
SKU038,2024-12-30,actual,6.0,10.75,6.0,6.0,0
SKU038,2025-01-06,actual,15.0,10.0,15.0,15.0,0
SKU038,2025-01-13,actual,14.0,11.0,14.0,14.0,0
SKU038,2025-01-20,actual,18.0,12.75,18.0,18.0,0
SKU038,2025-01-27,actual,12.0,13.25,12.0,12.0,0
SKU038,2025-02-03,actual,16.0,14.75,16.0,16.0,0
SKU038,2025-02-10,actual,8.0,15.0,8.0,8.0,0
SKU038,2025-02-17,actual,13.0,13.5,13.0,13.0,0
SKU038,2025-02-24,actual,14.0,12.25,14.0,14.0,0
SKU038,2025-03-03,actual,13.0,12.75,13.0,13.0,0
SKU038,2025-03-10,actual,14.0,12.0,14.0,14.0,0
SKU038,2025-03-17,actual,10.0,13.5,10.0,10.0,0
SKU038,2025-03-24,actual,12.0,12.75,12.0,12.0,0
SKU038,2025-03-31,actual,9.0,12.25,9.0,9.0,0
SKU038,2025-04-07,actual,13.0,11.25,13.0,13.0,0
SKU038,2025-04-14,actual,14.0,11.0,14.0,14.0,0
SKU038,2025-04-21,actual,11.0,12.0,11.0,11.0,0
SKU038,2025-04-28,actual,14.0,11.75,14.0,14.0,0
SKU038,2025-05-05,actual,15.0,13.0,15.0,15.0,0
SKU038,2025-05-12,actual,6.0,13.5,6.0,6.0,0
SKU038,2025-05-19,actual,8.0,11.5,8.0,8.0,0
SKU038,2025-05-26,actual,10.0,6.0,10.0,10.0,0
SKU038,2025-06-02,actual,18.0,18.0,18.0,18.0,0
SKU038,2025-06-09,actual,10.0,8.0,10.0,10.0,0
SKU038,2025-06-16,actual,9.0,3.0,9.0,9.0,0
SKU038,2025-06-23,actual,6.0,9.0,6.0,6.0,0
SKU038,2025-06-30,actual,14.0,9.0,14.0,14.0,0
SKU038,2025-07-07,actual,8.0,8.0,8.0,8.0,0
SKU038,2025-07-14,actual,12.0,10.0,12.0,12.0,0
SKU038,2025-07-21,actual,3.0,14.0,3.0,3.0,0
SKU038,2025-07-28,actual,4.0,12.0,4.0,4.0,0
SKU038,2025-08-04,actual,8.0,13.0,8.0,8.0,0
SKU038,2025-08-11,actual,12.0,8.0,12.0,12.0,0
SKU038,2025-08-18,actual,10.0,7.0,10.0,10.0,0
SKU038,2025-08-25,actual,5.0,14.0,5.0,5.0,0
SKU038,2025-09-01,actual,6.0,4.0,6.0,6.0,0
SKU038,2025-09-08,actual,8.0,7.0,8.0,8.0,0
SKU038,2025-09-15,actual,10.0,3.0,10.0,10.0,0
SKU038,2025-09-22,actual,10.0,6.0,10.0,10.0,0
SKU038,2025-09-29,actual,8.0,7.0,8.0,8.0,0
SKU038,2025-10-06,actual,4.0,8.0,4.0,4.0,0
SKU038,2025-10-13,actual,7.0,11.0,7.0,7.0,0
SKU038,2025-10-20,actual,12.0,18.0,12.0,12.0,0
SKU038,2025-10-27,actual,6.0,6.0,6.0,6.0,0
SKU038,2025-11-03,actual,10.0,9.0,10.0,10.0,0
SKU038,2025-11-10,actual,8.0,8.0,8.0,8.0,0
SKU038,2025-11-17,actual,8.0,10.0,8.0,8.0,0
SKU038,2025-11-24,actual,13.0,12.0,13.0,13.0,0
SKU038,2025-12-01,actual,15.0,9.0,15.0,15.0,0
SKU038,2025-12-08,actual,11.0,11.0,11.0,11.0,0
SKU038,2025-12-15,actual,10.0,7.0,10.0,10.0,0
SKU038,2025-12-22,actual,21.0,16.0,21.0,21.0,0
SKU038,2025-12-29,actual,10.0,6.0,10.0,10.0,0
SKU038,2026-01-05,actual,12.0,15.0,12.0,12.0,0
SKU038,2026-01-12,actual,8.0,14.0,8.0,8.0,0
SKU038,2026-01-19,actual,10.0,18.0,10.0,10.0,0
SKU038,2026-01-26,actual,22.0,12.0,22.0,22.0,0
SKU038,2026-02-02,actual,13.0,16.0,13.0,13.0,0
SKU038,2026-02-09,actual,14.0,8.0,14.0,14.0,0
SKU038,2026-02-16,actual,17.0,13.0,17.0,17.0,0
SKU038,2026-02-23,actual,17.0,14.0,17.0,17.0,0
SKU038,2026-03-02,actual,14.0,13.0,14.0,14.0,0
SKU038,2026-03-09,actual,13.0,14.0,13.0,13.0,0
SKU038,2026-03-16,actual,14.0,10.0,14.0,14.0,0
SKU038,2026-03-23,actual,12.0,12.0,12.0,12.0,0
SKU038,2026-03-30,actual,13.0,9.0,13.0,13.0,0
SKU038,2026-04-06,actual,17.0,13.0,17.0,17.0,0
SKU038,2026-04-13,actual,12.0,14.0,12.0,12.0,0
SKU038,2026-04-20,actual,15.0,11.0,15.0,15.0,0
SKU038,2026-04-27,actual,15.0,14.0,15.0,15.0,0
SKU038,2026-05-04,actual,21.0,15.0,21.0,21.0,0
SKU038,2026-05-11,actual,12.0,6.0,12.0,12.0,0
SKU038,2026-05-18,actual,15.0,8.0,15.0,15.0,0
SKU038,2026-05-25,actual,8.0,10.0,8.0,8.0,0
SKU038,2026-06-01,actual,14.0,18.0,14.0,14.0,0
SKU038,2026-06-08,actual,9.0,10.0,9.0,9.0,0
SKU038,2026-06-15,actual,10.0,9.0,10.0,10.0,0
SKU039,2024-07-01,actual,5.0,0.0,5.0,5.0,0
SKU039,2024-07-08,actual,9.0,5.0,9.0,9.0,0
SKU039,2024-07-15,actual,6.0,7.0,6.0,6.0,0
SKU039,2024-07-22,actual,8.0,6.666666666666667,8.0,8.0,0
SKU039,2024-07-29,actual,13.0,7.0,13.0,13.0,0
SKU039,2024-08-05,actual,8.0,9.0,8.0,8.0,0
SKU039,2024-08-12,actual,18.0,8.75,18.0,18.0,0
SKU039,2024-08-19,actual,6.0,11.75,6.0,6.0,0
SKU039,2024-08-26,actual,9.0,11.25,9.0,9.0,0
SKU039,2024-09-02,actual,4.0,10.25,4.0,4.0,0
SKU039,2024-09-09,actual,7.0,9.25,7.0,7.0,0
SKU039,2024-09-16,actual,10.0,6.5,10.0,10.0,0
SKU039,2024-09-23,actual,11.0,7.5,11.0,11.0,0
SKU039,2024-09-30,actual,13.0,8.0,13.0,13.0,0
SKU039,2024-10-07,actual,8.0,10.25,8.0,8.0,0
SKU039,2024-10-14,actual,7.0,10.5,7.0,7.0,0
SKU039,2024-10-21,actual,15.0,9.75,15.0,15.0,0
SKU039,2024-10-28,actual,6.0,10.75,6.0,6.0,0
SKU039,2024-11-04,actual,6.0,9.0,6.0,6.0,0
SKU039,2024-11-11,actual,19.0,8.5,19.0,19.0,0
SKU039,2024-11-18,actual,9.0,11.5,9.0,9.0,0
SKU039,2024-11-25,actual,10.0,10.0,10.0,10.0,0
SKU039,2024-12-02,actual,12.0,11.0,12.0,12.0,0
SKU039,2024-12-09,actual,10.0,12.5,10.0,10.0,0
SKU039,2024-12-16,actual,10.0,10.25,10.0,10.0,0
SKU039,2024-12-23,actual,16.0,10.5,16.0,16.0,0
SKU039,2024-12-30,actual,10.0,12.0,10.0,10.0,0
SKU039,2025-01-06,actual,16.0,11.5,16.0,16.0,0
SKU039,2025-01-13,actual,9.0,13.0,9.0,9.0,0
SKU039,2025-01-20,actual,25.0,12.75,25.0,25.0,0
SKU039,2025-01-27,actual,14.0,15.0,14.0,14.0,0
SKU039,2025-02-03,actual,10.0,16.0,10.0,10.0,0
SKU039,2025-02-10,actual,20.0,14.5,20.0,20.0,0
SKU039,2025-02-17,actual,12.0,17.25,12.0,12.0,0
SKU039,2025-02-24,actual,8.0,14.0,8.0,8.0,0
SKU039,2025-03-03,actual,15.0,12.5,15.0,15.0,0
SKU039,2025-03-10,actual,15.0,13.75,15.0,15.0,0
SKU039,2025-03-17,actual,8.0,12.5,8.0,8.0,0
SKU039,2025-03-24,actual,11.0,11.5,11.0,11.0,0
SKU039,2025-03-31,actual,15.0,12.25,15.0,15.0,0
SKU039,2025-04-07,actual,12.0,12.25,12.0,12.0,0
SKU039,2025-04-14,actual,15.0,11.5,15.0,15.0,0
SKU039,2025-04-21,actual,15.0,13.25,15.0,15.0,0
SKU039,2025-04-28,actual,21.0,14.25,21.0,21.0,0
SKU039,2025-05-05,actual,20.0,15.75,20.0,20.0,0
SKU039,2025-05-12,actual,13.0,17.75,13.0,13.0,0
SKU039,2025-05-19,actual,15.0,17.25,15.0,15.0,0
SKU039,2025-05-26,actual,13.0,17.25,13.0,13.0,0
SKU039,2025-06-02,actual,11.0,15.25,11.0,11.0,0
SKU039,2025-06-09,actual,18.0,13.0,18.0,18.0,0
SKU039,2025-06-16,actual,6.0,14.25,6.0,6.0,0
SKU039,2025-06-23,actual,11.0,12.0,11.0,11.0,0
SKU039,2025-06-30,actual,6.0,5.0,6.0,6.0,0
SKU039,2025-07-07,actual,11.0,9.0,11.0,11.0,0
SKU039,2025-07-14,actual,8.0,6.0,8.0,8.0,0
SKU039,2025-07-21,actual,11.0,8.0,11.0,11.0,0
SKU039,2025-07-28,actual,6.0,13.0,6.0,6.0,0
SKU039,2025-08-04,actual,4.0,8.0,4.0,4.0,0
SKU039,2025-08-11,actual,16.0,18.0,16.0,16.0,0
SKU039,2025-08-18,actual,10.0,6.0,10.0,10.0,0
SKU039,2025-08-25,actual,12.0,9.0,12.0,12.0,0
SKU039,2025-09-01,actual,4.0,4.0,4.0,4.0,0
SKU039,2025-09-08,actual,10.0,7.0,10.0,10.0,0
SKU039,2025-09-15,actual,4.0,10.0,4.0,4.0,0
SKU039,2025-09-22,actual,11.0,11.0,11.0,11.0,0
SKU039,2025-09-29,actual,6.0,13.0,6.0,6.0,0
SKU039,2025-10-06,actual,7.0,8.0,7.0,7.0,0
SKU039,2025-10-13,actual,9.0,7.0,9.0,9.0,0
SKU039,2025-10-20,actual,10.0,15.0,10.0,10.0,0
SKU039,2025-10-27,actual,12.0,6.0,12.0,12.0,0
SKU039,2025-11-03,actual,11.0,6.0,11.0,11.0,0
SKU039,2025-11-10,actual,5.0,19.0,5.0,5.0,0
SKU039,2025-11-17,actual,9.0,9.0,9.0,9.0,0
SKU039,2025-11-24,actual,13.0,10.0,13.0,13.0,0
SKU039,2025-12-01,actual,13.0,12.0,13.0,13.0,0
SKU039,2025-12-08,actual,6.0,10.0,6.0,6.0,0
SKU039,2025-12-15,actual,6.0,10.0,6.0,6.0,0
SKU039,2025-12-22,actual,16.0,16.0,16.0,16.0,0
SKU039,2025-12-29,actual,11.0,10.0,11.0,11.0,0
SKU039,2026-01-05,actual,11.0,16.0,11.0,11.0,0
SKU039,2026-01-12,actual,12.0,9.0,12.0,12.0,0
SKU039,2026-01-19,actual,16.0,25.0,16.0,16.0,0
SKU039,2026-01-26,actual,16.0,14.0,16.0,16.0,0
SKU039,2026-02-02,actual,15.0,10.0,15.0,15.0,0
SKU039,2026-02-09,actual,11.0,20.0,11.0,11.0,0
SKU039,2026-02-16,actual,18.0,12.0,18.0,18.0,0
SKU039,2026-02-23,actual,7.0,8.0,7.0,7.0,0
SKU039,2026-03-02,actual,9.0,15.0,9.0,9.0,0
SKU039,2026-03-09,actual,18.0,15.0,18.0,18.0,0
SKU039,2026-03-16,actual,20.0,8.0,20.0,20.0,0
SKU039,2026-03-23,actual,8.0,11.0,8.0,8.0,0
SKU039,2026-03-30,actual,9.0,15.0,9.0,9.0,0
SKU039,2026-04-06,actual,12.0,12.0,12.0,12.0,0
SKU039,2026-04-13,actual,12.0,15.0,12.0,12.0,0
SKU039,2026-04-20,actual,16.0,15.0,16.0,16.0,0
SKU039,2026-04-27,actual,21.0,21.0,21.0,21.0,0
SKU039,2026-05-04,actual,14.0,20.0,14.0,14.0,0
SKU039,2026-05-11,actual,11.0,13.0,11.0,11.0,0
SKU039,2026-05-18,actual,12.0,15.0,12.0,12.0,0
SKU039,2026-05-25,actual,13.0,13.0,13.0,13.0,0
SKU039,2026-06-01,actual,15.0,11.0,15.0,15.0,0
SKU039,2026-06-08,actual,7.0,18.0,7.0,7.0,0
SKU039,2026-06-15,actual,9.0,6.0,9.0,9.0,0
SKU040,2024-06-10,actual,7.0,0.0,7.0,7.0,0
SKU040,2024-06-17,actual,26.0,7.0,26.0,26.0,0
SKU040,2024-06-24,actual,21.0,16.5,21.0,21.0,0
SKU040,2024-07-01,actual,25.0,18.0,25.0,25.0,0
SKU040,2024-07-08,actual,19.0,19.75,19.0,19.0,0
SKU040,2024-07-15,actual,26.0,22.75,26.0,26.0,0
SKU040,2024-07-22,actual,24.0,22.75,24.0,24.0,0
SKU040,2024-07-29,actual,32.0,23.5,32.0,32.0,0
SKU040,2024-08-05,actual,32.0,25.25,32.0,32.0,0
SKU040,2024-08-12,actual,29.0,28.5,29.0,29.0,0
SKU040,2024-08-19,actual,24.0,29.25,24.0,24.0,0
SKU040,2024-08-26,actual,24.0,29.25,24.0,24.0,0
SKU040,2024-09-02,actual,22.0,27.25,22.0,22.0,0
SKU040,2024-09-09,actual,21.0,24.75,21.0,21.0,0
SKU040,2024-09-16,actual,31.0,22.75,31.0,31.0,0
SKU040,2024-09-23,actual,12.0,24.5,12.0,12.0,0
SKU040,2024-09-30,actual,21.0,21.5,21.0,21.0,0
SKU040,2024-10-07,actual,16.0,21.25,16.0,16.0,0
SKU040,2024-10-14,actual,18.0,20.0,18.0,18.0,0
SKU040,2024-10-21,actual,29.0,16.75,29.0,29.0,0
SKU040,2024-10-28,actual,15.0,21.0,15.0,15.0,0
SKU040,2024-11-04,actual,25.0,19.5,25.0,25.0,0
SKU040,2024-11-11,actual,25.0,21.75,25.0,25.0,0
SKU040,2024-11-18,actual,11.0,23.5,11.0,11.0,0
SKU040,2024-11-25,actual,16.0,19.0,16.0,16.0,0
SKU040,2024-12-02,actual,11.0,19.25,11.0,11.0,0
SKU040,2024-12-09,actual,16.0,15.75,16.0,16.0,0
SKU040,2024-12-16,actual,17.0,13.5,17.0,17.0,0
SKU040,2024-12-23,actual,23.0,15.0,23.0,23.0,0
SKU040,2024-12-30,actual,16.0,16.75,16.0,16.0,0
SKU040,2025-01-06,actual,16.0,18.0,16.0,16.0,0
SKU040,2025-01-13,actual,11.0,18.0,11.0,11.0,0
SKU040,2025-01-20,actual,16.0,16.5,16.0,16.0,0
SKU040,2025-01-27,actual,13.0,14.75,13.0,13.0,0
SKU040,2025-02-03,actual,19.0,14.0,19.0,19.0,0
SKU040,2025-02-10,actual,10.0,14.75,10.0,10.0,0
SKU040,2025-02-17,actual,10.0,14.5,10.0,10.0,0
SKU040,2025-02-24,actual,20.0,13.0,20.0,20.0,0
SKU040,2025-03-03,actual,20.0,14.75,20.0,20.0,0
SKU040,2025-03-10,actual,18.0,15.0,18.0,18.0,0
SKU040,2025-03-17,actual,15.0,17.0,15.0,15.0,0
SKU040,2025-03-24,actual,23.0,18.25,23.0,23.0,0
SKU040,2025-03-31,actual,23.0,19.0,23.0,23.0,0
SKU040,2025-04-07,actual,25.0,19.75,25.0,25.0,0
SKU040,2025-04-14,actual,17.0,21.5,17.0,17.0,0
SKU040,2025-04-21,actual,14.0,22.0,14.0,14.0,0
SKU040,2025-04-28,actual,29.0,19.75,29.0,29.0,0
SKU040,2025-05-05,actual,33.0,21.25,33.0,33.0,0
SKU040,2025-05-12,actual,26.0,23.25,26.0,26.0,0
SKU040,2025-05-19,actual,25.0,25.5,25.0,25.0,0
SKU040,2025-05-26,actual,21.0,28.25,21.0,21.0,0
SKU040,2025-06-02,actual,29.0,26.25,29.0,29.0,0
SKU040,2025-06-09,actual,24.0,7.0,24.0,24.0,0
SKU040,2025-06-16,actual,29.0,26.0,29.0,29.0,0
SKU040,2025-06-23,actual,20.0,21.0,20.0,20.0,0
SKU040,2025-06-30,actual,22.0,25.0,22.0,22.0,0
SKU040,2025-07-07,actual,18.0,19.0,18.0,18.0,0
SKU040,2025-07-14,actual,17.0,26.0,17.0,17.0,0
SKU040,2025-07-21,actual,21.0,24.0,21.0,21.0,0
SKU040,2025-07-28,actual,22.0,32.0,22.0,22.0,0
SKU040,2025-08-04,actual,22.0,32.0,22.0,22.0,0
SKU040,2025-08-11,actual,43.0,29.0,43.0,43.0,0
SKU040,2025-08-18,actual,17.0,24.0,17.0,17.0,0
SKU040,2025-08-25,actual,25.0,24.0,25.0,25.0,0
SKU040,2025-09-01,actual,20.0,22.0,20.0,20.0,0
SKU040,2025-09-08,actual,19.0,21.0,19.0,19.0,0
SKU040,2025-09-15,actual,18.0,31.0,18.0,18.0,0
SKU040,2025-09-22,actual,25.0,12.0,25.0,25.0,0
SKU040,2025-09-29,actual,23.0,21.0,23.0,23.0,0
SKU040,2025-10-06,actual,16.0,16.0,16.0,16.0,0
SKU040,2025-10-13,actual,19.0,18.0,19.0,19.0,0
SKU040,2025-10-20,actual,21.0,29.0,21.0,21.0,0
SKU040,2025-10-27,actual,26.0,15.0,26.0,26.0,0
SKU040,2025-11-03,actual,10.0,25.0,10.0,10.0,0
SKU040,2025-11-10,actual,12.0,25.0,12.0,12.0,0
SKU040,2025-11-17,actual,13.0,11.0,13.0,13.0,0
SKU040,2025-11-24,actual,5.0,16.0,5.0,5.0,0
SKU040,2025-12-01,actual,12.0,11.0,12.0,12.0,0
SKU040,2025-12-08,actual,20.0,16.0,20.0,20.0,0
SKU040,2025-12-15,actual,19.0,17.0,19.0,19.0,0
SKU040,2025-12-22,actual,17.0,23.0,17.0,17.0,0
SKU040,2025-12-29,actual,13.0,16.0,13.0,13.0,0
SKU040,2026-01-05,actual,18.0,16.0,18.0,18.0,0
SKU040,2026-01-12,actual,9.0,11.0,9.0,9.0,0
SKU040,2026-01-19,actual,13.0,16.0,13.0,13.0,0
SKU040,2026-01-26,actual,21.0,13.0,21.0,21.0,0
SKU040,2026-02-02,actual,11.0,19.0,11.0,11.0,0
SKU040,2026-02-09,actual,19.0,10.0,19.0,19.0,0
SKU040,2026-02-16,actual,14.0,10.0,14.0,14.0,0
SKU040,2026-02-23,actual,14.0,20.0,14.0,14.0,0
SKU040,2026-03-02,actual,16.0,20.0,16.0,16.0,0
SKU040,2026-03-09,actual,16.0,18.0,16.0,16.0,0
SKU040,2026-03-16,actual,17.0,15.0,17.0,17.0,0
SKU040,2026-03-23,actual,20.0,23.0,20.0,20.0,0
SKU040,2026-03-30,actual,17.0,23.0,17.0,17.0,0
SKU040,2026-04-06,actual,22.0,25.0,22.0,22.0,0
SKU040,2026-04-13,actual,20.0,17.0,20.0,20.0,0
SKU040,2026-04-20,actual,17.0,14.0,17.0,17.0,0
SKU040,2026-04-27,actual,16.0,29.0,16.0,16.0,0
SKU040,2026-05-04,actual,21.0,33.0,21.0,21.0,0
SKU040,2026-05-11,actual,20.0,26.0,20.0,20.0,0
SKU040,2026-05-18,actual,30.0,25.0,30.0,30.0,0
SKU040,2026-05-25,actual,14.0,21.0,14.0,14.0,0
SKU040,2026-06-01,actual,19.0,29.0,19.0,19.0,0
SKU040,2026-06-08,actual,28.0,24.0,28.0,28.0,0
SKU040,2026-06-15,actual,25.0,29.0,25.0,25.0,0
SKU041,2024-11-25,actual,12.0,0.0,12.0,12.0,0
SKU041,2024-12-02,actual,14.0,12.0,14.0,14.0,0
SKU041,2024-12-09,actual,13.0,13.0,13.0,13.0,0
SKU041,2024-12-16,actual,13.0,13.0,13.0,13.0,0
SKU041,2024-12-23,actual,27.0,13.0,27.0,27.0,0
SKU041,2024-12-30,actual,23.0,16.75,23.0,23.0,0
SKU041,2025-01-06,actual,12.0,19.0,12.0,12.0,0
SKU041,2025-01-13,actual,12.0,18.75,12.0,12.0,0
SKU041,2025-01-20,actual,22.0,18.5,22.0,22.0,0
SKU041,2025-01-27,actual,20.0,17.25,20.0,20.0,0
SKU041,2025-02-03,actual,15.0,16.5,15.0,15.0,0
SKU041,2025-02-10,actual,13.0,17.25,13.0,13.0,0
SKU041,2025-02-17,actual,10.0,17.5,10.0,10.0,0
SKU041,2025-02-24,actual,10.0,14.5,10.0,10.0,0
SKU041,2025-03-03,actual,11.0,12.0,11.0,11.0,0
SKU041,2025-03-10,actual,12.0,11.0,12.0,12.0,0
SKU041,2025-03-17,actual,17.0,10.75,17.0,17.0,0
SKU041,2025-03-24,actual,13.0,12.5,13.0,13.0,0
SKU041,2025-03-31,actual,11.0,13.25,11.0,11.0,0
SKU041,2025-04-07,actual,16.0,13.25,16.0,16.0,0
SKU041,2025-04-14,actual,11.0,14.25,11.0,11.0,0
SKU041,2025-04-21,actual,5.0,12.75,5.0,5.0,0
SKU041,2025-04-28,actual,15.0,10.75,15.0,15.0,0
SKU041,2025-05-05,actual,15.0,11.75,15.0,15.0,0
SKU041,2025-05-12,actual,6.0,11.5,6.0,6.0,0
SKU041,2025-05-19,actual,13.0,10.25,13.0,13.0,0
SKU041,2025-05-26,actual,13.0,12.25,13.0,13.0,0
SKU041,2025-06-02,actual,12.0,11.75,12.0,12.0,0
SKU041,2025-06-09,actual,13.0,11.0,13.0,13.0,0
SKU041,2025-06-16,actual,6.0,12.75,6.0,6.0,0
SKU041,2025-06-23,actual,4.0,11.0,4.0,4.0,0
SKU041,2025-06-30,actual,8.0,8.75,8.0,8.0,0
SKU041,2025-07-07,actual,4.0,7.75,4.0,4.0,0
SKU041,2025-07-14,actual,6.0,5.5,6.0,6.0,0
SKU041,2025-07-21,actual,7.0,5.5,7.0,7.0,0
SKU041,2025-07-28,actual,2.0,6.25,2.0,2.0,0
SKU041,2025-08-04,actual,11.0,4.75,11.0,11.0,0
SKU041,2025-08-11,actual,15.0,6.5,15.0,15.0,0
SKU041,2025-08-18,actual,7.0,8.75,7.0,7.0,0
SKU041,2025-08-25,actual,18.0,8.75,18.0,18.0,0
SKU041,2025-09-01,actual,8.0,12.75,8.0,8.0,0
SKU041,2025-09-08,actual,8.0,12.0,8.0,8.0,0
SKU041,2025-09-15,actual,7.0,10.25,7.0,7.0,0
SKU041,2025-09-22,actual,10.0,10.25,10.0,10.0,0
SKU041,2025-09-29,actual,11.0,8.25,11.0,11.0,0
SKU041,2025-10-06,actual,13.0,9.0,13.0,13.0,0
SKU041,2025-10-13,actual,11.0,10.25,11.0,11.0,0
SKU041,2025-10-20,actual,17.0,11.25,17.0,17.0,0
SKU041,2025-10-27,actual,14.0,13.0,14.0,14.0,0
SKU041,2025-11-03,actual,16.0,13.75,16.0,16.0,0
SKU041,2025-11-10,actual,12.0,14.5,12.0,12.0,0
SKU041,2025-11-17,actual,10.0,14.75,10.0,10.0,0
SKU041,2025-11-24,actual,15.0,12.0,15.0,15.0,0
SKU041,2025-12-01,actual,13.0,14.0,13.0,13.0,0
SKU041,2025-12-08,actual,17.0,13.0,17.0,17.0,0
SKU041,2025-12-15,actual,12.0,13.0,12.0,12.0,0
SKU041,2025-12-22,actual,21.0,27.0,21.0,21.0,0
SKU041,2025-12-29,actual,20.0,23.0,20.0,20.0,0
SKU041,2026-01-05,actual,12.0,12.0,12.0,12.0,0
SKU041,2026-01-12,actual,11.0,12.0,11.0,11.0,0
SKU041,2026-01-19,actual,15.0,22.0,15.0,15.0,0
SKU041,2026-01-26,actual,27.0,20.0,27.0,27.0,0
SKU041,2026-02-02,actual,16.0,15.0,16.0,16.0,0
SKU041,2026-02-09,actual,13.0,13.0,13.0,13.0,0
SKU041,2026-02-16,actual,9.0,10.0,9.0,9.0,0
SKU041,2026-02-23,actual,9.0,10.0,9.0,9.0,0
SKU041,2026-03-02,actual,9.0,11.0,9.0,9.0,0
SKU041,2026-03-09,actual,10.0,12.0,10.0,10.0,0
SKU041,2026-03-16,actual,9.0,17.0,9.0,9.0,0
SKU041,2026-03-23,actual,12.0,13.0,12.0,12.0,0
SKU041,2026-03-30,actual,12.0,11.0,12.0,12.0,0
SKU041,2026-04-06,actual,10.0,16.0,10.0,10.0,0
SKU041,2026-04-13,actual,15.0,11.0,15.0,15.0,0
SKU041,2026-04-20,actual,9.0,5.0,9.0,9.0,0
SKU041,2026-04-27,actual,10.0,15.0,10.0,10.0,0
SKU041,2026-05-04,actual,13.0,15.0,13.0,13.0,0
SKU041,2026-05-11,actual,4.0,6.0,4.0,4.0,0
SKU041,2026-05-18,actual,3.0,13.0,3.0,3.0,0
SKU041,2026-05-25,actual,13.0,13.0,13.0,13.0,0
SKU041,2026-06-01,actual,8.0,12.0,8.0,8.0,0
SKU041,2026-06-08,actual,6.0,13.0,6.0,6.0,0
SKU041,2026-06-15,actual,8.0,6.0,8.0,8.0,0
SKU042,2024-05-27,actual,19.0,0.0,19.0,19.0,0
SKU042,2024-06-03,actual,45.0,19.0,45.0,45.0,0
SKU042,2024-06-10,actual,58.0,32.0,58.0,58.0,0
SKU042,2024-06-17,actual,51.0,40.666666666666664,51.0,51.0,0
SKU042,2024-06-24,actual,46.0,43.25,46.0,46.0,0
SKU042,2024-07-01,actual,70.0,50.0,70.0,70.0,0
SKU042,2024-07-08,actual,56.0,56.25,56.0,56.0,0
SKU042,2024-07-15,actual,68.0,55.75,68.0,68.0,0
SKU042,2024-07-22,actual,48.0,60.0,48.0,48.0,0
SKU042,2024-07-29,actual,59.0,60.5,59.0,59.0,0
SKU042,2024-08-05,actual,52.0,57.75,52.0,52.0,0
SKU042,2024-08-12,actual,128.0,56.75,128.0,128.0,0
SKU042,2024-08-19,actual,62.0,71.75,62.0,62.0,0
SKU042,2024-08-26,actual,61.0,75.25,61.0,61.0,0
SKU042,2024-09-02,actual,45.0,75.75,45.0,45.0,0
SKU042,2024-09-09,actual,51.0,74.0,51.0,51.0,0
SKU042,2024-09-16,actual,59.0,54.75,59.0,59.0,0
SKU042,2024-09-23,actual,57.0,54.0,57.0,57.0,0
SKU042,2024-09-30,actual,59.0,53.0,59.0,59.0,0
SKU042,2024-10-07,actual,65.0,56.5,65.0,65.0,0
SKU042,2024-10-14,actual,66.0,60.0,66.0,66.0,0
SKU042,2024-10-21,actual,91.0,61.75,91.0,91.0,0
SKU042,2024-10-28,actual,56.0,70.25,56.0,56.0,0
SKU042,2024-11-04,actual,56.0,69.5,56.0,56.0,0
SKU042,2024-11-11,actual,44.0,67.25,44.0,44.0,0
SKU042,2024-11-18,actual,51.0,61.75,51.0,51.0,0
SKU042,2024-11-25,actual,47.0,51.75,47.0,47.0,0
SKU042,2024-12-02,actual,31.0,49.5,31.0,31.0,0
SKU042,2024-12-09,actual,33.0,43.25,33.0,33.0,0
SKU042,2024-12-16,actual,31.0,40.5,31.0,31.0,0
SKU042,2024-12-23,actual,73.0,35.5,73.0,73.0,0
SKU042,2024-12-30,actual,45.0,42.0,45.0,45.0,0
SKU042,2025-01-06,actual,38.0,45.5,38.0,38.0,0
SKU042,2025-01-13,actual,43.0,46.75,43.0,43.0,0
SKU042,2025-01-20,actual,57.0,49.75,57.0,57.0,0
SKU042,2025-01-27,actual,39.0,45.75,39.0,39.0,0
SKU042,2025-02-03,actual,27.0,44.25,27.0,27.0,0
SKU042,2025-02-10,actual,32.0,41.5,32.0,32.0,0
SKU042,2025-02-17,actual,35.0,38.75,35.0,35.0,0
SKU042,2025-02-24,actual,33.0,33.25,33.0,33.0,0
SKU042,2025-03-03,actual,29.0,31.75,29.0,29.0,0
SKU042,2025-03-10,actual,43.0,32.25,43.0,43.0,0
SKU042,2025-03-17,actual,38.0,35.0,38.0,38.0,0
SKU042,2025-03-24,actual,31.0,35.75,31.0,31.0,0
SKU042,2025-03-31,actual,34.0,35.25,34.0,34.0,0
SKU042,2025-04-07,actual,51.0,36.5,51.0,51.0,0
SKU042,2025-04-14,actual,32.0,38.5,32.0,32.0,0
SKU042,2025-04-21,actual,50.0,37.0,50.0,50.0,0
SKU042,2025-04-28,actual,60.0,41.75,60.0,60.0,0
SKU042,2025-05-05,actual,50.0,48.25,50.0,50.0,0
SKU042,2025-05-12,actual,61.0,48.0,61.0,61.0,0
SKU042,2025-05-19,actual,53.0,55.25,53.0,53.0,0
SKU042,2025-05-26,actual,40.0,19.0,40.0,40.0,0
SKU042,2025-06-02,actual,51.0,45.0,51.0,51.0,0
SKU042,2025-06-09,actual,57.0,58.0,57.0,57.0,0
SKU042,2025-06-16,actual,45.0,51.0,45.0,45.0,0
SKU042,2025-06-23,actual,55.0,46.0,55.0,55.0,0
SKU042,2025-06-30,actual,56.0,70.0,56.0,56.0,0
SKU042,2025-07-07,actual,54.0,56.0,54.0,54.0,0
SKU042,2025-07-14,actual,57.0,68.0,57.0,57.0,0
SKU042,2025-07-21,actual,71.0,48.0,71.0,71.0,0
SKU042,2025-07-28,actual,53.0,59.0,53.0,53.0,0
SKU042,2025-08-04,actual,70.0,52.0,70.0,70.0,0
SKU042,2025-08-11,actual,105.0,128.0,105.0,105.0,0
SKU042,2025-08-18,actual,60.0,62.0,60.0,60.0,0
SKU042,2025-08-25,actual,43.0,61.0,43.0,43.0,0
SKU042,2025-09-01,actual,54.0,45.0,54.0,54.0,0
SKU042,2025-09-08,actual,51.0,51.0,51.0,51.0,0
SKU042,2025-09-15,actual,48.0,59.0,48.0,48.0,0
SKU042,2025-09-22,actual,57.0,57.0,57.0,57.0,0
SKU042,2025-09-29,actual,48.0,59.0,48.0,48.0,0
SKU042,2025-10-06,actual,62.0,65.0,62.0,62.0,0
SKU042,2025-10-13,actual,49.0,66.0,49.0,49.0,0
SKU042,2025-10-20,actual,100.0,91.0,100.0,100.0,0
SKU042,2025-10-27,actual,51.0,56.0,51.0,51.0,0
SKU042,2025-11-03,actual,46.0,56.0,46.0,46.0,0
SKU042,2025-11-10,actual,48.0,44.0,48.0,48.0,0
SKU042,2025-11-17,actual,44.0,51.0,44.0,44.0,0
SKU042,2025-11-24,actual,47.0,47.0,47.0,47.0,0
SKU042,2025-12-01,actual,39.0,31.0,39.0,39.0,0
SKU042,2025-12-08,actual,36.0,33.0,36.0,36.0,0
SKU042,2025-12-15,actual,46.0,31.0,46.0,46.0,0
SKU042,2025-12-22,actual,73.0,73.0,73.0,73.0,0
SKU042,2025-12-29,actual,31.0,45.0,31.0,31.0,0
SKU042,2026-01-05,actual,36.0,38.0,36.0,36.0,0
SKU042,2026-01-12,actual,35.0,43.0,35.0,35.0,0
SKU042,2026-01-19,actual,48.0,57.0,48.0,48.0,0
SKU042,2026-01-26,actual,49.0,39.0,49.0,49.0,0
SKU042,2026-02-02,actual,29.0,27.0,29.0,29.0,0
SKU042,2026-02-09,actual,31.0,32.0,31.0,31.0,0
SKU042,2026-02-16,actual,39.0,35.0,39.0,39.0,0
SKU042,2026-02-23,actual,34.0,33.0,34.0,34.0,0
SKU042,2026-03-02,actual,38.0,29.0,38.0,38.0,0
SKU042,2026-03-09,actual,39.0,43.0,39.0,39.0,0
SKU042,2026-03-16,actual,37.0,38.0,37.0,37.0,0
SKU042,2026-03-23,actual,36.0,31.0,36.0,36.0,0
SKU042,2026-03-30,actual,38.0,34.0,38.0,38.0,0
SKU042,2026-04-06,actual,36.0,51.0,36.0,36.0,0
SKU042,2026-04-13,actual,35.0,32.0,35.0,35.0,0
SKU042,2026-04-20,actual,47.0,50.0,47.0,47.0,0
SKU042,2026-04-27,actual,58.0,60.0,58.0,58.0,0
SKU042,2026-05-04,actual,60.0,50.0,60.0,60.0,0
SKU042,2026-05-11,actual,37.0,61.0,37.0,37.0,0
SKU042,2026-05-18,actual,56.0,53.0,56.0,56.0,0
SKU042,2026-05-25,actual,40.0,40.0,40.0,40.0,0
SKU042,2026-06-01,actual,43.0,51.0,43.0,43.0,0
SKU042,2026-06-08,actual,48.0,57.0,48.0,48.0,0
SKU042,2026-06-15,actual,50.0,45.0,50.0,50.0,0
SKU043,2025-10-06,actual,11.0,0.0,11.0,11.0,0
SKU043,2025-10-13,actual,34.0,11.0,34.0,34.0,0
SKU043,2025-10-20,actual,50.0,22.5,50.0,50.0,0
SKU043,2025-10-27,actual,11.0,31.666666666666668,11.0,11.0,0
SKU043,2025-11-03,actual,22.0,26.5,22.0,22.0,0
SKU043,2025-11-10,actual,34.0,29.25,34.0,34.0,0
SKU043,2025-11-17,actual,26.0,29.25,26.0,26.0,0
SKU043,2025-11-24,actual,42.0,23.25,42.0,42.0,0
SKU043,2025-12-01,actual,32.0,31.0,32.0,32.0,0
SKU043,2025-12-08,actual,29.0,33.5,29.0,29.0,0
SKU043,2025-12-15,actual,31.0,32.25,31.0,31.0,0
SKU043,2025-12-22,actual,43.0,33.5,43.0,43.0,0
SKU043,2025-12-29,actual,39.0,33.75,39.0,39.0,0
SKU043,2026-01-05,actual,31.0,35.5,31.0,31.0,0
SKU043,2026-01-12,actual,45.0,36.0,45.0,45.0,0
SKU043,2026-01-19,actual,47.0,39.5,47.0,47.0,0
SKU043,2026-01-26,actual,43.0,40.5,43.0,43.0,0
SKU043,2026-02-02,actual,41.0,41.5,41.0,41.0,0
SKU043,2026-02-09,actual,39.0,44.0,39.0,39.0,0
SKU043,2026-02-16,actual,41.0,42.5,41.0,41.0,0
SKU043,2026-02-23,actual,47.0,41.0,47.0,47.0,0
SKU043,2026-03-02,actual,43.0,42.0,43.0,43.0,0
SKU043,2026-03-09,actual,50.0,42.5,50.0,50.0,0
SKU043,2026-03-16,actual,54.0,45.25,54.0,54.0,0
SKU043,2026-03-23,actual,42.0,48.5,42.0,42.0,0
SKU043,2026-03-30,actual,64.0,47.25,64.0,64.0,0
SKU043,2026-04-06,actual,37.0,52.5,37.0,37.0,0
SKU043,2026-04-13,actual,42.0,49.25,42.0,42.0,0
SKU043,2026-04-20,actual,56.0,46.25,56.0,56.0,0
SKU043,2026-04-27,actual,54.0,49.75,54.0,54.0,0
SKU043,2026-05-04,actual,57.0,47.25,57.0,57.0,0
SKU043,2026-05-11,actual,43.0,52.25,43.0,43.0,0
SKU043,2026-05-18,actual,45.0,52.5,45.0,45.0,0
SKU043,2026-05-25,actual,41.0,49.75,41.0,41.0,0
SKU043,2026-06-01,actual,36.0,46.5,36.0,36.0,0
SKU043,2026-06-08,actual,40.0,41.25,40.0,40.0,0
SKU043,2026-06-15,actual,28.0,40.5,28.0,28.0,0
SKU044,2025-08-04,actual,9.0,0.0,9.0,9.0,0
SKU044,2025-08-11,actual,33.0,9.0,33.0,33.0,0
SKU044,2025-08-18,actual,11.0,21.0,11.0,11.0,0
SKU044,2025-08-25,actual,4.0,17.666666666666668,4.0,4.0,0
SKU044,2025-09-01,actual,23.0,14.25,23.0,23.0,0
SKU044,2025-09-08,actual,7.0,17.75,7.0,7.0,0
SKU044,2025-09-15,actual,10.0,11.25,10.0,10.0,0
SKU044,2025-09-22,actual,19.0,11.0,19.0,19.0,0
SKU044,2025-09-29,actual,13.0,14.75,13.0,13.0,0
SKU044,2025-10-06,actual,9.0,12.25,9.0,9.0,0
SKU044,2025-10-13,actual,12.0,12.75,12.0,12.0,0
SKU044,2025-10-20,actual,22.0,13.25,22.0,22.0,0
SKU044,2025-10-27,actual,12.0,14.0,12.0,12.0,0
SKU044,2025-11-03,actual,15.0,13.75,15.0,15.0,0
SKU044,2025-11-10,actual,8.0,15.25,8.0,8.0,0
SKU044,2025-11-17,actual,15.0,14.25,15.0,15.0,0
SKU044,2025-11-24,actual,7.0,12.5,7.0,7.0,0
SKU044,2025-12-01,actual,9.0,11.25,9.0,9.0,0
SKU044,2025-12-08,actual,10.0,9.75,10.0,10.0,0
SKU044,2025-12-15,actual,5.0,10.25,5.0,5.0,0
SKU044,2025-12-22,actual,14.0,7.75,14.0,14.0,0
SKU044,2025-12-29,actual,8.0,9.5,8.0,8.0,0
SKU044,2026-01-05,actual,5.0,9.25,5.0,5.0,0
SKU044,2026-01-12,actual,6.0,8.0,6.0,6.0,0
SKU044,2026-01-19,actual,17.0,8.25,17.0,17.0,0
SKU044,2026-01-26,actual,17.0,9.0,17.0,17.0,0
SKU044,2026-02-02,actual,9.0,11.25,9.0,9.0,0
SKU044,2026-02-09,actual,8.0,12.25,8.0,8.0,0
SKU044,2026-02-16,actual,12.0,12.75,12.0,12.0,0
SKU044,2026-02-23,actual,4.0,11.5,4.0,4.0,0
SKU044,2026-03-02,actual,6.0,8.25,6.0,6.0,0
SKU044,2026-03-09,actual,8.0,7.5,8.0,8.0,0
SKU044,2026-03-16,actual,11.0,7.5,11.0,11.0,0
SKU044,2026-03-23,actual,9.0,7.25,9.0,9.0,0
SKU044,2026-03-30,actual,10.0,8.5,10.0,10.0,0
SKU044,2026-04-06,actual,13.0,9.5,13.0,13.0,0
SKU044,2026-04-13,actual,12.0,10.75,12.0,12.0,0
SKU044,2026-04-20,actual,9.0,11.0,9.0,9.0,0
SKU044,2026-04-27,actual,13.0,11.0,13.0,13.0,0
SKU044,2026-05-04,actual,21.0,11.75,21.0,21.0,0
SKU044,2026-05-11,actual,9.0,13.75,9.0,9.0,0
SKU044,2026-05-18,actual,13.0,13.0,13.0,13.0,0
SKU044,2026-05-25,actual,14.0,14.0,14.0,14.0,0
SKU044,2026-06-01,actual,15.0,14.25,15.0,15.0,0
SKU044,2026-06-08,actual,16.0,12.75,16.0,16.0,0
SKU044,2026-06-15,actual,11.0,14.5,11.0,11.0,0
SKU045,2024-05-27,actual,4.0,0.0,4.0,4.0,0
SKU045,2024-06-03,actual,6.0,4.0,6.0,6.0,0
SKU045,2024-06-10,actual,7.0,5.0,7.0,7.0,0
SKU045,2024-06-17,actual,7.0,5.666666666666667,7.0,7.0,0
SKU045,2024-06-24,actual,9.0,6.0,9.0,9.0,0
SKU045,2024-07-01,actual,6.0,7.25,6.0,6.0,0
SKU045,2024-07-08,actual,9.0,7.25,9.0,9.0,0
SKU045,2024-07-15,actual,7.0,7.75,7.0,7.0,0
SKU045,2024-07-22,actual,13.0,7.75,13.0,13.0,0
SKU045,2024-07-29,actual,8.0,8.75,8.0,8.0,0
SKU045,2024-08-05,actual,10.0,9.25,10.0,10.0,0
SKU045,2024-08-12,actual,18.0,9.5,18.0,18.0,0
SKU045,2024-08-19,actual,9.0,12.25,9.0,9.0,0
SKU045,2024-08-26,actual,11.0,11.25,11.0,11.0,0
SKU045,2024-09-02,actual,10.0,12.0,10.0,10.0,0
SKU045,2024-09-09,actual,26.0,12.0,26.0,26.0,0
SKU045,2024-09-16,actual,13.0,14.0,13.0,13.0,0
SKU045,2024-09-23,actual,16.0,15.0,16.0,16.0,0
SKU045,2024-09-30,actual,11.0,16.25,11.0,11.0,0
SKU045,2024-10-07,actual,16.0,16.5,16.0,16.0,0
SKU045,2024-10-14,actual,21.0,14.0,21.0,21.0,0
SKU045,2024-10-21,actual,33.0,16.0,33.0,33.0,0
SKU045,2024-10-28,actual,21.0,20.25,21.0,21.0,0
SKU045,2024-11-04,actual,21.0,22.75,21.0,21.0,0
SKU045,2024-11-11,actual,12.0,24.0,12.0,12.0,0
SKU045,2024-11-18,actual,18.0,21.75,18.0,18.0,0
SKU045,2024-11-25,actual,15.0,18.0,15.0,15.0,0
SKU045,2024-12-02,actual,13.0,16.5,13.0,13.0,0
SKU045,2024-12-09,actual,18.0,14.5,18.0,18.0,0
SKU045,2024-12-16,actual,10.0,16.0,10.0,10.0,0
SKU045,2024-12-23,actual,19.0,14.0,19.0,19.0,0
SKU045,2024-12-30,actual,13.0,15.0,13.0,13.0,0
SKU045,2025-01-06,actual,9.0,15.0,9.0,9.0,0
SKU045,2025-01-13,actual,21.0,12.75,21.0,21.0,0
SKU045,2025-01-20,actual,27.0,15.5,27.0,27.0,0
SKU045,2025-01-27,actual,23.0,17.5,23.0,23.0,0
SKU045,2025-02-03,actual,10.0,20.0,10.0,10.0,0
SKU045,2025-02-10,actual,16.0,20.25,16.0,16.0,0
SKU045,2025-02-17,actual,9.0,19.0,9.0,9.0,0
SKU045,2025-02-24,actual,11.0,14.5,11.0,11.0,0
SKU045,2025-03-03,actual,15.0,11.5,15.0,15.0,0
SKU045,2025-03-10,actual,9.0,12.75,9.0,9.0,0
SKU045,2025-03-17,actual,14.0,11.0,14.0,14.0,0
SKU045,2025-03-24,actual,8.0,12.25,8.0,8.0,0
SKU045,2025-03-31,actual,9.0,11.5,9.0,9.0,0
SKU045,2025-04-07,actual,5.0,10.0,5.0,5.0,0
SKU045,2025-04-14,actual,12.0,9.0,12.0,12.0,0
SKU045,2025-04-21,actual,6.0,8.5,6.0,6.0,0
SKU045,2025-04-28,actual,15.0,8.0,15.0,15.0,0
SKU045,2025-05-05,actual,6.0,9.5,6.0,6.0,0
SKU045,2025-05-12,actual,8.0,9.75,8.0,8.0,0
SKU045,2025-05-19,actual,6.0,8.75,6.0,6.0,0
SKU045,2025-05-26,actual,9.0,4.0,9.0,9.0,0
SKU045,2025-06-02,actual,13.0,6.0,13.0,13.0,0
SKU045,2025-06-09,actual,10.0,7.0,10.0,10.0,0
SKU045,2025-06-16,actual,10.0,7.0,10.0,10.0,0
SKU045,2025-06-23,actual,13.0,9.0,13.0,13.0,0
SKU045,2025-06-30,actual,13.0,6.0,13.0,13.0,0
SKU045,2025-07-07,actual,16.0,9.0,16.0,16.0,0
SKU045,2025-07-14,actual,6.0,7.0,6.0,6.0,0
SKU045,2025-07-21,actual,11.0,13.0,11.0,11.0,0
SKU045,2025-07-28,actual,10.0,8.0,10.0,10.0,0
SKU045,2025-08-04,actual,15.0,10.0,15.0,15.0,0
SKU045,2025-08-11,actual,21.0,18.0,21.0,21.0,0
SKU045,2025-08-18,actual,17.0,9.0,17.0,17.0,0
SKU045,2025-08-25,actual,20.0,11.0,20.0,20.0,0
SKU045,2025-09-01,actual,14.0,10.0,14.0,14.0,0
SKU045,2025-09-08,actual,16.0,26.0,16.0,16.0,0
SKU045,2025-09-15,actual,18.0,13.0,18.0,18.0,0
SKU045,2025-09-22,actual,22.0,16.0,22.0,22.0,0
SKU045,2025-09-29,actual,11.0,11.0,11.0,11.0,0
SKU045,2025-10-06,actual,19.0,16.0,19.0,19.0,0
SKU045,2025-10-13,actual,24.0,21.0,24.0,24.0,0
SKU045,2025-10-20,actual,45.0,33.0,45.0,45.0,0
SKU045,2025-10-27,actual,20.0,21.0,20.0,20.0,0
SKU045,2025-11-03,actual,20.0,21.0,20.0,20.0,0
SKU045,2025-11-10,actual,12.0,12.0,12.0,12.0,0
SKU045,2025-11-17,actual,11.0,18.0,11.0,11.0,0
SKU045,2025-11-24,actual,11.0,15.0,11.0,11.0,0
SKU045,2025-12-01,actual,7.0,13.0,7.0,7.0,0
SKU045,2025-12-08,actual,22.0,18.0,22.0,22.0,0
SKU045,2025-12-15,actual,22.0,10.0,22.0,22.0,0
SKU045,2025-12-22,actual,30.0,19.0,30.0,30.0,0
SKU045,2025-12-29,actual,19.0,13.0,19.0,19.0,0
SKU045,2026-01-05,actual,20.0,9.0,20.0,20.0,0
SKU045,2026-01-12,actual,19.0,21.0,19.0,19.0,0
SKU045,2026-01-19,actual,23.0,27.0,23.0,23.0,0
SKU045,2026-01-26,actual,29.0,23.0,29.0,29.0,0
SKU045,2026-02-02,actual,12.0,10.0,12.0,12.0,0
SKU045,2026-02-09,actual,7.0,16.0,7.0,7.0,0
SKU045,2026-02-16,actual,6.0,9.0,6.0,6.0,0
SKU045,2026-02-23,actual,11.0,11.0,11.0,11.0,0
SKU045,2026-03-02,actual,9.0,15.0,9.0,9.0,0
SKU045,2026-03-09,actual,8.0,9.0,8.0,8.0,0
SKU045,2026-03-16,actual,9.0,14.0,9.0,9.0,0
SKU045,2026-03-23,actual,13.0,8.0,13.0,13.0,0
SKU045,2026-03-30,actual,14.0,9.0,14.0,14.0,0
SKU045,2026-04-06,actual,9.0,5.0,9.0,9.0,0
SKU045,2026-04-13,actual,17.0,12.0,17.0,17.0,0
SKU045,2026-04-20,actual,15.0,6.0,15.0,15.0,0
SKU045,2026-04-27,actual,9.0,15.0,9.0,9.0,0
SKU045,2026-05-04,actual,14.0,6.0,14.0,14.0,0
SKU045,2026-05-11,actual,9.0,8.0,9.0,9.0,0
SKU045,2026-05-18,actual,10.0,6.0,10.0,10.0,0
SKU045,2026-05-25,actual,10.0,9.0,10.0,10.0,0
SKU045,2026-06-01,actual,16.0,13.0,16.0,16.0,0
SKU045,2026-06-08,actual,8.0,10.0,8.0,8.0,0
SKU045,2026-06-15,actual,10.0,10.0,10.0,10.0,0
SKU046,2024-05-27,actual,7.0,0.0,7.0,7.0,0
SKU046,2024-06-03,actual,27.0,7.0,27.0,27.0,0
SKU046,2024-06-10,actual,20.0,17.0,20.0,20.0,0
SKU046,2024-06-17,actual,24.0,18.0,24.0,24.0,0
SKU046,2024-06-24,actual,22.0,19.5,22.0,22.0,0
SKU046,2024-07-01,actual,13.0,23.25,13.0,13.0,0
SKU046,2024-07-08,actual,17.0,19.75,17.0,17.0,0
SKU046,2024-07-15,actual,16.0,19.0,16.0,16.0,0
SKU046,2024-07-22,actual,21.0,17.0,21.0,21.0,0
SKU046,2024-07-29,actual,16.0,16.75,16.0,16.0,0
SKU046,2024-08-05,actual,16.0,17.5,16.0,16.0,0
SKU046,2024-08-12,actual,40.0,17.25,40.0,40.0,0
SKU046,2024-08-19,actual,19.0,23.25,19.0,19.0,0
SKU046,2024-08-26,actual,12.0,22.75,12.0,12.0,0
SKU046,2024-09-02,actual,14.0,21.75,14.0,14.0,0
SKU046,2024-09-09,actual,11.0,21.25,11.0,11.0,0
SKU046,2024-09-16,actual,20.0,14.0,20.0,20.0,0
SKU046,2024-09-23,actual,7.0,14.25,7.0,7.0,0
SKU046,2024-09-30,actual,15.0,13.0,15.0,15.0,0
SKU046,2024-10-07,actual,7.0,13.25,7.0,7.0,0
SKU046,2024-10-14,actual,16.0,12.25,16.0,16.0,0
SKU046,2024-10-21,actual,19.0,11.25,19.0,19.0,0
SKU046,2024-10-28,actual,10.0,14.25,10.0,10.0,0
SKU046,2024-11-04,actual,16.0,13.0,16.0,16.0,0
SKU046,2024-11-11,actual,11.0,15.25,11.0,11.0,0
SKU046,2024-11-18,actual,9.0,14.0,9.0,9.0,0
SKU046,2024-11-25,actual,6.0,11.5,6.0,6.0,0
SKU046,2024-12-02,actual,12.0,10.5,12.0,12.0,0
SKU046,2024-12-09,actual,13.0,9.5,13.0,13.0,0
SKU046,2024-12-16,actual,22.0,10.0,22.0,22.0,0
SKU046,2024-12-23,actual,31.0,13.25,31.0,31.0,0
SKU046,2024-12-30,actual,21.0,19.5,21.0,21.0,0
SKU046,2025-01-06,actual,12.0,21.75,12.0,12.0,0
SKU046,2025-01-13,actual,16.0,21.5,16.0,16.0,0
SKU046,2025-01-20,actual,37.0,20.0,37.0,37.0,0
SKU046,2025-01-27,actual,23.0,21.5,23.0,23.0,0
SKU046,2025-02-03,actual,22.0,22.0,22.0,22.0,0
SKU046,2025-02-10,actual,25.0,24.5,25.0,25.0,0
SKU046,2025-02-17,actual,21.0,26.75,21.0,21.0,0
SKU046,2025-02-24,actual,24.0,22.75,24.0,24.0,0
SKU046,2025-03-03,actual,23.0,23.0,23.0,23.0,0
SKU046,2025-03-10,actual,28.0,23.25,28.0,28.0,0
SKU046,2025-03-17,actual,24.0,24.0,24.0,24.0,0
SKU046,2025-03-24,actual,21.0,24.75,21.0,21.0,0
SKU046,2025-03-31,actual,28.0,24.0,28.0,28.0,0
SKU046,2025-04-07,actual,20.0,25.25,20.0,20.0,0
SKU046,2025-04-14,actual,17.0,23.25,17.0,17.0,0
SKU046,2025-04-21,actual,30.0,21.5,30.0,30.0,0
SKU046,2025-04-28,actual,57.0,23.75,57.0,57.0,0
SKU046,2025-05-05,actual,35.0,31.0,35.0,35.0,0
SKU046,2025-05-12,actual,25.0,34.75,25.0,25.0,0
SKU046,2025-05-19,actual,18.0,36.75,18.0,18.0,0
SKU046,2025-05-26,actual,25.0,7.0,25.0,25.0,0
SKU046,2025-06-02,actual,25.0,27.0,25.0,25.0,0
SKU046,2025-06-09,actual,18.0,20.0,18.0,18.0,0
SKU046,2025-06-16,actual,15.0,24.0,15.0,15.0,0
SKU046,2025-06-23,actual,13.0,22.0,13.0,13.0,0
SKU046,2025-06-30,actual,22.0,13.0,22.0,22.0,0
SKU046,2025-07-07,actual,22.0,17.0,22.0,22.0,0
SKU046,2025-07-14,actual,18.0,16.0,18.0,18.0,0
SKU046,2025-07-21,actual,17.0,21.0,17.0,17.0,0
SKU046,2025-07-28,actual,19.0,16.0,19.0,19.0,0
SKU046,2025-08-04,actual,17.0,16.0,17.0,17.0,0
SKU046,2025-08-11,actual,42.0,40.0,42.0,42.0,0
SKU046,2025-08-18,actual,13.0,19.0,13.0,13.0,0
SKU046,2025-08-25,actual,21.0,12.0,21.0,21.0,0
SKU046,2025-09-01,actual,11.0,14.0,11.0,11.0,0
SKU046,2025-09-08,actual,14.0,11.0,14.0,14.0,0
SKU046,2025-09-15,actual,19.0,20.0,19.0,19.0,0
SKU046,2025-09-22,actual,14.0,7.0,14.0,14.0,0
SKU046,2025-09-29,actual,14.0,15.0,14.0,14.0,0
SKU046,2025-10-06,actual,4.0,7.0,4.0,4.0,0
SKU046,2025-10-13,actual,19.0,16.0,19.0,19.0,0
SKU046,2025-10-20,actual,33.0,19.0,33.0,33.0,0
SKU046,2025-10-27,actual,13.0,10.0,13.0,13.0,0
SKU046,2025-11-03,actual,9.0,16.0,9.0,9.0,0
SKU046,2025-11-10,actual,15.0,11.0,15.0,15.0,0
SKU046,2025-11-17,actual,11.0,9.0,11.0,11.0,0
SKU046,2025-11-24,actual,21.0,6.0,21.0,21.0,0
SKU046,2025-12-01,actual,12.0,12.0,12.0,12.0,0
SKU046,2025-12-08,actual,17.0,13.0,17.0,17.0,0
SKU046,2025-12-15,actual,11.0,22.0,11.0,11.0,0
SKU046,2025-12-22,actual,48.0,31.0,48.0,48.0,0
SKU046,2025-12-29,actual,15.0,21.0,15.0,15.0,0
SKU046,2026-01-05,actual,15.0,12.0,15.0,15.0,0
SKU046,2026-01-12,actual,20.0,16.0,20.0,20.0,0
SKU046,2026-01-19,actual,28.0,37.0,28.0,28.0,0
SKU046,2026-01-26,actual,25.0,23.0,25.0,25.0,0
SKU046,2026-02-02,actual,22.0,22.0,22.0,22.0,0
SKU046,2026-02-09,actual,30.0,25.0,30.0,30.0,0
SKU046,2026-02-16,actual,20.0,21.0,20.0,20.0,0
SKU046,2026-02-23,actual,19.0,24.0,19.0,19.0,0
SKU046,2026-03-02,actual,25.0,23.0,25.0,25.0,0
SKU046,2026-03-09,actual,20.0,28.0,20.0,20.0,0
SKU046,2026-03-16,actual,23.0,24.0,23.0,23.0,0
SKU046,2026-03-23,actual,32.0,21.0,32.0,32.0,0
SKU046,2026-03-30,actual,25.0,28.0,25.0,25.0,0
SKU046,2026-04-06,actual,25.0,20.0,25.0,25.0,0
SKU046,2026-04-13,actual,18.0,17.0,18.0,18.0,0
SKU046,2026-04-20,actual,22.0,30.0,22.0,22.0,0
SKU046,2026-04-27,actual,38.0,57.0,38.0,38.0,0
SKU046,2026-05-04,actual,48.0,35.0,48.0,48.0,0
SKU046,2026-05-11,actual,23.0,25.0,23.0,23.0,0
SKU046,2026-05-18,actual,26.0,18.0,26.0,26.0,0
SKU046,2026-05-25,actual,23.0,25.0,23.0,23.0,0
SKU046,2026-06-01,actual,25.0,25.0,25.0,25.0,0
SKU046,2026-06-08,actual,18.0,18.0,18.0,18.0,0
SKU046,2026-06-15,actual,16.0,15.0,16.0,16.0,0
SKU047,2024-05-27,actual,4.0,0.0,4.0,4.0,0
SKU047,2024-06-03,actual,11.0,4.0,11.0,11.0,0
SKU047,2024-06-10,actual,9.0,7.5,9.0,9.0,0
SKU047,2024-06-17,actual,16.0,8.0,16.0,16.0,0
SKU047,2024-06-24,actual,14.0,10.0,14.0,14.0,0
SKU047,2024-07-01,actual,18.0,12.5,18.0,18.0,0
SKU047,2024-07-08,actual,16.0,14.25,16.0,16.0,0
SKU047,2024-07-15,actual,11.0,16.0,11.0,11.0,0
SKU047,2024-07-22,actual,7.0,14.75,7.0,7.0,0
SKU047,2024-07-29,actual,22.0,13.0,22.0,22.0,0
SKU047,2024-08-05,actual,16.0,14.0,16.0,16.0,0
SKU047,2024-08-12,actual,37.0,14.0,37.0,37.0,0
SKU047,2024-08-19,actual,10.0,20.5,10.0,10.0,0
SKU047,2024-08-26,actual,12.0,21.25,12.0,12.0,0
SKU047,2024-09-02,actual,22.0,18.75,22.0,22.0,0
SKU047,2024-09-09,actual,10.0,20.25,10.0,10.0,0
SKU047,2024-09-16,actual,9.0,13.5,9.0,9.0,0
SKU047,2024-09-23,actual,17.0,13.25,17.0,17.0,0
SKU047,2024-09-30,actual,17.0,14.5,17.0,17.0,0
SKU047,2024-10-07,actual,16.0,13.25,16.0,16.0,0
SKU047,2024-10-14,actual,22.0,14.75,22.0,22.0,0
SKU047,2024-10-21,actual,41.0,18.0,41.0,41.0,0
SKU047,2024-10-28,actual,16.0,24.0,16.0,16.0,0
SKU047,2024-11-04,actual,17.0,23.75,17.0,17.0,0
SKU047,2024-11-11,actual,14.0,24.0,14.0,14.0,0
SKU047,2024-11-18,actual,9.0,22.0,9.0,9.0,0
SKU047,2024-11-25,actual,12.0,14.0,12.0,12.0,0
SKU047,2024-12-02,actual,11.0,13.0,11.0,11.0,0
SKU047,2024-12-09,actual,8.0,11.5,8.0,8.0,0
SKU047,2024-12-16,actual,13.0,10.0,13.0,13.0,0
SKU047,2024-12-23,actual,20.0,11.0,20.0,20.0,0
SKU047,2024-12-30,actual,11.0,13.0,11.0,11.0,0
SKU047,2025-01-06,actual,10.0,13.0,10.0,10.0,0
SKU047,2025-01-13,actual,12.0,13.5,12.0,12.0,0
SKU047,2025-01-20,actual,19.0,13.25,19.0,19.0,0
SKU047,2025-01-27,actual,9.0,13.0,9.0,9.0,0
SKU047,2025-02-03,actual,4.0,12.5,4.0,4.0,0
SKU047,2025-02-10,actual,3.0,11.0,3.0,3.0,0
SKU047,2025-02-17,actual,7.0,8.75,7.0,7.0,0
SKU047,2025-02-24,actual,5.0,5.75,5.0,5.0,0
SKU047,2025-03-03,actual,5.0,4.75,5.0,5.0,0
SKU047,2025-03-10,actual,6.0,5.0,6.0,6.0,0
SKU047,2025-03-17,actual,8.0,5.75,8.0,8.0,0
SKU047,2025-03-24,actual,7.0,6.0,7.0,7.0,0
SKU047,2025-03-31,actual,8.0,6.5,8.0,8.0,0
SKU047,2025-04-07,actual,5.0,7.25,5.0,5.0,0
SKU047,2025-04-14,actual,10.0,7.0,10.0,10.0,0
SKU047,2025-04-21,actual,10.0,7.5,10.0,10.0,0
SKU047,2025-04-28,actual,13.0,8.25,13.0,13.0,0
SKU047,2025-05-05,actual,6.0,9.5,6.0,6.0,0
SKU047,2025-05-12,actual,7.0,9.75,7.0,7.0,0
SKU047,2025-05-19,actual,10.0,9.0,10.0,10.0,0
SKU047,2025-05-26,actual,9.0,4.0,9.0,9.0,0
SKU047,2025-06-02,actual,16.0,11.0,16.0,16.0,0
SKU047,2025-06-09,actual,17.0,9.0,17.0,17.0,0
SKU047,2025-06-16,actual,16.0,16.0,16.0,16.0,0
SKU047,2025-06-23,actual,21.0,14.0,21.0,21.0,0
SKU047,2025-06-30,actual,12.0,18.0,12.0,12.0,0
SKU047,2025-07-07,actual,17.0,16.0,17.0,17.0,0
SKU047,2025-07-14,actual,8.0,11.0,8.0,8.0,0
SKU047,2025-07-21,actual,17.0,7.0,17.0,17.0,0
SKU047,2025-07-28,actual,10.0,22.0,10.0,10.0,0
SKU047,2025-08-04,actual,7.0,16.0,7.0,7.0,0
SKU047,2025-08-11,actual,28.0,37.0,28.0,28.0,0
SKU047,2025-08-18,actual,13.0,10.0,13.0,13.0,0
SKU047,2025-08-25,actual,14.0,12.0,14.0,14.0,0
SKU047,2025-09-01,actual,17.0,22.0,17.0,17.0,0
SKU047,2025-09-08,actual,17.0,10.0,17.0,17.0,0
SKU047,2025-09-15,actual,20.0,9.0,20.0,20.0,0
SKU047,2025-09-22,actual,18.0,17.0,18.0,18.0,0
SKU047,2025-09-29,actual,21.0,17.0,21.0,21.0,0
SKU047,2025-10-06,actual,21.0,16.0,21.0,21.0,0
SKU047,2025-10-13,actual,15.0,22.0,15.0,15.0,0
SKU047,2025-10-20,actual,37.0,41.0,37.0,37.0,0
SKU047,2025-10-27,actual,17.0,16.0,17.0,17.0,0
SKU047,2025-11-03,actual,14.0,17.0,14.0,14.0,0
SKU047,2025-11-10,actual,15.0,14.0,15.0,15.0,0
SKU047,2025-11-17,actual,15.0,9.0,15.0,15.0,0
SKU047,2025-11-24,actual,12.0,12.0,12.0,12.0,0
SKU047,2025-12-01,actual,12.0,11.0,12.0,12.0,0
SKU047,2025-12-08,actual,16.0,8.0,16.0,16.0,0
SKU047,2025-12-15,actual,17.0,13.0,17.0,17.0,0
SKU047,2025-12-22,actual,27.0,20.0,27.0,27.0,0
SKU047,2025-12-29,actual,10.0,11.0,10.0,10.0,0
SKU047,2026-01-05,actual,9.0,10.0,9.0,9.0,0
SKU047,2026-01-12,actual,8.0,12.0,8.0,8.0,0
SKU047,2026-01-19,actual,18.0,19.0,18.0,18.0,0
SKU047,2026-01-26,actual,28.0,9.0,28.0,28.0,0
SKU047,2026-02-02,actual,15.0,4.0,15.0,15.0,0
SKU047,2026-02-09,actual,9.0,3.0,9.0,9.0,0
SKU047,2026-02-16,actual,9.0,7.0,9.0,9.0,0
SKU047,2026-02-23,actual,4.0,5.0,4.0,4.0,0
SKU047,2026-03-02,actual,4.0,5.0,4.0,4.0,0
SKU047,2026-03-09,actual,7.0,6.0,7.0,7.0,0
SKU047,2026-03-16,actual,10.0,8.0,10.0,10.0,0
SKU047,2026-03-23,actual,9.0,7.0,9.0,9.0,0
SKU047,2026-03-30,actual,8.0,8.0,8.0,8.0,0
SKU047,2026-04-06,actual,8.0,5.0,8.0,8.0,0
SKU047,2026-04-13,actual,12.0,10.0,12.0,12.0,0
SKU047,2026-04-20,actual,7.0,10.0,7.0,7.0,0
SKU047,2026-04-27,actual,19.0,13.0,19.0,19.0,0
SKU047,2026-05-04,actual,18.0,6.0,18.0,18.0,0
SKU047,2026-05-11,actual,7.0,7.0,7.0,7.0,0
SKU047,2026-05-18,actual,11.0,10.0,11.0,11.0,0
SKU047,2026-05-25,actual,13.0,9.0,13.0,13.0,0
SKU047,2026-06-01,actual,8.0,16.0,8.0,8.0,0
SKU047,2026-06-08,actual,7.0,17.0,7.0,7.0,0
SKU047,2026-06-15,actual,9.0,16.0,9.0,9.0,0
SKU048,2025-02-10,actual,76.0,0.0,76.0,76.0,0
SKU048,2025-02-17,actual,70.0,76.0,70.0,70.0,0
SKU048,2025-02-24,actual,81.0,73.0,81.0,81.0,0
SKU048,2025-03-03,actual,67.0,75.66666666666667,67.0,67.0,0
SKU048,2025-03-10,actual,77.0,73.5,77.0,77.0,0
SKU048,2025-03-17,actual,70.0,73.75,70.0,70.0,0
SKU048,2025-03-24,actual,58.0,73.75,58.0,58.0,0
SKU048,2025-03-31,actual,63.0,68.0,63.0,63.0,0
SKU048,2025-04-07,actual,56.0,67.0,56.0,56.0,0
SKU048,2025-04-14,actual,51.0,61.75,51.0,51.0,0
SKU048,2025-04-21,actual,56.0,57.0,56.0,56.0,0
SKU048,2025-04-28,actual,73.0,56.5,73.0,73.0,0
SKU048,2025-05-05,actual,63.0,59.0,63.0,63.0,0
SKU048,2025-05-12,actual,47.0,60.75,47.0,47.0,0
SKU048,2025-05-19,actual,48.0,59.75,48.0,48.0,0
SKU048,2025-05-26,actual,46.0,57.75,46.0,46.0,0
SKU048,2025-06-02,actual,47.0,51.0,47.0,47.0,0
SKU048,2025-06-09,actual,59.0,47.0,59.0,59.0,0
SKU048,2025-06-16,actual,38.0,50.0,38.0,38.0,0
SKU048,2025-06-23,actual,54.0,47.5,54.0,54.0,0
SKU048,2025-06-30,actual,34.0,49.5,34.0,34.0,0
SKU048,2025-07-07,actual,42.0,46.25,42.0,42.0,0
SKU048,2025-07-14,actual,46.0,42.0,46.0,46.0,0
SKU048,2025-07-21,actual,45.0,44.0,45.0,45.0,0
SKU048,2025-07-28,actual,41.0,41.75,41.0,41.0,0
SKU048,2025-08-04,actual,59.0,43.5,59.0,59.0,0
SKU048,2025-08-11,actual,81.0,47.75,81.0,81.0,0
SKU048,2025-08-18,actual,44.0,56.5,44.0,44.0,0
SKU048,2025-08-25,actual,32.0,56.25,32.0,32.0,0
SKU048,2025-09-01,actual,39.0,54.0,39.0,39.0,0
SKU048,2025-09-08,actual,46.0,49.0,46.0,46.0,0
SKU048,2025-09-15,actual,48.0,40.25,48.0,48.0,0
SKU048,2025-09-22,actual,63.0,41.25,63.0,63.0,0
SKU048,2025-09-29,actual,70.0,49.0,70.0,70.0,0
SKU048,2025-10-06,actual,58.0,56.75,58.0,58.0,0
SKU048,2025-10-13,actual,51.0,59.75,51.0,51.0,0
SKU048,2025-10-20,actual,112.0,60.5,112.0,112.0,0
SKU048,2025-10-27,actual,78.0,72.75,78.0,78.0,0
SKU048,2025-11-03,actual,66.0,74.75,66.0,66.0,0
SKU048,2025-11-10,actual,69.0,76.75,69.0,69.0,0
SKU048,2025-11-17,actual,65.0,81.25,65.0,65.0,0
SKU048,2025-11-24,actual,65.0,69.5,65.0,65.0,0
SKU048,2025-12-01,actual,79.0,66.25,79.0,79.0,0
SKU048,2025-12-08,actual,78.0,69.5,78.0,78.0,0
SKU048,2025-12-15,actual,71.0,71.75,71.0,71.0,0
SKU048,2025-12-22,actual,145.0,73.25,145.0,145.0,0
SKU048,2025-12-29,actual,95.0,93.25,95.0,95.0,0
SKU048,2026-01-05,actual,67.0,97.25,67.0,67.0,0
SKU048,2026-01-12,actual,72.0,94.5,72.0,72.0,0
SKU048,2026-01-19,actual,82.0,94.75,82.0,82.0,0
SKU048,2026-01-26,actual,104.0,79.0,104.0,104.0,0
SKU048,2026-02-02,actual,65.0,81.25,65.0,65.0,0
SKU048,2026-02-09,actual,84.0,76.0,84.0,84.0,0
SKU048,2026-02-16,actual,87.0,70.0,87.0,87.0,0
SKU048,2026-02-23,actual,68.0,81.0,68.0,68.0,0
SKU048,2026-03-02,actual,77.0,67.0,77.0,77.0,0
SKU048,2026-03-09,actual,76.0,77.0,76.0,76.0,0
SKU048,2026-03-16,actual,68.0,70.0,68.0,68.0,0
SKU048,2026-03-23,actual,72.0,58.0,72.0,72.0,0
SKU048,2026-03-30,actual,50.0,63.0,50.0,50.0,0
SKU048,2026-04-06,actual,70.0,56.0,70.0,70.0,0
SKU048,2026-04-13,actual,61.0,51.0,61.0,61.0,0
SKU048,2026-04-20,actual,53.0,56.0,53.0,53.0,0
SKU048,2026-04-27,actual,75.0,73.0,75.0,75.0,0
SKU048,2026-05-04,actual,62.0,63.0,62.0,62.0,0
SKU048,2026-05-11,actual,51.0,47.0,51.0,51.0,0
SKU048,2026-05-18,actual,51.0,48.0,51.0,51.0,0
SKU048,2026-05-25,actual,47.0,46.0,47.0,47.0,0
SKU048,2026-06-01,actual,40.0,47.0,40.0,40.0,0
SKU048,2026-06-08,actual,45.0,59.0,45.0,45.0,0
SKU048,2026-06-15,actual,47.0,38.0,47.0,47.0,0
SKU049,2024-07-15,actual,3.0,0.0,3.0,3.0,0
SKU049,2024-07-22,actual,8.0,3.0,8.0,8.0,0
SKU049,2024-07-29,actual,6.0,5.5,6.0,6.0,0
SKU049,2024-08-05,actual,13.0,5.666666666666667,13.0,13.0,0
SKU049,2024-08-12,actual,23.0,7.5,23.0,23.0,0
SKU049,2024-08-19,actual,12.0,12.5,12.0,12.0,0
SKU049,2024-08-26,actual,10.0,13.5,10.0,10.0,0
SKU049,2024-09-02,actual,6.0,14.5,6.0,6.0,0
SKU049,2024-09-09,actual,5.0,12.75,5.0,5.0,0
SKU049,2024-09-16,actual,6.0,8.25,6.0,6.0,0
SKU049,2024-09-23,actual,8.0,6.75,8.0,8.0,0
SKU049,2024-09-30,actual,7.0,6.25,7.0,7.0,0
SKU049,2024-10-07,actual,9.0,6.5,9.0,9.0,0
SKU049,2024-10-14,actual,19.0,7.5,19.0,19.0,0
SKU049,2024-10-21,actual,15.0,10.75,15.0,15.0,0
SKU049,2024-10-28,actual,12.0,12.5,12.0,12.0,0
SKU049,2024-11-04,actual,12.0,13.75,12.0,12.0,0
SKU049,2024-11-11,actual,15.0,14.5,15.0,15.0,0
SKU049,2024-11-18,actual,13.0,13.5,13.0,13.0,0
SKU049,2024-11-25,actual,8.0,13.0,8.0,8.0,0
SKU049,2024-12-02,actual,15.0,12.0,15.0,15.0,0
SKU049,2024-12-09,actual,16.0,12.75,16.0,16.0,0
SKU049,2024-12-16,actual,17.0,13.0,17.0,17.0,0
SKU049,2024-12-23,actual,30.0,14.0,30.0,30.0,0
SKU049,2024-12-30,actual,14.0,19.5,14.0,14.0,0
SKU049,2025-01-06,actual,16.0,19.25,16.0,16.0,0
SKU049,2025-01-13,actual,17.0,19.25,17.0,17.0,0
SKU049,2025-01-20,actual,24.0,19.25,24.0,24.0,0
SKU049,2025-01-27,actual,23.0,17.75,23.0,23.0,0
SKU049,2025-02-03,actual,14.0,20.0,14.0,14.0,0
SKU049,2025-02-10,actual,12.0,19.5,12.0,12.0,0
SKU049,2025-02-17,actual,18.0,18.25,18.0,18.0,0
SKU049,2025-02-24,actual,11.0,16.75,11.0,11.0,0
SKU049,2025-03-03,actual,17.0,13.75,17.0,17.0,0
SKU049,2025-03-10,actual,13.0,14.5,13.0,13.0,0
SKU049,2025-03-17,actual,10.0,14.75,10.0,10.0,0
SKU049,2025-03-24,actual,18.0,12.75,18.0,18.0,0
SKU049,2025-03-31,actual,17.0,14.5,17.0,17.0,0
SKU049,2025-04-07,actual,15.0,14.5,15.0,15.0,0
SKU049,2025-04-14,actual,12.0,15.0,12.0,12.0,0
SKU049,2025-04-21,actual,15.0,15.5,15.0,15.0,0
SKU049,2025-04-28,actual,23.0,14.75,23.0,23.0,0
SKU049,2025-05-05,actual,14.0,16.25,14.0,14.0,0
SKU049,2025-05-12,actual,15.0,16.0,15.0,15.0,0
SKU049,2025-05-19,actual,10.0,16.75,10.0,10.0,0
SKU049,2025-05-26,actual,6.0,15.5,6.0,6.0,0
SKU049,2025-06-02,actual,10.0,11.25,10.0,10.0,0
SKU049,2025-06-09,actual,10.0,10.25,10.0,10.0,0
SKU049,2025-06-16,actual,9.0,9.0,9.0,9.0,0
SKU049,2025-06-23,actual,6.0,8.75,6.0,6.0,0
SKU049,2025-06-30,actual,6.0,8.75,6.0,6.0,0
SKU049,2025-07-07,actual,12.0,7.75,12.0,12.0,0
SKU049,2025-07-14,actual,5.0,3.0,5.0,5.0,0
SKU049,2025-07-21,actual,11.0,8.0,11.0,11.0,0
SKU049,2025-07-28,actual,4.0,6.0,4.0,4.0,0
SKU049,2025-08-04,actual,9.0,13.0,9.0,9.0,0
SKU049,2025-08-11,actual,10.0,23.0,10.0,10.0,0
SKU049,2025-08-18,actual,4.0,12.0,4.0,4.0,0
SKU049,2025-08-25,actual,7.0,10.0,7.0,7.0,0
SKU049,2025-09-01,actual,7.0,6.0,7.0,7.0,0
SKU049,2025-09-08,actual,9.0,5.0,9.0,9.0,0
SKU049,2025-09-15,actual,14.0,6.0,14.0,14.0,0
SKU049,2025-09-22,actual,10.0,8.0,10.0,10.0,0
SKU049,2025-09-29,actual,10.0,7.0,10.0,10.0,0
SKU049,2025-10-06,actual,6.0,9.0,6.0,6.0,0
SKU049,2025-10-13,actual,8.0,19.0,8.0,8.0,0
SKU049,2025-10-20,actual,15.0,15.0,15.0,15.0,0
SKU049,2025-10-27,actual,14.0,12.0,14.0,14.0,0
SKU049,2025-11-03,actual,16.0,12.0,16.0,16.0,0
SKU049,2025-11-10,actual,8.0,15.0,8.0,8.0,0
SKU049,2025-11-17,actual,12.0,13.0,12.0,12.0,0
SKU049,2025-11-24,actual,12.0,8.0,12.0,12.0,0
SKU049,2025-12-01,actual,11.0,15.0,11.0,11.0,0
SKU049,2025-12-08,actual,18.0,16.0,18.0,18.0,0
SKU049,2025-12-15,actual,8.0,17.0,8.0,8.0,0
SKU049,2025-12-22,actual,38.0,30.0,38.0,38.0,0
SKU049,2025-12-29,actual,24.0,14.0,24.0,24.0,0
SKU049,2026-01-05,actual,10.0,16.0,10.0,10.0,0
SKU049,2026-01-12,actual,13.0,17.0,13.0,13.0,0
SKU049,2026-01-19,actual,17.0,24.0,17.0,17.0,0
SKU049,2026-01-26,actual,20.0,23.0,20.0,20.0,0
SKU049,2026-02-02,actual,16.0,14.0,16.0,16.0,0
SKU049,2026-02-09,actual,15.0,12.0,15.0,15.0,0
SKU049,2026-02-16,actual,19.0,18.0,19.0,19.0,0
SKU049,2026-02-23,actual,22.0,11.0,22.0,22.0,0
SKU049,2026-03-02,actual,15.0,17.0,15.0,15.0,0
SKU049,2026-03-09,actual,13.0,13.0,13.0,13.0,0
SKU049,2026-03-16,actual,15.0,10.0,15.0,15.0,0
SKU049,2026-03-23,actual,17.0,18.0,17.0,17.0,0
SKU049,2026-03-30,actual,15.0,17.0,15.0,15.0,0
SKU049,2026-04-06,actual,13.0,15.0,13.0,13.0,0
SKU049,2026-04-13,actual,12.0,12.0,12.0,12.0,0
SKU049,2026-04-20,actual,10.0,15.0,10.0,10.0,0
SKU049,2026-04-27,actual,25.0,23.0,25.0,25.0,0
SKU049,2026-05-04,actual,15.0,14.0,15.0,15.0,0
SKU049,2026-05-11,actual,13.0,15.0,13.0,13.0,0
SKU049,2026-05-18,actual,9.0,10.0,9.0,9.0,0
SKU049,2026-05-25,actual,19.0,6.0,19.0,19.0,0
SKU049,2026-06-01,actual,10.0,10.0,10.0,10.0,0
SKU049,2026-06-08,actual,13.0,10.0,13.0,13.0,0
SKU049,2026-06-15,actual,9.0,9.0,9.0,9.0,0
SKU050,2024-05-27,actual,8.0,0.0,8.0,8.0,0
SKU050,2024-06-03,actual,30.0,8.0,30.0,30.0,0
SKU050,2024-06-10,actual,21.0,19.0,21.0,21.0,0
SKU050,2024-06-17,actual,18.0,19.666666666666668,18.0,18.0,0
SKU050,2024-06-24,actual,30.0,19.25,30.0,30.0,0
SKU050,2024-07-01,actual,32.0,24.75,32.0,32.0,0
SKU050,2024-07-08,actual,30.0,25.25,30.0,30.0,0
SKU050,2024-07-15,actual,41.0,27.5,41.0,41.0,0
SKU050,2024-07-22,actual,29.0,33.25,29.0,29.0,0
SKU050,2024-07-29,actual,30.0,33.0,30.0,30.0,0
SKU050,2024-08-05,actual,39.0,32.5,39.0,39.0,0
SKU050,2024-08-12,actual,45.0,34.75,45.0,45.0,0
SKU050,2024-08-19,actual,38.0,35.75,38.0,38.0,0
SKU050,2024-08-26,actual,31.0,38.0,31.0,31.0,0
SKU050,2024-09-02,actual,40.0,38.25,40.0,40.0,0
SKU050,2024-09-09,actual,35.0,38.5,35.0,35.0,0
SKU050,2024-09-16,actual,36.0,36.0,36.0,36.0,0
SKU050,2024-09-23,actual,28.0,35.5,28.0,28.0,0
SKU050,2024-09-30,actual,33.0,34.75,33.0,33.0,0
SKU050,2024-10-07,actual,36.0,33.0,36.0,36.0,0
SKU050,2024-10-14,actual,29.0,33.25,29.0,29.0,0
SKU050,2024-10-21,actual,45.0,31.5,45.0,45.0,0
SKU050,2024-10-28,actual,40.0,35.75,40.0,40.0,0
SKU050,2024-11-04,actual,33.0,37.5,33.0,33.0,0
SKU050,2024-11-11,actual,22.0,36.75,22.0,22.0,0
SKU050,2024-11-18,actual,26.0,35.0,26.0,26.0,0
SKU050,2024-11-25,actual,32.0,30.25,32.0,32.0,0
SKU050,2024-12-02,actual,33.0,28.25,33.0,33.0,0
SKU050,2024-12-09,actual,32.0,28.25,32.0,32.0,0
SKU050,2024-12-16,actual,26.0,30.75,26.0,26.0,0
SKU050,2024-12-23,actual,41.0,30.75,41.0,41.0,0
SKU050,2024-12-30,actual,35.0,33.0,35.0,35.0,0
SKU050,2025-01-06,actual,25.0,33.5,25.0,25.0,0
SKU050,2025-01-13,actual,31.0,31.75,31.0,31.0,0
SKU050,2025-01-20,actual,37.0,33.0,37.0,37.0,0
SKU050,2025-01-27,actual,25.0,32.0,25.0,25.0,0
SKU050,2025-02-03,actual,21.0,29.5,21.0,21.0,0
SKU050,2025-02-10,actual,15.0,28.5,15.0,15.0,0
SKU050,2025-02-17,actual,21.0,24.5,21.0,21.0,0
SKU050,2025-02-24,actual,21.0,20.5,21.0,21.0,0
SKU050,2025-03-03,actual,17.0,19.5,17.0,17.0,0
SKU050,2025-03-10,actual,19.0,18.5,19.0,19.0,0
SKU050,2025-03-17,actual,15.0,19.5,15.0,15.0,0
SKU050,2025-03-24,actual,17.0,18.0,17.0,17.0,0
SKU050,2025-03-31,actual,14.0,17.0,14.0,14.0,0
SKU050,2025-04-07,actual,14.0,16.25,14.0,14.0,0
SKU050,2025-04-14,actual,20.0,15.0,20.0,20.0,0
SKU050,2025-04-21,actual,21.0,16.25,21.0,21.0,0
SKU050,2025-04-28,actual,31.0,17.25,31.0,31.0,0
SKU050,2025-05-05,actual,25.0,21.5,25.0,25.0,0
SKU050,2025-05-12,actual,23.0,24.25,23.0,23.0,0
SKU050,2025-05-19,actual,25.0,25.0,25.0,25.0,0
SKU050,2025-05-26,actual,20.0,8.0,20.0,20.0,0
SKU050,2025-06-02,actual,21.0,30.0,21.0,21.0,0
SKU050,2025-06-09,actual,33.0,21.0,33.0,33.0,0
SKU050,2025-06-16,actual,25.0,18.0,25.0,25.0,0
SKU050,2025-06-23,actual,36.0,30.0,36.0,36.0,0
SKU050,2025-06-30,actual,31.0,32.0,31.0,31.0,0
SKU050,2025-07-07,actual,36.0,30.0,36.0,36.0,0
SKU050,2025-07-14,actual,34.0,41.0,34.0,34.0,0
SKU050,2025-07-21,actual,42.0,29.0,42.0,42.0,0
SKU050,2025-07-28,actual,40.0,30.0,40.0,40.0,0
SKU050,2025-08-04,actual,26.0,39.0,26.0,26.0,0
SKU050,2025-08-11,actual,50.0,45.0,50.0,50.0,0
SKU050,2025-08-18,actual,31.0,38.0,31.0,31.0,0
SKU050,2025-08-25,actual,34.0,31.0,34.0,34.0,0
SKU050,2025-09-01,actual,39.0,40.0,39.0,39.0,0
SKU050,2025-09-08,actual,36.0,35.0,36.0,36.0,0
SKU050,2025-09-15,actual,38.0,36.0,38.0,38.0,0
SKU050,2025-09-22,actual,30.0,28.0,30.0,30.0,0
SKU050,2025-09-29,actual,33.0,33.0,33.0,33.0,0
SKU050,2025-10-06,actual,32.0,36.0,32.0,32.0,0
SKU050,2025-10-13,actual,37.0,29.0,37.0,37.0,0
SKU050,2025-10-20,actual,77.0,45.0,77.0,77.0,0
SKU050,2025-10-27,actual,38.0,40.0,38.0,38.0,0
SKU050,2025-11-03,actual,33.0,33.0,33.0,33.0,0
SKU050,2025-11-10,actual,39.0,22.0,39.0,39.0,0
SKU050,2025-11-17,actual,25.0,26.0,25.0,25.0,0
SKU050,2025-11-24,actual,31.0,32.0,31.0,31.0,0
SKU050,2025-12-01,actual,22.0,33.0,22.0,22.0,0
SKU050,2025-12-08,actual,33.0,32.0,33.0,33.0,0
SKU050,2025-12-15,actual,26.0,26.0,26.0,26.0,0
SKU050,2025-12-22,actual,47.0,41.0,47.0,47.0,0
SKU050,2025-12-29,actual,28.0,35.0,28.0,28.0,0
SKU050,2026-01-05,actual,22.0,25.0,22.0,22.0,0
SKU050,2026-01-12,actual,22.0,31.0,22.0,22.0,0
SKU050,2026-01-19,actual,29.0,37.0,29.0,29.0,0
SKU050,2026-01-26,actual,29.0,25.0,29.0,29.0,0
SKU050,2026-02-02,actual,18.0,21.0,18.0,18.0,0
SKU050,2026-02-09,actual,24.0,15.0,24.0,24.0,0
SKU050,2026-02-16,actual,22.0,21.0,22.0,22.0,0
SKU050,2026-02-23,actual,14.0,21.0,14.0,14.0,0
SKU050,2026-03-02,actual,21.0,17.0,21.0,21.0,0
SKU050,2026-03-09,actual,20.0,19.0,20.0,20.0,0
SKU050,2026-03-16,actual,9.0,15.0,9.0,9.0,0
SKU050,2026-03-23,actual,20.0,17.0,20.0,20.0,0
SKU050,2026-03-30,actual,19.0,14.0,19.0,19.0,0
SKU050,2026-04-06,actual,17.0,14.0,17.0,17.0,0
SKU050,2026-04-13,actual,20.0,20.0,20.0,20.0,0
SKU050,2026-04-20,actual,17.0,21.0,17.0,17.0,0
SKU050,2026-04-27,actual,27.0,31.0,27.0,27.0,0
SKU050,2026-05-04,actual,36.0,25.0,36.0,36.0,0
SKU050,2026-05-11,actual,21.0,23.0,21.0,21.0,0
SKU050,2026-05-18,actual,23.0,25.0,23.0,23.0,0
SKU050,2026-05-25,actual,23.0,20.0,23.0,23.0,0
SKU050,2026-06-01,actual,21.0,21.0,21.0,21.0,0
SKU050,2026-06-08,actual,23.0,33.0,23.0,23.0,0
SKU050,2026-06-15,actual,29.0,25.0,29.0,29.0,0
SKU051,2025-12-08,actual,24.0,0.0,24.0,24.0,0
SKU051,2025-12-15,actual,18.0,24.0,18.0,18.0,0
SKU051,2025-12-22,actual,33.0,21.0,33.0,33.0,0
SKU051,2025-12-29,actual,21.0,25.0,21.0,21.0,0
SKU051,2026-01-05,actual,19.0,24.0,19.0,19.0,0
SKU051,2026-01-12,actual,21.0,22.75,21.0,21.0,0
SKU051,2026-01-19,actual,21.0,23.5,21.0,21.0,0
SKU051,2026-01-26,actual,42.0,20.5,42.0,42.0,0
SKU051,2026-02-02,actual,20.0,25.75,20.0,20.0,0
SKU051,2026-02-09,actual,21.0,26.0,21.0,21.0,0
SKU051,2026-02-16,actual,33.0,26.0,33.0,33.0,0
SKU051,2026-02-23,actual,19.0,29.0,19.0,19.0,0
SKU051,2026-03-02,actual,23.0,23.25,23.0,23.0,0
SKU051,2026-03-09,actual,23.0,24.0,23.0,23.0,0
SKU051,2026-03-16,actual,30.0,24.5,30.0,30.0,0
SKU051,2026-03-23,actual,27.0,23.75,27.0,27.0,0
SKU051,2026-03-30,actual,33.0,25.75,33.0,33.0,0
SKU051,2026-04-06,actual,25.0,28.25,25.0,25.0,0
SKU051,2026-04-13,actual,30.0,28.75,30.0,30.0,0
SKU051,2026-04-20,actual,30.0,28.75,30.0,30.0,0
SKU051,2026-04-27,actual,32.0,29.5,32.0,32.0,0
SKU051,2026-05-04,actual,35.0,29.25,35.0,35.0,0
SKU051,2026-05-11,actual,36.0,31.75,36.0,36.0,0
SKU051,2026-05-18,actual,25.0,33.25,25.0,25.0,0
SKU051,2026-05-25,actual,41.0,32.0,41.0,41.0,0
SKU051,2026-06-01,actual,30.0,34.25,30.0,30.0,0
SKU051,2026-06-08,actual,28.0,33.0,28.0,28.0,0
SKU051,2026-06-15,actual,36.0,31.0,36.0,36.0,0
SKU052,2026-01-05,actual,0.0,0.0,0.0,0.0,0
SKU052,2026-01-12,actual,10.0,0.0,10.0,10.0,0
SKU052,2026-01-19,actual,21.0,5.0,21.0,21.0,0
SKU052,2026-01-26,actual,22.0,10.333333333333334,22.0,22.0,0
SKU052,2026-02-02,actual,13.0,13.25,13.0,13.0,0
SKU052,2026-02-09,actual,18.0,16.5,18.0,18.0,0
SKU052,2026-02-16,actual,10.0,18.5,10.0,10.0,0
SKU052,2026-02-23,actual,7.0,15.75,7.0,7.0,0
SKU052,2026-03-02,actual,11.0,12.0,11.0,11.0,0
SKU052,2026-03-09,actual,13.0,11.5,13.0,13.0,0
SKU052,2026-03-16,actual,8.0,10.25,8.0,8.0,0
SKU052,2026-03-23,actual,11.0,9.75,11.0,11.0,0
SKU052,2026-03-30,actual,9.0,10.75,9.0,9.0,0
SKU052,2026-04-06,actual,10.0,10.25,10.0,10.0,0
SKU052,2026-04-13,actual,12.0,9.5,12.0,12.0,0
SKU052,2026-04-20,actual,10.0,10.5,10.0,10.0,0
SKU052,2026-04-27,actual,6.0,10.25,6.0,6.0,0
SKU052,2026-05-04,actual,15.0,9.5,15.0,15.0,0
SKU052,2026-05-11,actual,12.0,10.75,12.0,12.0,0
SKU052,2026-05-18,actual,12.0,10.75,12.0,12.0,0
SKU052,2026-05-25,actual,11.0,11.25,11.0,11.0,0
SKU052,2026-06-01,actual,12.0,12.5,12.0,12.0,0
SKU052,2026-06-08,actual,14.0,11.75,14.0,14.0,0
SKU052,2026-06-15,actual,10.0,12.25,10.0,10.0,0
SKU053,2025-12-22,actual,0.0,0.0,0.0,0.0,0
SKU053,2025-12-29,actual,12.0,0.0,12.0,12.0,0
SKU053,2026-01-05,actual,15.0,6.0,15.0,15.0,0
SKU053,2026-01-12,actual,11.0,9.0,11.0,11.0,0
SKU053,2026-01-19,actual,21.0,9.5,21.0,21.0,0
SKU053,2026-01-26,actual,25.0,14.75,25.0,25.0,0
SKU053,2026-02-02,actual,12.0,18.0,12.0,12.0,0
SKU053,2026-02-09,actual,13.0,17.25,13.0,13.0,0
SKU053,2026-02-16,actual,14.0,17.75,14.0,14.0,0
SKU053,2026-02-23,actual,14.0,16.0,14.0,14.0,0
SKU053,2026-03-02,actual,14.0,13.25,14.0,14.0,0
SKU053,2026-03-09,actual,18.0,13.75,18.0,18.0,0
SKU053,2026-03-16,actual,17.0,15.0,17.0,17.0,0
SKU053,2026-03-23,actual,22.0,15.75,22.0,22.0,0
SKU053,2026-03-30,actual,19.0,17.75,19.0,19.0,0
SKU053,2026-04-06,actual,22.0,19.0,22.0,22.0,0
SKU053,2026-04-13,actual,29.0,20.0,29.0,29.0,0
SKU053,2026-04-20,actual,33.0,23.0,33.0,33.0,0
SKU053,2026-04-27,actual,26.0,25.75,26.0,26.0,0
SKU053,2026-05-04,actual,33.0,27.5,33.0,33.0,0
SKU053,2026-05-11,actual,27.0,30.25,27.0,27.0,0
SKU053,2026-05-18,actual,23.0,29.75,23.0,23.0,0
SKU053,2026-05-25,actual,23.0,27.25,23.0,23.0,0
SKU053,2026-06-01,actual,21.0,26.5,21.0,21.0,0
SKU053,2026-06-08,actual,30.0,23.5,30.0,30.0,0
SKU053,2026-06-15,actual,22.0,24.25,22.0,22.0,0
SKU054,2024-05-27,actual,8.0,0.0,8.0,8.0,0
SKU054,2024-06-03,actual,9.0,8.0,9.0,9.0,0
SKU054,2024-06-10,actual,12.0,8.5,12.0,12.0,0
SKU054,2024-06-17,actual,15.0,9.666666666666666,15.0,15.0,0
SKU054,2024-06-24,actual,13.0,11.0,13.0,13.0,0
SKU054,2024-07-01,actual,11.0,12.25,11.0,11.0,0
SKU054,2024-07-08,actual,18.0,12.75,18.0,18.0,0
SKU054,2024-07-15,actual,8.0,14.25,8.0,8.0,0
SKU054,2024-07-22,actual,13.0,12.5,13.0,13.0,0
SKU054,2024-07-29,actual,15.0,12.5,15.0,15.0,0
SKU054,2024-08-05,actual,16.0,13.5,16.0,16.0,0
SKU054,2024-08-12,actual,28.0,13.0,28.0,28.0,0
SKU054,2024-08-19,actual,16.0,18.0,16.0,16.0,0
SKU054,2024-08-26,actual,14.0,18.75,14.0,14.0,0
SKU054,2024-09-02,actual,16.0,18.5,16.0,16.0,0
SKU054,2024-09-09,actual,11.0,18.5,11.0,11.0,0
SKU054,2024-09-16,actual,16.0,14.25,16.0,16.0,0
SKU054,2024-09-23,actual,15.0,14.25,15.0,15.0,0
SKU054,2024-09-30,actual,14.0,14.5,14.0,14.0,0
SKU054,2024-10-07,actual,18.0,14.0,18.0,18.0,0
SKU054,2024-10-14,actual,14.0,15.75,14.0,14.0,0
SKU054,2024-10-21,actual,40.0,15.25,40.0,40.0,0
SKU054,2024-10-28,actual,16.0,21.5,16.0,16.0,0
SKU054,2024-11-04,actual,17.0,22.0,17.0,17.0,0
SKU054,2024-11-11,actual,16.0,21.75,16.0,16.0,0
SKU054,2024-11-18,actual,18.0,22.25,18.0,18.0,0
SKU054,2024-11-25,actual,19.0,16.75,19.0,19.0,0
SKU054,2024-12-02,actual,19.0,17.5,19.0,19.0,0
SKU054,2024-12-09,actual,24.0,18.0,24.0,24.0,0
SKU054,2024-12-16,actual,34.0,20.0,34.0,34.0,0
SKU054,2024-12-23,actual,50.0,24.0,50.0,50.0,0
SKU054,2024-12-30,actual,22.0,31.75,22.0,22.0,0
SKU054,2025-01-06,actual,20.0,32.5,20.0,20.0,0
SKU054,2025-01-13,actual,17.0,31.5,17.0,17.0,0
SKU054,2025-01-20,actual,46.0,27.25,46.0,46.0,0
SKU054,2025-01-27,actual,24.0,26.25,24.0,24.0,0
SKU054,2025-02-03,actual,26.0,26.75,26.0,26.0,0
SKU054,2025-02-10,actual,18.0,28.25,18.0,18.0,0
SKU054,2025-02-17,actual,19.0,28.5,19.0,19.0,0
SKU054,2025-02-24,actual,24.0,21.75,24.0,24.0,0
SKU054,2025-03-03,actual,17.0,21.75,17.0,17.0,0
SKU054,2025-03-10,actual,11.0,19.5,11.0,11.0,0
SKU054,2025-03-17,actual,18.0,17.75,18.0,18.0,0
SKU054,2025-03-24,actual,18.0,17.5,18.0,18.0,0
SKU054,2025-03-31,actual,22.0,16.0,22.0,22.0,0
SKU054,2025-04-07,actual,14.0,17.25,14.0,14.0,0
SKU054,2025-04-14,actual,12.0,18.0,12.0,12.0,0
SKU054,2025-04-21,actual,17.0,16.5,17.0,17.0,0
SKU054,2025-04-28,actual,22.0,16.25,22.0,22.0,0
SKU054,2025-05-05,actual,16.0,16.25,16.0,16.0,0
SKU054,2025-05-12,actual,11.0,16.75,11.0,11.0,0
SKU054,2025-05-19,actual,8.0,16.5,8.0,8.0,0
SKU054,2025-05-26,actual,17.0,8.0,17.0,17.0,0
SKU054,2025-06-02,actual,9.0,9.0,9.0,9.0,0
SKU054,2025-06-09,actual,9.0,12.0,9.0,9.0,0
SKU054,2025-06-16,actual,6.0,15.0,6.0,6.0,0
SKU054,2025-06-23,actual,10.0,13.0,10.0,10.0,0
SKU054,2025-06-30,actual,11.0,11.0,11.0,11.0,0
SKU054,2025-07-07,actual,16.0,18.0,16.0,16.0,0
SKU054,2025-07-14,actual,14.0,8.0,14.0,14.0,0
SKU054,2025-07-21,actual,11.0,13.0,11.0,11.0,0
SKU054,2025-07-28,actual,15.0,15.0,15.0,15.0,0
SKU054,2025-08-04,actual,12.0,16.0,12.0,12.0,0
SKU054,2025-08-11,actual,13.0,28.0,13.0,13.0,0
SKU054,2025-08-18,actual,12.0,16.0,12.0,12.0,0
SKU054,2025-08-25,actual,22.0,14.0,22.0,22.0,0
SKU054,2025-09-01,actual,14.0,16.0,14.0,14.0,0
SKU054,2025-09-08,actual,13.0,11.0,13.0,13.0,0
SKU054,2025-09-15,actual,15.0,16.0,15.0,15.0,0
SKU054,2025-09-22,actual,9.0,15.0,9.0,9.0,0
SKU054,2025-09-29,actual,17.0,14.0,17.0,17.0,0
SKU054,2025-10-06,actual,12.0,18.0,12.0,12.0,0
SKU054,2025-10-13,actual,18.0,14.0,18.0,18.0,0
SKU054,2025-10-20,actual,43.0,40.0,43.0,43.0,0
SKU054,2025-10-27,actual,20.0,16.0,20.0,20.0,0
SKU054,2025-11-03,actual,14.0,17.0,14.0,14.0,0
SKU054,2025-11-10,actual,21.0,16.0,21.0,21.0,0
SKU054,2025-11-17,actual,19.0,18.0,19.0,19.0,0
SKU054,2025-11-24,actual,21.0,19.0,21.0,21.0,0
SKU054,2025-12-01,actual,19.0,19.0,19.0,19.0,0
SKU054,2025-12-08,actual,16.0,24.0,16.0,16.0,0
SKU054,2025-12-15,actual,19.0,34.0,19.0,19.0,0
SKU054,2025-12-22,actual,50.0,50.0,50.0,50.0,0
SKU054,2025-12-29,actual,27.0,22.0,27.0,27.0,0
SKU054,2026-01-05,actual,22.0,20.0,22.0,22.0,0
SKU054,2026-01-12,actual,21.0,17.0,21.0,21.0,0
SKU054,2026-01-19,actual,38.0,46.0,38.0,38.0,0
SKU054,2026-01-26,actual,35.0,24.0,35.0,35.0,0
SKU054,2026-02-02,actual,16.0,26.0,16.0,16.0,0
SKU054,2026-02-09,actual,27.0,18.0,27.0,27.0,0
SKU054,2026-02-16,actual,21.0,19.0,21.0,21.0,0
SKU054,2026-02-23,actual,19.0,24.0,19.0,19.0,0
SKU054,2026-03-02,actual,13.0,17.0,13.0,13.0,0
SKU054,2026-03-09,actual,11.0,11.0,11.0,11.0,0
SKU054,2026-03-16,actual,16.0,18.0,16.0,16.0,0
SKU054,2026-03-23,actual,18.0,18.0,18.0,18.0,0
SKU054,2026-03-30,actual,14.0,22.0,14.0,14.0,0
SKU054,2026-04-06,actual,17.0,14.0,17.0,17.0,0
SKU054,2026-04-13,actual,16.0,12.0,16.0,16.0,0
SKU054,2026-04-20,actual,12.0,17.0,12.0,12.0,0
SKU054,2026-04-27,actual,25.0,22.0,25.0,25.0,0
SKU054,2026-05-04,actual,8.0,16.0,8.0,8.0,0
SKU054,2026-05-11,actual,9.0,11.0,9.0,9.0,0
SKU054,2026-05-18,actual,11.0,8.0,11.0,11.0,0
SKU054,2026-05-25,actual,16.0,17.0,16.0,16.0,0
SKU054,2026-06-01,actual,16.0,9.0,16.0,16.0,0
SKU054,2026-06-08,actual,9.0,9.0,9.0,9.0,0
SKU054,2026-06-15,actual,13.0,6.0,13.0,13.0,0
SKU055,2025-02-03,actual,0.0,0.0,0.0,0.0,0
SKU055,2025-02-10,actual,6.0,0.0,6.0,6.0,0
SKU055,2025-02-17,actual,7.0,3.0,7.0,7.0,0
SKU055,2025-02-24,actual,8.0,4.333333333333333,8.0,8.0,0
SKU055,2025-03-03,actual,7.0,5.25,7.0,7.0,0
SKU055,2025-03-10,actual,4.0,7.0,4.0,4.0,0
SKU055,2025-03-17,actual,4.0,6.5,4.0,4.0,0
SKU055,2025-03-24,actual,4.0,5.75,4.0,4.0,0
SKU055,2025-03-31,actual,5.0,4.75,5.0,5.0,0
SKU055,2025-04-07,actual,5.0,4.25,5.0,5.0,0
SKU055,2025-04-14,actual,7.0,4.5,7.0,7.0,0
SKU055,2025-04-21,actual,10.0,5.25,10.0,10.0,0
SKU055,2025-04-28,actual,11.0,6.75,11.0,11.0,0
SKU055,2025-05-05,actual,2.0,8.25,2.0,2.0,0
SKU055,2025-05-12,actual,3.0,7.5,3.0,3.0,0
SKU055,2025-05-19,actual,6.0,6.5,6.0,6.0,0
SKU055,2025-05-26,actual,6.0,5.5,6.0,6.0,0
SKU055,2025-06-02,actual,5.0,4.25,5.0,5.0,0
SKU055,2025-06-09,actual,6.0,5.0,6.0,6.0,0
SKU055,2025-06-16,actual,4.0,5.75,4.0,4.0,0
SKU055,2025-06-23,actual,3.0,5.25,3.0,3.0,0
SKU055,2025-06-30,actual,7.0,4.5,7.0,7.0,0
SKU055,2025-07-07,actual,5.0,5.0,5.0,5.0,0
SKU055,2025-07-14,actual,5.0,4.75,5.0,5.0,0
SKU055,2025-07-21,actual,13.0,5.0,13.0,13.0,0
SKU055,2025-07-28,actual,8.0,7.5,8.0,8.0,0
SKU055,2025-08-04,actual,6.0,7.75,6.0,6.0,0
SKU055,2025-08-11,actual,6.0,8.0,6.0,6.0,0
SKU055,2025-08-18,actual,6.0,8.25,6.0,6.0,0
SKU055,2025-08-25,actual,7.0,6.5,7.0,7.0,0
SKU055,2025-09-01,actual,3.0,6.25,3.0,3.0,0
SKU055,2025-09-08,actual,5.0,5.5,5.0,5.0,0
SKU055,2025-09-15,actual,4.0,5.25,4.0,4.0,0
SKU055,2025-09-22,actual,1.0,4.75,1.0,1.0,0
SKU055,2025-09-29,actual,6.0,3.25,6.0,6.0,0
SKU055,2025-10-06,actual,5.0,4.0,5.0,5.0,0
SKU055,2025-10-13,actual,1.0,4.0,1.0,1.0,0
SKU055,2025-10-20,actual,11.0,3.25,11.0,11.0,0
SKU055,2025-10-27,actual,6.0,5.75,6.0,6.0,0
SKU055,2025-11-03,actual,1.0,5.75,1.0,1.0,0
SKU055,2025-11-10,actual,0.0,4.75,0.0,0.0,0
SKU055,2025-11-17,actual,1.0,4.5,1.0,1.0,0
SKU055,2025-11-24,actual,3.0,2.0,3.0,3.0,0
SKU055,2025-12-01,actual,3.0,1.25,3.0,3.0,0
SKU055,2025-12-08,actual,2.0,1.75,2.0,2.0,0
SKU055,2025-12-15,actual,2.0,2.25,2.0,2.0,0
SKU055,2025-12-22,actual,13.0,2.5,13.0,13.0,0
SKU055,2025-12-29,actual,8.0,5.0,8.0,8.0,0
SKU055,2026-01-05,actual,6.0,6.25,6.0,6.0,0
SKU055,2026-01-12,actual,2.0,7.25,2.0,2.0,0
SKU055,2026-01-19,actual,5.0,7.25,5.0,5.0,0
SKU055,2026-01-26,actual,6.0,5.25,6.0,6.0,0
SKU055,2026-02-02,actual,5.0,0.0,5.0,5.0,0
SKU055,2026-02-09,actual,5.0,6.0,5.0,5.0,0
SKU055,2026-02-16,actual,3.0,7.0,3.0,3.0,0
SKU055,2026-02-23,actual,4.0,8.0,4.0,4.0,0
SKU055,2026-03-02,actual,4.0,7.0,4.0,4.0,0
SKU055,2026-03-09,actual,6.0,4.0,6.0,6.0,0
SKU055,2026-03-16,actual,3.0,4.0,3.0,3.0,0
SKU055,2026-03-23,actual,9.0,4.0,9.0,9.0,0
SKU055,2026-03-30,actual,8.0,5.0,8.0,8.0,0
SKU055,2026-04-06,actual,8.0,5.0,8.0,8.0,0
SKU055,2026-04-13,actual,6.0,7.0,6.0,6.0,0
SKU055,2026-04-20,actual,7.0,10.0,7.0,7.0,0
SKU055,2026-04-27,actual,10.0,11.0,10.0,10.0,0
SKU055,2026-05-04,actual,4.0,2.0,4.0,4.0,0
SKU055,2026-05-11,actual,8.0,3.0,8.0,8.0,0
SKU055,2026-05-18,actual,4.0,6.0,4.0,4.0,0
SKU055,2026-05-25,actual,7.0,6.0,7.0,7.0,0
SKU055,2026-06-01,actual,5.0,5.0,5.0,5.0,0
SKU055,2026-06-08,actual,5.0,6.0,5.0,5.0,0
SKU055,2026-06-15,actual,7.0,4.0,7.0,7.0,0
SKU056,2025-06-30,actual,31.0,0.0,31.0,31.0,0
SKU056,2025-07-07,actual,66.0,31.0,66.0,66.0,0
SKU056,2025-07-14,actual,52.0,48.5,52.0,52.0,0
SKU056,2025-07-21,actual,56.0,49.666666666666664,56.0,56.0,0
SKU056,2025-07-28,actual,64.0,51.25,64.0,64.0,0
SKU056,2025-08-04,actual,56.0,59.5,56.0,56.0,0
SKU056,2025-08-11,actual,92.0,57.0,92.0,92.0,0
SKU056,2025-08-18,actual,52.0,67.0,52.0,52.0,0
SKU056,2025-08-25,actual,54.0,66.0,54.0,54.0,0
SKU056,2025-09-01,actual,40.0,63.5,40.0,40.0,0
SKU056,2025-09-08,actual,42.0,59.5,42.0,42.0,0
SKU056,2025-09-15,actual,38.0,47.0,38.0,38.0,0
SKU056,2025-09-22,actual,29.0,43.5,29.0,29.0,0
SKU056,2025-09-29,actual,42.0,37.25,42.0,42.0,0
SKU056,2025-10-06,actual,47.0,37.75,47.0,47.0,0
SKU056,2025-10-13,actual,37.0,39.0,37.0,37.0,0
SKU056,2025-10-20,actual,90.0,38.75,90.0,90.0,0
SKU056,2025-10-27,actual,36.0,54.0,36.0,36.0,0
SKU056,2025-11-03,actual,47.0,52.5,47.0,47.0,0
SKU056,2025-11-10,actual,43.0,52.5,43.0,43.0,0
SKU056,2025-11-17,actual,26.0,54.0,26.0,26.0,0
SKU056,2025-11-24,actual,37.0,38.0,37.0,37.0,0
SKU056,2025-12-01,actual,26.0,38.25,26.0,26.0,0
SKU056,2025-12-08,actual,36.0,33.0,36.0,36.0,0
SKU056,2025-12-15,actual,34.0,31.25,34.0,34.0,0
SKU056,2025-12-22,actual,67.0,33.25,67.0,67.0,0
SKU056,2025-12-29,actual,44.0,40.75,44.0,44.0,0
SKU056,2026-01-05,actual,33.0,45.25,33.0,33.0,0
SKU056,2026-01-12,actual,44.0,44.5,44.0,44.0,0
SKU056,2026-01-19,actual,53.0,47.0,53.0,53.0,0
SKU056,2026-01-26,actual,66.0,43.5,66.0,66.0,0
SKU056,2026-02-02,actual,47.0,49.0,47.0,47.0,0
SKU056,2026-02-09,actual,37.0,52.5,37.0,37.0,0
SKU056,2026-02-16,actual,42.0,50.75,42.0,42.0,0
SKU056,2026-02-23,actual,49.0,48.0,49.0,49.0,0
SKU056,2026-03-02,actual,47.0,43.75,47.0,47.0,0
SKU056,2026-03-09,actual,50.0,43.75,50.0,50.0,0
SKU056,2026-03-16,actual,57.0,47.0,57.0,57.0,0
SKU056,2026-03-23,actual,73.0,50.75,73.0,73.0,0
SKU056,2026-03-30,actual,49.0,56.75,49.0,49.0,0
SKU056,2026-04-06,actual,76.0,57.25,76.0,76.0,0
SKU056,2026-04-13,actual,44.0,63.75,44.0,44.0,0
SKU056,2026-04-20,actual,76.0,60.5,76.0,76.0,0
SKU056,2026-04-27,actual,85.0,61.25,85.0,85.0,0
SKU056,2026-05-04,actual,71.0,70.25,71.0,71.0,0
SKU056,2026-05-11,actual,55.0,69.0,55.0,55.0,0
SKU056,2026-05-18,actual,68.0,71.75,68.0,68.0,0
SKU056,2026-05-25,actual,64.0,69.75,64.0,64.0,0
SKU056,2026-06-01,actual,61.0,64.5,61.0,61.0,0
SKU056,2026-06-08,actual,58.0,62.0,58.0,58.0,0
SKU056,2026-06-15,actual,53.0,62.75,53.0,53.0,0
SKU057,2026-02-09,actual,4.0,0.0,4.0,4.0,0
SKU057,2026-02-16,actual,8.0,4.0,8.0,8.0,0
SKU057,2026-02-23,actual,4.0,6.0,4.0,4.0,0
SKU057,2026-03-02,actual,5.0,5.333333333333333,5.0,5.0,0
SKU057,2026-03-09,actual,4.0,5.25,4.0,4.0,0
SKU057,2026-03-16,actual,8.0,5.25,8.0,8.0,0
SKU057,2026-03-23,actual,5.0,5.25,5.0,5.0,0
SKU057,2026-03-30,actual,11.0,5.5,11.0,11.0,0
SKU057,2026-04-06,actual,8.0,7.0,8.0,8.0,0
SKU057,2026-04-13,actual,11.0,8.0,11.0,11.0,0
SKU057,2026-04-20,actual,6.0,8.75,6.0,6.0,0
SKU057,2026-04-27,actual,14.0,9.0,14.0,14.0,0
SKU057,2026-05-04,actual,15.0,9.75,15.0,15.0,0
SKU057,2026-05-11,actual,9.0,11.5,9.0,9.0,0
SKU057,2026-05-18,actual,8.0,11.0,8.0,8.0,0
SKU057,2026-05-25,actual,10.0,11.5,10.0,10.0,0
SKU057,2026-06-01,actual,11.0,10.5,11.0,11.0,0
SKU057,2026-06-08,actual,8.0,9.5,8.0,8.0,0
SKU057,2026-06-15,actual,14.0,9.25,14.0,14.0,0
SKU058,2024-12-23,actual,16.0,0.0,16.0,16.0,0
SKU058,2024-12-30,actual,6.0,16.0,6.0,6.0,0
SKU058,2025-01-06,actual,11.0,11.0,11.0,11.0,0
SKU058,2025-01-13,actual,11.0,11.0,11.0,11.0,0
SKU058,2025-01-20,actual,14.0,11.0,14.0,14.0,0
SKU058,2025-01-27,actual,11.0,10.5,11.0,11.0,0
SKU058,2025-02-03,actual,4.0,11.75,4.0,4.0,0
SKU058,2025-02-10,actual,6.0,10.0,6.0,6.0,0
SKU058,2025-02-17,actual,11.0,8.75,11.0,11.0,0
SKU058,2025-02-24,actual,10.0,8.0,10.0,10.0,0
SKU058,2025-03-03,actual,4.0,7.75,4.0,4.0,0
SKU058,2025-03-10,actual,11.0,7.75,11.0,11.0,0
SKU058,2025-03-17,actual,3.0,9.0,3.0,3.0,0
SKU058,2025-03-24,actual,7.0,7.0,7.0,7.0,0
SKU058,2025-03-31,actual,5.0,6.25,5.0,5.0,0
SKU058,2025-04-07,actual,6.0,6.5,6.0,6.0,0
SKU058,2025-04-14,actual,4.0,5.25,4.0,4.0,0
SKU058,2025-04-21,actual,9.0,5.5,9.0,9.0,0
SKU058,2025-04-28,actual,13.0,6.0,13.0,13.0,0
SKU058,2025-05-05,actual,7.0,8.0,7.0,7.0,0
SKU058,2025-05-12,actual,8.0,8.25,8.0,8.0,0
SKU058,2025-05-19,actual,4.0,9.25,4.0,4.0,0
SKU058,2025-05-26,actual,6.0,8.0,6.0,6.0,0
SKU058,2025-06-02,actual,6.0,6.25,6.0,6.0,0
SKU058,2025-06-09,actual,3.0,6.0,3.0,3.0,0
SKU058,2025-06-16,actual,8.0,4.75,8.0,8.0,0
SKU058,2025-06-23,actual,4.0,5.75,4.0,4.0,0
SKU058,2025-06-30,actual,3.0,5.25,3.0,3.0,0
SKU058,2025-07-07,actual,4.0,4.5,4.0,4.0,0
SKU058,2025-07-14,actual,6.0,4.75,6.0,6.0,0
SKU058,2025-07-21,actual,7.0,4.25,7.0,7.0,0
SKU058,2025-07-28,actual,4.0,5.0,4.0,4.0,0
SKU058,2025-08-04,actual,10.0,5.25,10.0,10.0,0
SKU058,2025-08-11,actual,18.0,6.75,18.0,18.0,0
SKU058,2025-08-18,actual,6.0,9.75,6.0,6.0,0
SKU058,2025-08-25,actual,11.0,9.5,11.0,11.0,0
SKU058,2025-09-01,actual,7.0,11.25,7.0,7.0,0
SKU058,2025-09-08,actual,3.0,10.5,3.0,3.0,0
SKU058,2025-09-15,actual,11.0,6.75,11.0,11.0,0
SKU058,2025-09-22,actual,12.0,8.0,12.0,12.0,0
SKU058,2025-09-29,actual,9.0,8.25,9.0,9.0,0
SKU058,2025-10-06,actual,3.0,8.75,3.0,3.0,0
SKU058,2025-10-13,actual,4.0,8.75,4.0,4.0,0
SKU058,2025-10-20,actual,26.0,7.0,26.0,26.0,0
SKU058,2025-10-27,actual,9.0,10.5,9.0,9.0,0
SKU058,2025-11-03,actual,10.0,10.5,10.0,10.0,0
SKU058,2025-11-10,actual,8.0,12.25,8.0,8.0,0
SKU058,2025-11-17,actual,8.0,13.25,8.0,8.0,0
SKU058,2025-11-24,actual,11.0,8.75,11.0,11.0,0
SKU058,2025-12-01,actual,10.0,9.25,10.0,10.0,0
SKU058,2025-12-08,actual,7.0,9.25,7.0,7.0,0
SKU058,2025-12-15,actual,8.0,9.0,8.0,8.0,0
SKU058,2025-12-22,actual,21.0,16.0,21.0,21.0,0
SKU058,2025-12-29,actual,9.0,6.0,9.0,9.0,0
SKU058,2026-01-05,actual,8.0,11.0,8.0,8.0,0
SKU058,2026-01-12,actual,10.0,11.0,10.0,10.0,0
SKU058,2026-01-19,actual,7.0,14.0,7.0,7.0,0
SKU058,2026-01-26,actual,17.0,11.0,17.0,17.0,0
SKU058,2026-02-02,actual,5.0,4.0,5.0,5.0,0
SKU058,2026-02-09,actual,10.0,6.0,10.0,10.0,0
SKU058,2026-02-16,actual,7.0,11.0,7.0,7.0,0
SKU058,2026-02-23,actual,8.0,10.0,8.0,8.0,0
SKU058,2026-03-02,actual,9.0,4.0,9.0,9.0,0
SKU058,2026-03-09,actual,4.0,11.0,4.0,4.0,0
SKU058,2026-03-16,actual,5.0,3.0,5.0,5.0,0
SKU058,2026-03-23,actual,3.0,7.0,3.0,3.0,0
SKU058,2026-03-30,actual,7.0,5.0,7.0,7.0,0
SKU058,2026-04-06,actual,11.0,6.0,11.0,11.0,0
SKU058,2026-04-13,actual,8.0,4.0,8.0,8.0,0
SKU058,2026-04-20,actual,10.0,9.0,10.0,10.0,0
SKU058,2026-04-27,actual,11.0,13.0,11.0,11.0,0
SKU058,2026-05-04,actual,11.0,7.0,11.0,11.0,0
SKU058,2026-05-11,actual,5.0,8.0,5.0,5.0,0
SKU058,2026-05-18,actual,2.0,4.0,2.0,2.0,0
SKU058,2026-05-25,actual,6.0,6.0,6.0,6.0,0
SKU058,2026-06-01,actual,3.0,6.0,3.0,3.0,0
SKU058,2026-06-08,actual,8.0,3.0,8.0,8.0,0
SKU058,2026-06-15,actual,5.0,8.0,5.0,5.0,0
SKU059,2024-05-27,actual,1.0,0.0,1.0,1.0,0
SKU059,2024-06-03,actual,13.0,1.0,13.0,13.0,0
SKU059,2024-06-10,actual,7.0,7.0,7.0,7.0,0
SKU059,2024-06-17,actual,8.0,7.0,8.0,8.0,0
SKU059,2024-06-24,actual,9.0,7.25,9.0,9.0,0
SKU059,2024-07-01,actual,7.0,9.25,7.0,7.0,0
SKU059,2024-07-08,actual,4.0,7.75,4.0,4.0,0
SKU059,2024-07-15,actual,7.0,7.0,7.0,7.0,0
SKU059,2024-07-22,actual,7.0,6.75,7.0,7.0,0
SKU059,2024-07-29,actual,6.0,6.25,6.0,6.0,0
SKU059,2024-08-05,actual,3.0,6.0,3.0,3.0,0
SKU059,2024-08-12,actual,13.0,5.75,13.0,13.0,0
SKU059,2024-08-19,actual,6.0,7.25,6.0,6.0,0
SKU059,2024-08-26,actual,7.0,7.0,7.0,7.0,0
SKU059,2024-09-02,actual,7.0,7.25,7.0,7.0,0
SKU059,2024-09-09,actual,7.0,8.25,7.0,7.0,0
SKU059,2024-09-16,actual,13.0,6.75,13.0,13.0,0
SKU059,2024-09-23,actual,5.0,8.5,5.0,5.0,0
SKU059,2024-09-30,actual,6.0,8.0,6.0,6.0,0
SKU059,2024-10-07,actual,12.0,7.75,12.0,12.0,0
SKU059,2024-10-14,actual,12.0,9.0,12.0,12.0,0
SKU059,2024-10-21,actual,12.0,8.75,12.0,12.0,0
SKU059,2024-10-28,actual,13.0,10.5,13.0,13.0,0
SKU059,2024-11-04,actual,5.0,12.25,5.0,5.0,0
SKU059,2024-11-11,actual,19.0,10.5,19.0,19.0,0
SKU059,2024-11-18,actual,16.0,12.25,16.0,16.0,0
SKU059,2024-11-25,actual,13.0,13.25,13.0,13.0,0
SKU059,2024-12-02,actual,12.0,13.25,12.0,12.0,0
SKU059,2024-12-09,actual,13.0,15.0,13.0,13.0,0
SKU059,2024-12-16,actual,16.0,13.5,16.0,16.0,0
SKU059,2024-12-23,actual,18.0,13.5,18.0,18.0,0
SKU059,2024-12-30,actual,13.0,14.75,13.0,13.0,0
SKU059,2025-01-06,actual,13.0,15.0,13.0,13.0,0
SKU059,2025-01-13,actual,12.0,15.0,12.0,12.0,0
SKU059,2025-01-20,actual,22.0,14.0,22.0,22.0,0
SKU059,2025-01-27,actual,19.0,15.0,19.0,19.0,0
SKU059,2025-02-03,actual,14.0,16.5,14.0,14.0,0
SKU059,2025-02-10,actual,11.0,16.75,11.0,11.0,0
SKU059,2025-02-17,actual,13.0,16.5,13.0,13.0,0
SKU059,2025-02-24,actual,21.0,14.25,21.0,21.0,0
SKU059,2025-03-03,actual,14.0,14.75,14.0,14.0,0
SKU059,2025-03-10,actual,15.0,14.75,15.0,15.0,0
SKU059,2025-03-17,actual,16.0,15.75,16.0,16.0,0
SKU059,2025-03-24,actual,20.0,16.5,20.0,20.0,0
SKU059,2025-03-31,actual,12.0,16.25,12.0,12.0,0
SKU059,2025-04-07,actual,6.0,15.75,6.0,6.0,0
SKU059,2025-04-14,actual,11.0,13.5,11.0,11.0,0
SKU059,2025-04-21,actual,10.0,12.25,10.0,10.0,0
SKU059,2025-04-28,actual,15.0,9.75,15.0,15.0,0
SKU059,2025-05-05,actual,10.0,10.5,10.0,10.0,0
SKU059,2025-05-12,actual,8.0,11.5,8.0,8.0,0
SKU059,2025-05-19,actual,10.0,10.75,10.0,10.0,0
SKU059,2025-05-26,actual,7.0,1.0,7.0,7.0,0
SKU059,2025-06-02,actual,7.0,13.0,7.0,7.0,0
SKU059,2025-06-09,actual,11.0,7.0,11.0,11.0,0
SKU059,2025-06-16,actual,9.0,8.0,9.0,9.0,0
SKU059,2025-06-23,actual,14.0,9.0,14.0,14.0,0
SKU059,2025-06-30,actual,10.0,7.0,10.0,10.0,0
SKU059,2025-07-07,actual,8.0,4.0,8.0,8.0,0
SKU059,2025-07-14,actual,6.0,7.0,6.0,6.0,0
SKU059,2025-07-21,actual,12.0,7.0,12.0,12.0,0
SKU059,2025-07-28,actual,8.0,6.0,8.0,8.0,0
SKU059,2025-08-04,actual,15.0,3.0,15.0,15.0,0
SKU059,2025-08-11,actual,11.0,13.0,11.0,11.0,0
SKU059,2025-08-18,actual,10.0,6.0,10.0,10.0,0
SKU059,2025-08-25,actual,5.0,7.0,5.0,5.0,0
SKU059,2025-09-01,actual,8.0,7.0,8.0,8.0,0
SKU059,2025-09-08,actual,8.0,7.0,8.0,8.0,0
SKU059,2025-09-15,actual,8.0,13.0,8.0,8.0,0
SKU059,2025-09-22,actual,14.0,5.0,14.0,14.0,0
SKU059,2025-09-29,actual,9.0,6.0,9.0,9.0,0
SKU059,2025-10-06,actual,6.0,12.0,6.0,6.0,0
SKU059,2025-10-13,actual,5.0,12.0,5.0,5.0,0
SKU059,2025-10-20,actual,14.0,12.0,14.0,14.0,0
SKU059,2025-10-27,actual,14.0,13.0,14.0,14.0,0
SKU059,2025-11-03,actual,11.0,5.0,11.0,11.0,0
SKU059,2025-11-10,actual,12.0,19.0,12.0,12.0,0
SKU059,2025-11-17,actual,8.0,16.0,8.0,8.0,0
SKU059,2025-11-24,actual,15.0,13.0,15.0,15.0,0
SKU059,2025-12-01,actual,14.0,12.0,14.0,14.0,0
SKU059,2025-12-08,actual,19.0,13.0,19.0,19.0,0
SKU059,2025-12-15,actual,13.0,16.0,13.0,13.0,0
SKU059,2025-12-22,actual,24.0,18.0,24.0,24.0,0
SKU059,2025-12-29,actual,27.0,13.0,27.0,27.0,0
SKU059,2026-01-05,actual,12.0,13.0,12.0,12.0,0
SKU059,2026-01-12,actual,16.0,12.0,16.0,16.0,0
SKU059,2026-01-19,actual,18.0,22.0,18.0,18.0,0
SKU059,2026-01-26,actual,20.0,19.0,20.0,20.0,0
SKU059,2026-02-02,actual,16.0,14.0,16.0,16.0,0
SKU059,2026-02-09,actual,10.0,11.0,10.0,10.0,0
SKU059,2026-02-16,actual,17.0,13.0,17.0,17.0,0
SKU059,2026-02-23,actual,12.0,21.0,12.0,12.0,0
SKU059,2026-03-02,actual,13.0,14.0,13.0,13.0,0
SKU059,2026-03-09,actual,17.0,15.0,17.0,17.0,0
SKU059,2026-03-16,actual,18.0,16.0,18.0,18.0,0
SKU059,2026-03-23,actual,14.0,20.0,14.0,14.0,0
SKU059,2026-03-30,actual,9.0,12.0,9.0,9.0,0
SKU059,2026-04-06,actual,19.0,6.0,19.0,19.0,0
SKU059,2026-04-13,actual,9.0,11.0,9.0,9.0,0
SKU059,2026-04-20,actual,8.0,10.0,8.0,8.0,0
SKU059,2026-04-27,actual,11.0,15.0,11.0,11.0,0
SKU059,2026-05-04,actual,14.0,10.0,14.0,14.0,0
SKU059,2026-05-11,actual,11.0,8.0,11.0,11.0,0
SKU059,2026-05-18,actual,11.0,10.0,11.0,11.0,0
SKU059,2026-05-25,actual,6.0,7.0,6.0,6.0,0
SKU059,2026-06-01,actual,15.0,7.0,15.0,15.0,0
SKU059,2026-06-08,actual,15.0,11.0,15.0,15.0,0
SKU059,2026-06-15,actual,5.0,9.0,5.0,5.0,0
SKU060,2025-09-01,actual,9.0,0.0,9.0,9.0,0
SKU060,2025-09-08,actual,20.0,9.0,20.0,20.0,0
SKU060,2025-09-15,actual,18.0,14.5,18.0,18.0,0
SKU060,2025-09-22,actual,16.0,15.666666666666666,16.0,16.0,0
SKU060,2025-09-29,actual,32.0,15.75,32.0,32.0,0
SKU060,2025-10-06,actual,20.0,21.5,20.0,20.0,0
SKU060,2025-10-13,actual,17.0,21.5,17.0,17.0,0
SKU060,2025-10-20,actual,37.0,21.25,37.0,37.0,0
SKU060,2025-10-27,actual,20.0,26.5,20.0,20.0,0
SKU060,2025-11-03,actual,14.0,23.5,14.0,14.0,0
SKU060,2025-11-10,actual,25.0,22.0,25.0,25.0,0
SKU060,2025-11-17,actual,27.0,24.0,27.0,27.0,0
SKU060,2025-11-24,actual,20.0,21.5,20.0,20.0,0
SKU060,2025-12-01,actual,24.0,21.5,24.0,24.0,0
SKU060,2025-12-08,actual,28.0,24.0,28.0,28.0,0
SKU060,2025-12-15,actual,22.0,24.75,22.0,22.0,0
SKU060,2025-12-22,actual,30.0,23.5,30.0,30.0,0
SKU060,2025-12-29,actual,17.0,26.0,17.0,17.0,0
SKU060,2026-01-05,actual,13.0,24.25,13.0,13.0,0
SKU060,2026-01-12,actual,12.0,20.5,12.0,12.0,0
SKU060,2026-01-19,actual,19.0,18.0,19.0,19.0,0
SKU060,2026-01-26,actual,21.0,15.25,21.0,21.0,0
SKU060,2026-02-02,actual,13.0,16.25,13.0,13.0,0
SKU060,2026-02-09,actual,21.0,16.25,21.0,21.0,0
SKU060,2026-02-16,actual,10.0,18.5,10.0,10.0,0
SKU060,2026-02-23,actual,15.0,16.25,15.0,15.0,0
SKU060,2026-03-02,actual,10.0,14.75,10.0,10.0,0
SKU060,2026-03-09,actual,14.0,14.0,14.0,14.0,0
SKU060,2026-03-16,actual,16.0,12.25,16.0,16.0,0
SKU060,2026-03-23,actual,12.0,13.75,12.0,12.0,0
SKU060,2026-03-30,actual,15.0,13.0,15.0,15.0,0
SKU060,2026-04-06,actual,9.0,14.25,9.0,9.0,0
SKU060,2026-04-13,actual,11.0,13.0,11.0,11.0,0
SKU060,2026-04-20,actual,10.0,11.75,10.0,10.0,0
SKU060,2026-04-27,actual,16.0,11.25,16.0,16.0,0
SKU060,2026-05-04,actual,17.0,11.5,17.0,17.0,0
SKU060,2026-05-11,actual,13.0,13.5,13.0,13.0,0
SKU060,2026-05-18,actual,16.0,14.0,16.0,16.0,0
SKU060,2026-05-25,actual,17.0,15.5,17.0,17.0,0
SKU060,2026-06-01,actual,10.0,15.75,10.0,10.0,0
SKU060,2026-06-08,actual,16.0,14.0,16.0,16.0,0
SKU060,2026-06-15,actual,10.0,14.75,10.0,10.0,0
SKU061,2025-09-22,actual,13.0,0.0,13.0,13.0,0
SKU061,2025-09-29,actual,13.0,13.0,13.0,13.0,0
SKU061,2025-10-06,actual,8.0,13.0,8.0,8.0,0
SKU061,2025-10-13,actual,21.0,11.333333333333334,21.0,21.0,0
SKU061,2025-10-20,actual,39.0,13.75,39.0,39.0,0
SKU061,2025-10-27,actual,19.0,20.25,19.0,19.0,0
SKU061,2025-11-03,actual,15.0,21.75,15.0,15.0,0
SKU061,2025-11-10,actual,18.0,23.5,18.0,18.0,0
SKU061,2025-11-17,actual,19.0,22.75,19.0,19.0,0
SKU061,2025-11-24,actual,20.0,17.75,20.0,20.0,0
SKU061,2025-12-01,actual,20.0,18.0,20.0,20.0,0
SKU061,2025-12-08,actual,19.0,19.25,19.0,19.0,0
SKU061,2025-12-15,actual,24.0,19.5,24.0,24.0,0
SKU061,2025-12-22,actual,50.0,20.75,50.0,50.0,0
SKU061,2025-12-29,actual,31.0,28.25,31.0,31.0,0
SKU061,2026-01-05,actual,30.0,31.0,30.0,30.0,0
SKU061,2026-01-12,actual,23.0,33.75,23.0,23.0,0
SKU061,2026-01-19,actual,36.0,33.5,36.0,36.0,0
SKU061,2026-01-26,actual,34.0,30.0,34.0,34.0,0
SKU061,2026-02-02,actual,27.0,30.75,27.0,27.0,0
SKU061,2026-02-09,actual,23.0,30.0,23.0,23.0,0
SKU061,2026-02-16,actual,29.0,30.0,29.0,29.0,0
SKU061,2026-02-23,actual,23.0,28.25,23.0,23.0,0
SKU061,2026-03-02,actual,21.0,25.5,21.0,21.0,0
SKU061,2026-03-09,actual,32.0,24.0,32.0,32.0,0
SKU061,2026-03-16,actual,24.0,26.25,24.0,24.0,0
SKU061,2026-03-23,actual,30.0,25.0,30.0,30.0,0
SKU061,2026-03-30,actual,31.0,26.75,31.0,31.0,0
SKU061,2026-04-06,actual,24.0,29.25,24.0,24.0,0
SKU061,2026-04-13,actual,21.0,27.25,21.0,21.0,0
SKU061,2026-04-20,actual,12.0,26.5,12.0,12.0,0
SKU061,2026-04-27,actual,41.0,22.0,41.0,41.0,0
SKU061,2026-05-04,actual,25.0,24.5,25.0,25.0,0
SKU061,2026-05-11,actual,20.0,24.75,20.0,20.0,0
SKU061,2026-05-18,actual,17.0,24.5,17.0,17.0,0
SKU061,2026-05-25,actual,19.0,25.75,19.0,19.0,0
SKU061,2026-06-01,actual,14.0,20.25,14.0,14.0,0
SKU061,2026-06-08,actual,23.0,17.5,23.0,23.0,0
SKU061,2026-06-15,actual,14.0,18.25,14.0,14.0,0
SKU062,2025-01-20,actual,24.0,0.0,24.0,24.0,0
SKU062,2025-01-27,actual,22.0,24.0,22.0,22.0,0
SKU062,2025-02-03,actual,16.0,23.0,16.0,16.0,0
SKU062,2025-02-10,actual,18.0,20.666666666666668,18.0,18.0,0
SKU062,2025-02-17,actual,17.0,20.0,17.0,17.0,0
SKU062,2025-02-24,actual,23.0,18.25,23.0,23.0,0
SKU062,2025-03-03,actual,26.0,18.5,26.0,26.0,0
SKU062,2025-03-10,actual,22.0,21.0,22.0,22.0,0
SKU062,2025-03-17,actual,21.0,22.0,21.0,21.0,0
SKU062,2025-03-24,actual,20.0,23.0,20.0,20.0,0
SKU062,2025-03-31,actual,18.0,22.25,18.0,18.0,0
SKU062,2025-04-07,actual,21.0,20.25,21.0,21.0,0
SKU062,2025-04-14,actual,9.0,20.0,9.0,9.0,0
SKU062,2025-04-21,actual,20.0,17.0,20.0,20.0,0
SKU062,2025-04-28,actual,33.0,17.0,33.0,33.0,0
SKU062,2025-05-05,actual,25.0,20.75,25.0,25.0,0
SKU062,2025-05-12,actual,17.0,21.75,17.0,17.0,0
SKU062,2025-05-19,actual,22.0,23.75,22.0,22.0,0
SKU062,2025-05-26,actual,21.0,24.25,21.0,21.0,0
SKU062,2025-06-02,actual,22.0,21.25,22.0,22.0,0
SKU062,2025-06-09,actual,24.0,20.5,24.0,24.0,0
SKU062,2025-06-16,actual,20.0,22.25,20.0,20.0,0
SKU062,2025-06-23,actual,23.0,21.75,23.0,23.0,0
SKU062,2025-06-30,actual,17.0,22.25,17.0,17.0,0
SKU062,2025-07-07,actual,21.0,21.0,21.0,21.0,0
SKU062,2025-07-14,actual,19.0,20.25,19.0,19.0,0
SKU062,2025-07-21,actual,16.0,20.0,16.0,16.0,0
SKU062,2025-07-28,actual,15.0,18.25,15.0,15.0,0
SKU062,2025-08-04,actual,8.0,17.75,8.0,8.0,0
SKU062,2025-08-11,actual,24.0,14.5,24.0,24.0,0
SKU062,2025-08-18,actual,16.0,15.75,16.0,16.0,0
SKU062,2025-08-25,actual,15.0,15.75,15.0,15.0,0
SKU062,2025-09-01,actual,9.0,15.75,9.0,9.0,0
SKU062,2025-09-08,actual,13.0,16.0,13.0,13.0,0
SKU062,2025-09-15,actual,7.0,13.25,7.0,7.0,0
SKU062,2025-09-22,actual,14.0,11.0,14.0,14.0,0
SKU062,2025-09-29,actual,13.0,10.75,13.0,13.0,0
SKU062,2025-10-06,actual,12.0,11.75,12.0,12.0,0
SKU062,2025-10-13,actual,14.0,11.5,14.0,14.0,0
SKU062,2025-10-20,actual,31.0,13.25,31.0,31.0,0
SKU062,2025-10-27,actual,17.0,17.5,17.0,17.0,0
SKU062,2025-11-03,actual,12.0,18.5,12.0,12.0,0
SKU062,2025-11-10,actual,14.0,18.5,14.0,14.0,0
SKU062,2025-11-17,actual,17.0,18.5,17.0,17.0,0
SKU062,2025-11-24,actual,14.0,15.0,14.0,14.0,0
SKU062,2025-12-01,actual,16.0,14.25,16.0,16.0,0
SKU062,2025-12-08,actual,16.0,15.25,16.0,16.0,0
SKU062,2025-12-15,actual,19.0,15.75,19.0,19.0,0
SKU062,2025-12-22,actual,44.0,16.25,44.0,44.0,0
SKU062,2025-12-29,actual,21.0,23.75,21.0,21.0,0
SKU062,2026-01-05,actual,12.0,25.0,12.0,12.0,0
SKU062,2026-01-12,actual,18.0,24.0,18.0,18.0,0
SKU062,2026-01-19,actual,23.0,24.0,23.0,23.0,0
SKU062,2026-01-26,actual,21.0,22.0,21.0,21.0,0
SKU062,2026-02-02,actual,20.0,16.0,20.0,20.0,0
SKU062,2026-02-09,actual,19.0,18.0,19.0,19.0,0
SKU062,2026-02-16,actual,15.0,17.0,15.0,15.0,0
SKU062,2026-02-23,actual,20.0,23.0,20.0,20.0,0
SKU062,2026-03-02,actual,18.0,26.0,18.0,18.0,0
SKU062,2026-03-09,actual,23.0,22.0,23.0,23.0,0
SKU062,2026-03-16,actual,20.0,21.0,20.0,20.0,0
SKU062,2026-03-23,actual,18.0,20.0,18.0,18.0,0
SKU062,2026-03-30,actual,25.0,18.0,25.0,25.0,0
SKU062,2026-04-06,actual,19.0,21.0,19.0,19.0,0
SKU062,2026-04-13,actual,19.0,9.0,19.0,19.0,0
SKU062,2026-04-20,actual,24.0,20.0,24.0,24.0,0
SKU062,2026-04-27,actual,34.0,33.0,34.0,34.0,0
SKU062,2026-05-04,actual,25.0,25.0,25.0,25.0,0
SKU062,2026-05-11,actual,25.0,17.0,25.0,25.0,0
SKU062,2026-05-18,actual,28.0,22.0,28.0,28.0,0
SKU062,2026-05-25,actual,17.0,21.0,17.0,17.0,0
SKU062,2026-06-01,actual,17.0,22.0,17.0,17.0,0
SKU062,2026-06-08,actual,15.0,24.0,15.0,15.0,0
SKU062,2026-06-15,actual,16.0,20.0,16.0,16.0,0
SKU063,2024-05-27,actual,7.0,0.0,7.0,7.0,0
SKU063,2024-06-03,actual,13.0,7.0,13.0,13.0,0
SKU063,2024-06-10,actual,19.0,10.0,19.0,19.0,0
SKU063,2024-06-17,actual,18.0,13.0,18.0,18.0,0
SKU063,2024-06-24,actual,16.0,14.25,16.0,16.0,0
SKU063,2024-07-01,actual,28.0,16.5,28.0,28.0,0
SKU063,2024-07-08,actual,19.0,20.25,19.0,19.0,0
SKU063,2024-07-15,actual,17.0,20.25,17.0,17.0,0
SKU063,2024-07-22,actual,12.0,20.0,12.0,12.0,0
SKU063,2024-07-29,actual,17.0,19.0,17.0,17.0,0
SKU063,2024-08-05,actual,15.0,16.25,15.0,15.0,0
SKU063,2024-08-12,actual,33.0,15.25,33.0,33.0,0
SKU063,2024-08-19,actual,24.0,19.25,24.0,24.0,0
SKU063,2024-08-26,actual,17.0,22.25,17.0,17.0,0
SKU063,2024-09-02,actual,19.0,22.25,19.0,19.0,0
SKU063,2024-09-09,actual,21.0,23.25,21.0,21.0,0
SKU063,2024-09-16,actual,27.0,20.25,27.0,27.0,0
SKU063,2024-09-23,actual,21.0,21.0,21.0,21.0,0
SKU063,2024-09-30,actual,20.0,22.0,20.0,20.0,0
SKU063,2024-10-07,actual,17.0,22.25,17.0,17.0,0
SKU063,2024-10-14,actual,21.0,21.25,21.0,21.0,0
SKU063,2024-10-21,actual,28.0,19.75,28.0,28.0,0
SKU063,2024-10-28,actual,12.0,21.5,12.0,12.0,0
SKU063,2024-11-04,actual,16.0,19.5,16.0,16.0,0
SKU063,2024-11-11,actual,21.0,19.25,21.0,21.0,0
SKU063,2024-11-18,actual,21.0,19.25,21.0,21.0,0
SKU063,2024-11-25,actual,21.0,17.5,21.0,21.0,0
SKU063,2024-12-02,actual,18.0,19.75,18.0,18.0,0
SKU063,2024-12-09,actual,18.0,20.25,18.0,18.0,0
SKU063,2024-12-16,actual,17.0,19.5,17.0,17.0,0
SKU063,2024-12-23,actual,24.0,18.5,24.0,24.0,0
SKU063,2024-12-30,actual,16.0,19.25,16.0,16.0,0
SKU063,2025-01-06,actual,5.0,18.75,5.0,5.0,0
SKU063,2025-01-13,actual,8.0,15.5,8.0,8.0,0
SKU063,2025-01-20,actual,20.0,13.25,20.0,20.0,0
SKU063,2025-01-27,actual,11.0,12.25,11.0,11.0,0
SKU063,2025-02-03,actual,13.0,11.0,13.0,13.0,0
SKU063,2025-02-10,actual,8.0,13.0,8.0,8.0,0
SKU063,2025-02-17,actual,12.0,13.0,12.0,12.0,0
SKU063,2025-02-24,actual,9.0,11.0,9.0,9.0,0
SKU063,2025-03-03,actual,12.0,10.5,12.0,12.0,0
SKU063,2025-03-10,actual,5.0,10.25,5.0,5.0,0
SKU063,2025-03-17,actual,11.0,9.5,11.0,11.0,0
SKU063,2025-03-24,actual,9.0,9.25,9.0,9.0,0
SKU063,2025-03-31,actual,10.0,9.25,10.0,10.0,0
SKU063,2025-04-07,actual,10.0,8.75,10.0,10.0,0
SKU063,2025-04-14,actual,6.0,10.0,6.0,6.0,0
SKU063,2025-04-21,actual,12.0,8.75,12.0,12.0,0
SKU063,2025-04-28,actual,24.0,9.5,24.0,24.0,0
SKU063,2025-05-05,actual,19.0,13.0,19.0,19.0,0
SKU063,2025-05-12,actual,12.0,15.25,12.0,12.0,0
SKU063,2025-05-19,actual,15.0,16.75,15.0,15.0,0
SKU063,2025-05-26,actual,18.0,7.0,18.0,18.0,0
SKU063,2025-06-02,actual,11.0,13.0,11.0,11.0,0
SKU063,2025-06-09,actual,20.0,19.0,20.0,20.0,0
SKU063,2025-06-16,actual,17.0,18.0,17.0,17.0,0
SKU063,2025-06-23,actual,21.0,16.0,21.0,21.0,0
SKU063,2025-06-30,actual,23.0,28.0,23.0,23.0,0
SKU063,2025-07-07,actual,16.0,19.0,16.0,16.0,0
SKU063,2025-07-14,actual,24.0,17.0,24.0,24.0,0
SKU063,2025-07-21,actual,21.0,12.0,21.0,21.0,0
SKU063,2025-07-28,actual,20.0,17.0,20.0,20.0,0
SKU063,2025-08-04,actual,13.0,15.0,13.0,13.0,0
SKU063,2025-08-11,actual,29.0,33.0,29.0,29.0,0
SKU063,2025-08-18,actual,30.0,24.0,30.0,30.0,0
SKU063,2025-08-25,actual,25.0,17.0,25.0,25.0,0
SKU063,2025-09-01,actual,15.0,19.0,15.0,15.0,0
SKU063,2025-09-08,actual,20.0,21.0,20.0,20.0,0
SKU063,2025-09-15,actual,26.0,27.0,26.0,26.0,0
SKU063,2025-09-22,actual,27.0,21.0,27.0,27.0,0
SKU063,2025-09-29,actual,22.0,20.0,22.0,22.0,0
SKU063,2025-10-06,actual,23.0,17.0,23.0,23.0,0
SKU063,2025-10-13,actual,14.0,21.0,14.0,14.0,0
SKU063,2025-10-20,actual,42.0,28.0,42.0,42.0,0
SKU063,2025-10-27,actual,18.0,12.0,18.0,18.0,0
SKU063,2025-11-03,actual,17.0,16.0,17.0,17.0,0
SKU063,2025-11-10,actual,20.0,21.0,20.0,20.0,0
SKU063,2025-11-17,actual,19.0,21.0,19.0,19.0,0
SKU063,2025-11-24,actual,17.0,21.0,17.0,17.0,0
SKU063,2025-12-01,actual,10.0,18.0,10.0,10.0,0
SKU063,2025-12-08,actual,9.0,18.0,9.0,9.0,0
SKU063,2025-12-15,actual,13.0,17.0,13.0,13.0,0
SKU063,2025-12-22,actual,23.0,24.0,23.0,23.0,0
SKU063,2025-12-29,actual,15.0,16.0,15.0,15.0,0
SKU063,2026-01-05,actual,18.0,5.0,18.0,18.0,0
SKU063,2026-01-12,actual,10.0,8.0,10.0,10.0,0
SKU063,2026-01-19,actual,10.0,20.0,10.0,10.0,0
SKU063,2026-01-26,actual,20.0,11.0,20.0,20.0,0
SKU063,2026-02-02,actual,11.0,13.0,11.0,11.0,0
SKU063,2026-02-09,actual,11.0,8.0,11.0,11.0,0
SKU063,2026-02-16,actual,12.0,12.0,12.0,12.0,0
SKU063,2026-02-23,actual,12.0,9.0,12.0,12.0,0
SKU063,2026-03-02,actual,12.0,12.0,12.0,12.0,0
SKU063,2026-03-09,actual,12.0,5.0,12.0,12.0,0
SKU063,2026-03-16,actual,6.0,11.0,6.0,6.0,0
SKU063,2026-03-23,actual,9.0,9.0,9.0,9.0,0
SKU063,2026-03-30,actual,7.0,10.0,7.0,7.0,0
SKU063,2026-04-06,actual,9.0,10.0,9.0,9.0,0
SKU063,2026-04-13,actual,16.0,6.0,16.0,16.0,0
SKU063,2026-04-20,actual,14.0,12.0,14.0,14.0,0
SKU063,2026-04-27,actual,18.0,24.0,18.0,18.0,0
SKU063,2026-05-04,actual,23.0,19.0,23.0,23.0,0
SKU063,2026-05-11,actual,26.0,12.0,26.0,26.0,0
SKU063,2026-05-18,actual,22.0,15.0,22.0,22.0,0
SKU063,2026-05-25,actual,17.0,18.0,17.0,17.0,0
SKU063,2026-06-01,actual,18.0,11.0,18.0,18.0,0
SKU063,2026-06-08,actual,16.0,20.0,16.0,16.0,0
SKU063,2026-06-15,actual,29.0,17.0,29.0,29.0,0
SKU064,2024-05-27,actual,9.0,0.0,9.0,9.0,0
SKU064,2024-06-03,actual,19.0,9.0,19.0,19.0,0
SKU064,2024-06-10,actual,20.0,14.0,20.0,20.0,0
SKU064,2024-06-17,actual,20.0,16.0,20.0,20.0,0
SKU064,2024-06-24,actual,30.0,17.0,30.0,30.0,0
SKU064,2024-07-01,actual,21.0,22.25,21.0,21.0,0
SKU064,2024-07-08,actual,23.0,22.75,23.0,23.0,0
SKU064,2024-07-15,actual,26.0,23.5,26.0,26.0,0
SKU064,2024-07-22,actual,30.0,25.0,30.0,30.0,0
SKU064,2024-07-29,actual,28.0,25.0,28.0,28.0,0
SKU064,2024-08-05,actual,33.0,26.75,33.0,33.0,0
SKU064,2024-08-12,actual,55.0,29.25,55.0,55.0,0
SKU064,2024-08-19,actual,33.0,36.5,33.0,33.0,0
SKU064,2024-08-26,actual,23.0,37.25,23.0,23.0,0
SKU064,2024-09-02,actual,33.0,36.0,33.0,33.0,0
SKU064,2024-09-09,actual,26.0,36.0,26.0,26.0,0
SKU064,2024-09-16,actual,30.0,28.75,30.0,30.0,0
SKU064,2024-09-23,actual,33.0,28.0,33.0,33.0,0
SKU064,2024-09-30,actual,39.0,30.5,39.0,39.0,0
SKU064,2024-10-07,actual,41.0,32.0,41.0,41.0,0
SKU064,2024-10-14,actual,51.0,35.75,51.0,51.0,0
SKU064,2024-10-21,actual,70.0,41.0,70.0,70.0,0
SKU064,2024-10-28,actual,39.0,50.25,39.0,39.0,0
SKU064,2024-11-04,actual,37.0,50.25,37.0,37.0,0
SKU064,2024-11-11,actual,37.0,49.25,37.0,37.0,0
SKU064,2024-11-18,actual,40.0,45.75,40.0,40.0,0
SKU064,2024-11-25,actual,39.0,38.25,39.0,39.0,0
SKU064,2024-12-02,actual,41.0,38.25,41.0,41.0,0
SKU064,2024-12-09,actual,43.0,39.25,43.0,43.0,0
SKU064,2024-12-16,actual,45.0,40.75,45.0,45.0,0
SKU064,2024-12-23,actual,57.0,42.0,57.0,57.0,0
SKU064,2024-12-30,actual,40.0,46.5,40.0,40.0,0
SKU064,2025-01-06,actual,43.0,46.25,43.0,43.0,0
SKU064,2025-01-13,actual,34.0,46.25,34.0,34.0,0
SKU064,2025-01-20,actual,49.0,43.5,49.0,49.0,0
SKU064,2025-01-27,actual,43.0,41.5,43.0,43.0,0
SKU064,2025-02-03,actual,41.0,42.25,41.0,41.0,0
SKU064,2025-02-10,actual,28.0,41.75,28.0,28.0,0
SKU064,2025-02-17,actual,33.0,40.25,33.0,33.0,0
SKU064,2025-02-24,actual,26.0,36.25,26.0,26.0,0
SKU064,2025-03-03,actual,26.0,32.0,26.0,26.0,0
SKU064,2025-03-10,actual,22.0,28.25,22.0,22.0,0
SKU064,2025-03-17,actual,21.0,26.75,21.0,21.0,0
SKU064,2025-03-24,actual,24.0,23.75,24.0,24.0,0
SKU064,2025-03-31,actual,24.0,23.25,24.0,24.0,0
SKU064,2025-04-07,actual,22.0,22.75,22.0,22.0,0
SKU064,2025-04-14,actual,22.0,22.75,22.0,22.0,0
SKU064,2025-04-21,actual,16.0,23.0,16.0,16.0,0
SKU064,2025-04-28,actual,39.0,21.0,39.0,39.0,0
SKU064,2025-05-05,actual,20.0,24.75,20.0,20.0,0
SKU064,2025-05-12,actual,24.0,24.25,24.0,24.0,0
SKU064,2025-05-19,actual,26.0,24.75,26.0,26.0,0
SKU064,2025-05-26,actual,20.0,9.0,20.0,20.0,0
SKU064,2025-06-02,actual,21.0,19.0,21.0,21.0,0
SKU064,2025-06-09,actual,21.0,20.0,21.0,21.0,0
SKU064,2025-06-16,actual,19.0,20.0,19.0,19.0,0
SKU064,2025-06-23,actual,24.0,30.0,24.0,24.0,0
SKU064,2025-06-30,actual,23.0,21.0,23.0,23.0,0
SKU064,2025-07-07,actual,25.0,23.0,25.0,25.0,0
SKU064,2025-07-14,actual,22.0,26.0,22.0,22.0,0
SKU064,2025-07-21,actual,30.0,30.0,30.0,30.0,0
SKU064,2025-07-28,actual,25.0,28.0,25.0,25.0,0
SKU064,2025-08-04,actual,24.0,33.0,24.0,24.0,0
SKU064,2025-08-11,actual,57.0,55.0,57.0,57.0,0
SKU064,2025-08-18,actual,27.0,33.0,27.0,27.0,0
SKU064,2025-08-25,actual,30.0,23.0,30.0,30.0,0
SKU064,2025-09-01,actual,27.0,33.0,27.0,27.0,0
SKU064,2025-09-08,actual,36.0,26.0,36.0,36.0,0
SKU064,2025-09-15,actual,38.0,30.0,38.0,38.0,0
SKU064,2025-09-22,actual,24.0,33.0,24.0,24.0,0
SKU064,2025-09-29,actual,42.0,39.0,42.0,42.0,0
SKU064,2025-10-06,actual,46.0,41.0,46.0,46.0,0
SKU064,2025-10-13,actual,37.0,51.0,37.0,37.0,0
SKU064,2025-10-20,actual,59.0,70.0,59.0,59.0,0
SKU064,2025-10-27,actual,33.0,39.0,33.0,33.0,0
SKU064,2025-11-03,actual,30.0,37.0,30.0,30.0,0
SKU064,2025-11-10,actual,36.0,37.0,36.0,36.0,0
SKU064,2025-11-17,actual,45.0,40.0,45.0,45.0,0
SKU064,2025-11-24,actual,26.0,39.0,26.0,26.0,0
SKU064,2025-12-01,actual,41.0,41.0,41.0,41.0,0
SKU064,2025-12-08,actual,38.0,43.0,38.0,38.0,0
SKU064,2025-12-15,actual,43.0,45.0,43.0,43.0,0
SKU064,2025-12-22,actual,75.0,57.0,75.0,75.0,0
SKU064,2025-12-29,actual,48.0,40.0,48.0,48.0,0
SKU064,2026-01-05,actual,26.0,43.0,26.0,26.0,0
SKU064,2026-01-12,actual,27.0,34.0,27.0,27.0,0
SKU064,2026-01-19,actual,40.0,49.0,40.0,40.0,0
SKU064,2026-01-26,actual,44.0,43.0,44.0,44.0,0
SKU064,2026-02-02,actual,30.0,41.0,30.0,30.0,0
SKU064,2026-02-09,actual,30.0,28.0,30.0,30.0,0
SKU064,2026-02-16,actual,37.0,33.0,37.0,37.0,0
SKU064,2026-02-23,actual,33.0,26.0,33.0,33.0,0
SKU064,2026-03-02,actual,22.0,26.0,22.0,22.0,0
SKU064,2026-03-09,actual,27.0,22.0,27.0,27.0,0
SKU064,2026-03-16,actual,24.0,21.0,24.0,24.0,0
SKU064,2026-03-23,actual,22.0,24.0,22.0,22.0,0
SKU064,2026-03-30,actual,30.0,24.0,30.0,30.0,0
SKU064,2026-04-06,actual,25.0,22.0,25.0,25.0,0
SKU064,2026-04-13,actual,20.0,22.0,20.0,20.0,0
SKU064,2026-04-20,actual,14.0,16.0,14.0,14.0,0
SKU064,2026-04-27,actual,32.0,39.0,32.0,32.0,0
SKU064,2026-05-04,actual,24.0,20.0,24.0,24.0,0
SKU064,2026-05-11,actual,21.0,24.0,21.0,21.0,0
SKU064,2026-05-18,actual,23.0,26.0,23.0,23.0,0
SKU064,2026-05-25,actual,22.0,20.0,22.0,22.0,0
SKU064,2026-06-01,actual,19.0,21.0,19.0,19.0,0
SKU064,2026-06-08,actual,12.0,21.0,12.0,12.0,0
SKU064,2026-06-15,actual,27.0,19.0,27.0,27.0,0
SKU065,2024-05-27,actual,7.0,0.0,7.0,7.0,0
SKU065,2024-06-03,actual,21.0,7.0,21.0,21.0,0
SKU065,2024-06-10,actual,23.0,14.0,23.0,23.0,0
SKU065,2024-06-17,actual,13.0,17.0,13.0,13.0,0
SKU065,2024-06-24,actual,21.0,16.0,21.0,21.0,0
SKU065,2024-07-01,actual,21.0,19.5,21.0,21.0,0
SKU065,2024-07-08,actual,19.0,19.5,19.0,19.0,0
SKU065,2024-07-15,actual,29.0,18.5,29.0,29.0,0
SKU065,2024-07-22,actual,30.0,22.5,30.0,30.0,0
SKU065,2024-07-29,actual,20.0,24.75,20.0,20.0,0
SKU065,2024-08-05,actual,24.0,24.5,24.0,24.0,0
SKU065,2024-08-12,actual,56.0,25.75,56.0,56.0,0
SKU065,2024-08-19,actual,30.0,32.5,30.0,30.0,0
SKU065,2024-08-26,actual,25.0,32.5,25.0,25.0,0
SKU065,2024-09-02,actual,31.0,33.75,31.0,31.0,0
SKU065,2024-09-09,actual,32.0,35.5,32.0,32.0,0
SKU065,2024-09-16,actual,35.0,29.5,35.0,35.0,0
SKU065,2024-09-23,actual,35.0,30.75,35.0,35.0,0
SKU065,2024-09-30,actual,36.0,33.25,36.0,36.0,0
SKU065,2024-10-07,actual,30.0,34.5,30.0,30.0,0
SKU065,2024-10-14,actual,43.0,34.0,43.0,43.0,0
SKU065,2024-10-21,actual,74.0,36.0,74.0,74.0,0
SKU065,2024-10-28,actual,28.0,45.75,28.0,28.0,0
SKU065,2024-11-04,actual,48.0,43.75,48.0,48.0,0
SKU065,2024-11-11,actual,29.0,48.25,29.0,29.0,0
SKU065,2024-11-18,actual,35.0,44.75,35.0,35.0,0
SKU065,2024-11-25,actual,40.0,35.0,40.0,40.0,0
SKU065,2024-12-02,actual,34.0,38.0,34.0,34.0,0
SKU065,2024-12-09,actual,28.0,34.5,28.0,28.0,0
SKU065,2024-12-16,actual,41.0,34.25,41.0,41.0,0
SKU065,2024-12-23,actual,78.0,35.75,78.0,78.0,0
SKU065,2024-12-30,actual,28.0,45.25,28.0,28.0,0
SKU065,2025-01-06,actual,15.0,43.75,15.0,15.0,0
SKU065,2025-01-13,actual,30.0,40.5,30.0,30.0,0
SKU065,2025-01-20,actual,33.0,37.75,33.0,33.0,0
SKU065,2025-01-27,actual,47.0,26.5,47.0,47.0,0
SKU065,2025-02-03,actual,20.0,31.25,20.0,20.0,0
SKU065,2025-02-10,actual,23.0,32.5,23.0,23.0,0
SKU065,2025-02-17,actual,27.0,30.75,27.0,27.0,0
SKU065,2025-02-24,actual,29.0,29.25,29.0,29.0,0
SKU065,2025-03-03,actual,17.0,24.75,17.0,17.0,0
SKU065,2025-03-10,actual,23.0,24.0,23.0,23.0,0
SKU065,2025-03-17,actual,22.0,24.0,22.0,22.0,0
SKU065,2025-03-24,actual,23.0,22.75,23.0,23.0,0
SKU065,2025-03-31,actual,17.0,21.25,17.0,17.0,0
SKU065,2025-04-07,actual,29.0,21.25,29.0,29.0,0
SKU065,2025-04-14,actual,23.0,22.75,23.0,23.0,0
SKU065,2025-04-21,actual,14.0,23.0,14.0,14.0,0
SKU065,2025-04-28,actual,43.0,20.75,43.0,43.0,0
SKU065,2025-05-05,actual,21.0,27.25,21.0,21.0,0
SKU065,2025-05-12,actual,19.0,25.25,19.0,19.0,0
SKU065,2025-05-19,actual,17.0,24.25,17.0,17.0,0
SKU065,2025-05-26,actual,14.0,7.0,14.0,14.0,0
SKU065,2025-06-02,actual,19.0,21.0,19.0,19.0,0
SKU065,2025-06-09,actual,20.0,23.0,20.0,20.0,0
SKU065,2025-06-16,actual,17.0,13.0,17.0,17.0,0
SKU065,2025-06-23,actual,18.0,21.0,18.0,18.0,0
SKU065,2025-06-30,actual,17.0,21.0,17.0,17.0,0
SKU065,2025-07-07,actual,22.0,19.0,22.0,22.0,0
SKU065,2025-07-14,actual,26.0,29.0,26.0,26.0,0
SKU065,2025-07-21,actual,23.0,30.0,23.0,23.0,0
SKU065,2025-07-28,actual,25.0,20.0,25.0,25.0,0
SKU065,2025-08-04,actual,27.0,24.0,27.0,27.0,0
SKU065,2025-08-11,actual,59.0,56.0,59.0,59.0,0
SKU065,2025-08-18,actual,28.0,30.0,28.0,28.0,0
SKU065,2025-08-25,actual,33.0,25.0,33.0,33.0,0
SKU065,2025-09-01,actual,29.0,31.0,29.0,29.0,0
SKU065,2025-09-08,actual,28.0,32.0,28.0,28.0,0
SKU065,2025-09-15,actual,42.0,35.0,42.0,42.0,0
SKU065,2025-09-22,actual,35.0,35.0,35.0,35.0,0
SKU065,2025-09-29,actual,30.0,36.0,30.0,30.0,0
SKU065,2025-10-06,actual,19.0,30.0,19.0,19.0,0
SKU065,2025-10-13,actual,37.0,43.0,37.0,37.0,0
SKU065,2025-10-20,actual,95.0,74.0,95.0,95.0,0
SKU065,2025-10-27,actual,42.0,28.0,42.0,42.0,0
SKU065,2025-11-03,actual,40.0,48.0,40.0,40.0,0
SKU065,2025-11-10,actual,43.0,29.0,43.0,43.0,0
SKU065,2025-11-17,actual,36.0,35.0,36.0,36.0,0
SKU065,2025-11-24,actual,29.0,40.0,29.0,29.0,0
SKU065,2025-12-01,actual,26.0,34.0,26.0,26.0,0
SKU065,2025-12-08,actual,26.0,28.0,26.0,26.0,0
SKU065,2025-12-15,actual,34.0,41.0,34.0,34.0,0
SKU065,2025-12-22,actual,57.0,78.0,57.0,57.0,0
SKU065,2025-12-29,actual,24.0,28.0,24.0,24.0,0
SKU065,2026-01-05,actual,27.0,15.0,27.0,27.0,0
SKU065,2026-01-12,actual,24.0,30.0,24.0,24.0,0
SKU065,2026-01-19,actual,40.0,33.0,40.0,40.0,0
SKU065,2026-01-26,actual,51.0,47.0,51.0,51.0,0
SKU065,2026-02-02,actual,27.0,20.0,27.0,27.0,0
SKU065,2026-02-09,actual,32.0,23.0,32.0,32.0,0
SKU065,2026-02-16,actual,18.0,27.0,18.0,18.0,0
SKU065,2026-02-23,actual,18.0,29.0,18.0,18.0,0
SKU065,2026-03-02,actual,23.0,17.0,23.0,23.0,0
SKU065,2026-03-09,actual,23.0,23.0,23.0,23.0,0
SKU065,2026-03-16,actual,25.0,22.0,25.0,25.0,0
SKU065,2026-03-23,actual,28.0,23.0,28.0,28.0,0
SKU065,2026-03-30,actual,18.0,17.0,18.0,18.0,0
SKU065,2026-04-06,actual,16.0,29.0,16.0,16.0,0
SKU065,2026-04-13,actual,19.0,23.0,19.0,19.0,0
SKU065,2026-04-20,actual,24.0,14.0,24.0,24.0,0
SKU065,2026-04-27,actual,31.0,43.0,31.0,31.0,0
SKU065,2026-05-04,actual,34.0,21.0,34.0,34.0,0
SKU065,2026-05-11,actual,18.0,19.0,18.0,18.0,0
SKU065,2026-05-18,actual,16.0,17.0,16.0,16.0,0
SKU065,2026-05-25,actual,22.0,14.0,22.0,22.0,0
SKU065,2026-06-01,actual,15.0,19.0,15.0,15.0,0
SKU065,2026-06-08,actual,24.0,20.0,24.0,24.0,0
SKU065,2026-06-15,actual,19.0,17.0,19.0,19.0,0
SKU066,2025-07-28,actual,12.0,0.0,12.0,12.0,0
SKU066,2025-08-04,actual,33.0,12.0,33.0,33.0,0
SKU066,2025-08-11,actual,56.0,22.5,56.0,56.0,0
SKU066,2025-08-18,actual,27.0,33.666666666666664,27.0,27.0,0
SKU066,2025-08-25,actual,36.0,32.0,36.0,36.0,0
SKU066,2025-09-01,actual,34.0,38.0,34.0,34.0,0
SKU066,2025-09-08,actual,39.0,38.25,39.0,39.0,0
SKU066,2025-09-15,actual,31.0,34.0,31.0,31.0,0
SKU066,2025-09-22,actual,30.0,35.0,30.0,30.0,0
SKU066,2025-09-29,actual,33.0,33.5,33.0,33.0,0
SKU066,2025-10-06,actual,28.0,33.25,28.0,28.0,0
SKU066,2025-10-13,actual,32.0,30.5,32.0,32.0,0
SKU066,2025-10-20,actual,50.0,30.75,50.0,50.0,0
SKU066,2025-10-27,actual,39.0,35.75,39.0,39.0,0
SKU066,2025-11-03,actual,24.0,37.25,24.0,24.0,0
SKU066,2025-11-10,actual,28.0,36.25,28.0,28.0,0
SKU066,2025-11-17,actual,20.0,35.25,20.0,20.0,0
SKU066,2025-11-24,actual,34.0,27.75,34.0,34.0,0
SKU066,2025-12-01,actual,37.0,26.5,37.0,37.0,0
SKU066,2025-12-08,actual,33.0,29.75,33.0,33.0,0
SKU066,2025-12-15,actual,31.0,31.0,31.0,31.0,0
SKU066,2025-12-22,actual,66.0,33.75,66.0,66.0,0
SKU066,2025-12-29,actual,47.0,41.75,47.0,47.0,0
SKU066,2026-01-05,actual,37.0,44.25,37.0,37.0,0
SKU066,2026-01-12,actual,44.0,45.25,44.0,44.0,0
SKU066,2026-01-19,actual,62.0,48.5,62.0,62.0,0
SKU066,2026-01-26,actual,65.0,47.5,65.0,65.0,0
SKU066,2026-02-02,actual,49.0,52.0,49.0,49.0,0
SKU066,2026-02-09,actual,55.0,55.0,55.0,55.0,0
SKU066,2026-02-16,actual,49.0,57.75,49.0,49.0,0
SKU066,2026-02-23,actual,54.0,54.5,54.0,54.0,0
SKU066,2026-03-02,actual,54.0,51.75,54.0,54.0,0
SKU066,2026-03-09,actual,68.0,53.0,68.0,68.0,0
SKU066,2026-03-16,actual,46.0,56.25,46.0,46.0,0
SKU066,2026-03-23,actual,53.0,55.5,53.0,53.0,0
SKU066,2026-03-30,actual,54.0,55.25,54.0,54.0,0
SKU066,2026-04-06,actual,46.0,55.25,46.0,46.0,0
SKU066,2026-04-13,actual,51.0,49.75,51.0,51.0,0
SKU066,2026-04-20,actual,70.0,51.0,70.0,70.0,0
SKU066,2026-04-27,actual,88.0,55.25,88.0,88.0,0
SKU066,2026-05-04,actual,50.0,63.75,50.0,50.0,0
SKU066,2026-05-11,actual,54.0,64.75,54.0,54.0,0
SKU066,2026-05-18,actual,49.0,65.5,49.0,49.0,0
SKU066,2026-05-25,actual,39.0,60.25,39.0,39.0,0
SKU066,2026-06-01,actual,44.0,48.0,44.0,44.0,0
SKU066,2026-06-08,actual,50.0,46.5,50.0,50.0,0
SKU066,2026-06-15,actual,40.0,45.5,40.0,40.0,0
SKU067,2024-07-08,actual,8.0,0.0,8.0,8.0,0
SKU067,2024-07-15,actual,30.0,8.0,30.0,30.0,0
SKU067,2024-07-22,actual,25.0,19.0,25.0,25.0,0
SKU067,2024-07-29,actual,24.0,21.0,24.0,24.0,0
SKU067,2024-08-05,actual,25.0,21.75,25.0,25.0,0
SKU067,2024-08-12,actual,56.0,26.0,56.0,56.0,0
SKU067,2024-08-19,actual,23.0,32.5,23.0,23.0,0
SKU067,2024-08-26,actual,21.0,32.0,21.0,21.0,0
SKU067,2024-09-02,actual,22.0,31.25,22.0,22.0,0
SKU067,2024-09-09,actual,20.0,30.5,20.0,20.0,0
SKU067,2024-09-16,actual,28.0,21.5,28.0,28.0,0
SKU067,2024-09-23,actual,15.0,22.75,15.0,15.0,0
SKU067,2024-09-30,actual,22.0,21.25,22.0,22.0,0
SKU067,2024-10-07,actual,21.0,21.25,21.0,21.0,0
SKU067,2024-10-14,actual,23.0,21.5,23.0,23.0,0
SKU067,2024-10-21,actual,46.0,20.25,46.0,46.0,0
SKU067,2024-10-28,actual,20.0,28.0,20.0,20.0,0
SKU067,2024-11-04,actual,21.0,27.5,21.0,21.0,0
SKU067,2024-11-11,actual,12.0,27.5,12.0,12.0,0
SKU067,2024-11-18,actual,16.0,24.75,16.0,16.0,0
SKU067,2024-11-25,actual,10.0,17.25,10.0,10.0,0
SKU067,2024-12-02,actual,14.0,14.75,14.0,14.0,0
SKU067,2024-12-09,actual,9.0,13.0,9.0,9.0,0
SKU067,2024-12-16,actual,22.0,12.25,22.0,22.0,0
SKU067,2024-12-23,actual,34.0,13.75,34.0,34.0,0
SKU067,2024-12-30,actual,12.0,19.75,12.0,12.0,0
SKU067,2025-01-06,actual,15.0,19.25,15.0,15.0,0
SKU067,2025-01-13,actual,15.0,20.75,15.0,15.0,0
SKU067,2025-01-20,actual,25.0,19.0,25.0,25.0,0
SKU067,2025-01-27,actual,21.0,16.75,21.0,21.0,0
SKU067,2025-02-03,actual,10.0,19.0,10.0,10.0,0
SKU067,2025-02-10,actual,18.0,17.75,18.0,18.0,0
SKU067,2025-02-17,actual,22.0,18.5,22.0,22.0,0
SKU067,2025-02-24,actual,21.0,17.75,21.0,21.0,0
SKU067,2025-03-03,actual,18.0,17.75,18.0,18.0,0
SKU067,2025-03-10,actual,26.0,19.75,26.0,26.0,0
SKU067,2025-03-17,actual,15.0,21.75,15.0,15.0,0
SKU067,2025-03-24,actual,27.0,20.0,27.0,27.0,0
SKU067,2025-03-31,actual,23.0,21.5,23.0,23.0,0
SKU067,2025-04-07,actual,25.0,22.75,25.0,25.0,0
SKU067,2025-04-14,actual,32.0,22.5,32.0,32.0,0
SKU067,2025-04-21,actual,24.0,26.75,24.0,24.0,0
SKU067,2025-04-28,actual,60.0,26.0,60.0,60.0,0
SKU067,2025-05-05,actual,30.0,35.25,30.0,30.0,0
SKU067,2025-05-12,actual,24.0,36.5,24.0,24.0,0
SKU067,2025-05-19,actual,28.0,34.5,28.0,28.0,0
SKU067,2025-05-26,actual,25.0,35.5,25.0,25.0,0
SKU067,2025-06-02,actual,38.0,26.75,38.0,38.0,0
SKU067,2025-06-09,actual,28.0,28.75,28.0,28.0,0
SKU067,2025-06-16,actual,34.0,29.75,34.0,34.0,0
SKU067,2025-06-23,actual,30.0,31.25,30.0,30.0,0
SKU067,2025-06-30,actual,29.0,32.5,29.0,29.0,0
SKU067,2025-07-07,actual,38.0,8.0,38.0,38.0,0
SKU067,2025-07-14,actual,25.0,30.0,25.0,25.0,0
SKU067,2025-07-21,actual,32.0,25.0,32.0,32.0,0
SKU067,2025-07-28,actual,20.0,24.0,20.0,20.0,0
SKU067,2025-08-04,actual,28.0,25.0,28.0,28.0,0
SKU067,2025-08-11,actual,59.0,56.0,59.0,59.0,0
SKU067,2025-08-18,actual,26.0,23.0,26.0,26.0,0
SKU067,2025-08-25,actual,16.0,21.0,16.0,16.0,0
SKU067,2025-09-01,actual,17.0,22.0,17.0,17.0,0
SKU067,2025-09-08,actual,27.0,20.0,27.0,27.0,0
SKU067,2025-09-15,actual,17.0,28.0,17.0,17.0,0
SKU067,2025-09-22,actual,15.0,15.0,15.0,15.0,0
SKU067,2025-09-29,actual,19.0,22.0,19.0,19.0,0
SKU067,2025-10-06,actual,10.0,21.0,10.0,10.0,0
SKU067,2025-10-13,actual,17.0,23.0,17.0,17.0,0
SKU067,2025-10-20,actual,45.0,46.0,45.0,45.0,0
SKU067,2025-10-27,actual,18.0,20.0,18.0,18.0,0
SKU067,2025-11-03,actual,17.0,21.0,17.0,17.0,0
SKU067,2025-11-10,actual,16.0,12.0,16.0,16.0,0
SKU067,2025-11-17,actual,19.0,16.0,19.0,19.0,0
SKU067,2025-11-24,actual,17.0,10.0,17.0,17.0,0
SKU067,2025-12-01,actual,8.0,14.0,8.0,8.0,0
SKU067,2025-12-08,actual,13.0,9.0,13.0,13.0,0
SKU067,2025-12-15,actual,10.0,22.0,10.0,10.0,0
SKU067,2025-12-22,actual,35.0,34.0,35.0,35.0,0
SKU067,2025-12-29,actual,16.0,12.0,16.0,16.0,0
SKU067,2026-01-05,actual,19.0,15.0,19.0,19.0,0
SKU067,2026-01-12,actual,13.0,15.0,13.0,13.0,0
SKU067,2026-01-19,actual,27.0,25.0,27.0,27.0,0
SKU067,2026-01-26,actual,27.0,21.0,27.0,27.0,0
SKU067,2026-02-02,actual,11.0,10.0,11.0,11.0,0
SKU067,2026-02-09,actual,19.0,18.0,19.0,19.0,0
SKU067,2026-02-16,actual,12.0,22.0,12.0,12.0,0
SKU067,2026-02-23,actual,13.0,21.0,13.0,13.0,0
SKU067,2026-03-02,actual,15.0,18.0,15.0,15.0,0
SKU067,2026-03-09,actual,24.0,26.0,24.0,24.0,0
SKU067,2026-03-16,actual,14.0,15.0,14.0,14.0,0
SKU067,2026-03-23,actual,20.0,27.0,20.0,20.0,0
SKU067,2026-03-30,actual,11.0,23.0,11.0,11.0,0
SKU067,2026-04-06,actual,19.0,25.0,19.0,19.0,0
SKU067,2026-04-13,actual,30.0,32.0,30.0,30.0,0
SKU067,2026-04-20,actual,17.0,24.0,17.0,17.0,0
SKU067,2026-04-27,actual,24.0,60.0,24.0,24.0,0
SKU067,2026-05-04,actual,32.0,30.0,32.0,32.0,0
SKU067,2026-05-11,actual,23.0,24.0,23.0,23.0,0
SKU067,2026-05-18,actual,18.0,28.0,18.0,18.0,0
SKU067,2026-05-25,actual,21.0,25.0,21.0,21.0,0
SKU067,2026-06-01,actual,25.0,38.0,25.0,25.0,0
SKU067,2026-06-08,actual,30.0,28.0,30.0,30.0,0
SKU067,2026-06-15,actual,26.0,34.0,26.0,26.0,0
SKU068,2025-12-15,actual,40.0,0.0,40.0,40.0,0
SKU068,2025-12-22,actual,98.0,40.0,98.0,98.0,0
SKU068,2025-12-29,actual,44.0,69.0,44.0,44.0,0
SKU068,2026-01-05,actual,60.0,60.666666666666664,60.0,60.0,0
SKU068,2026-01-12,actual,40.0,60.5,40.0,40.0,0
SKU068,2026-01-19,actual,81.0,60.5,81.0,81.0,0
SKU068,2026-01-26,actual,60.0,56.25,60.0,60.0,0
SKU068,2026-02-02,actual,50.0,60.25,50.0,50.0,0
SKU068,2026-02-09,actual,47.0,57.75,47.0,47.0,0
SKU068,2026-02-16,actual,38.0,59.5,38.0,38.0,0
SKU068,2026-02-23,actual,28.0,48.75,28.0,28.0,0
SKU068,2026-03-02,actual,32.0,40.75,32.0,32.0,0
SKU068,2026-03-09,actual,50.0,36.25,50.0,50.0,0
SKU068,2026-03-16,actual,40.0,37.0,40.0,40.0,0
SKU068,2026-03-23,actual,34.0,37.5,34.0,34.0,0
SKU068,2026-03-30,actual,36.0,39.0,36.0,36.0,0
SKU068,2026-04-06,actual,39.0,40.0,39.0,39.0,0
SKU068,2026-04-13,actual,32.0,37.25,32.0,32.0,0
SKU068,2026-04-20,actual,37.0,35.25,37.0,37.0,0
SKU068,2026-04-27,actual,48.0,36.0,48.0,48.0,0
SKU068,2026-05-04,actual,45.0,39.0,45.0,45.0,0
SKU068,2026-05-11,actual,35.0,40.5,35.0,35.0,0
SKU068,2026-05-18,actual,45.0,41.25,45.0,45.0,0
SKU068,2026-05-25,actual,51.0,43.25,51.0,51.0,0
SKU068,2026-06-01,actual,46.0,44.0,46.0,46.0,0
SKU068,2026-06-08,actual,52.0,44.25,52.0,52.0,0
SKU068,2026-06-15,actual,48.0,48.5,48.0,48.0,0
SKU069,2024-05-27,actual,9.0,0.0,9.0,9.0,0
SKU069,2024-06-03,actual,12.0,9.0,12.0,12.0,0
SKU069,2024-06-10,actual,19.0,10.5,19.0,19.0,0
SKU069,2024-06-17,actual,14.0,13.333333333333334,14.0,14.0,0
SKU069,2024-06-24,actual,15.0,13.5,15.0,15.0,0
SKU069,2024-07-01,actual,9.0,15.0,9.0,9.0,0
SKU069,2024-07-08,actual,26.0,14.25,26.0,26.0,0
SKU069,2024-07-15,actual,21.0,16.0,21.0,21.0,0
SKU069,2024-07-22,actual,26.0,17.75,26.0,26.0,0
SKU069,2024-07-29,actual,11.0,20.5,11.0,11.0,0
SKU069,2024-08-05,actual,22.0,21.0,22.0,22.0,0
SKU069,2024-08-12,actual,41.0,20.0,41.0,41.0,0
SKU069,2024-08-19,actual,15.0,25.0,15.0,15.0,0
SKU069,2024-08-26,actual,18.0,22.25,18.0,18.0,0
SKU069,2024-09-02,actual,17.0,24.0,17.0,17.0,0
SKU069,2024-09-09,actual,24.0,22.75,24.0,24.0,0
SKU069,2024-09-16,actual,25.0,18.5,25.0,25.0,0
SKU069,2024-09-23,actual,26.0,21.0,26.0,26.0,0
SKU069,2024-09-30,actual,22.0,23.0,22.0,22.0,0
SKU069,2024-10-07,actual,25.0,24.25,25.0,25.0,0
SKU069,2024-10-14,actual,25.0,24.5,25.0,25.0,0
SKU069,2024-10-21,actual,45.0,24.5,45.0,45.0,0
SKU069,2024-10-28,actual,18.0,29.25,18.0,18.0,0
SKU069,2024-11-04,actual,21.0,28.25,21.0,21.0,0
SKU069,2024-11-11,actual,18.0,27.25,18.0,18.0,0
SKU069,2024-11-18,actual,18.0,25.5,18.0,18.0,0
SKU069,2024-11-25,actual,24.0,18.75,24.0,24.0,0
SKU069,2024-12-02,actual,16.0,20.25,16.0,16.0,0
SKU069,2024-12-09,actual,22.0,19.0,22.0,22.0,0
SKU069,2024-12-16,actual,20.0,20.0,20.0,20.0,0
SKU069,2024-12-23,actual,47.0,20.5,47.0,47.0,0
SKU069,2024-12-30,actual,28.0,26.25,28.0,28.0,0
SKU069,2025-01-06,actual,11.0,29.25,11.0,11.0,0
SKU069,2025-01-13,actual,14.0,26.5,14.0,14.0,0
SKU069,2025-01-20,actual,25.0,25.0,25.0,25.0,0
SKU069,2025-01-27,actual,16.0,19.5,16.0,16.0,0
SKU069,2025-02-03,actual,14.0,16.5,14.0,14.0,0
SKU069,2025-02-10,actual,13.0,17.25,13.0,13.0,0
SKU069,2025-02-17,actual,17.0,17.0,17.0,17.0,0
SKU069,2025-02-24,actual,12.0,15.0,12.0,12.0,0
SKU069,2025-03-03,actual,14.0,14.0,14.0,14.0,0
SKU069,2025-03-10,actual,8.0,14.0,8.0,8.0,0
SKU069,2025-03-17,actual,15.0,12.75,15.0,15.0,0
SKU069,2025-03-24,actual,19.0,12.25,19.0,19.0,0
SKU069,2025-03-31,actual,13.0,14.0,13.0,13.0,0
SKU069,2025-04-07,actual,17.0,13.75,17.0,17.0,0
SKU069,2025-04-14,actual,13.0,16.0,13.0,13.0,0
SKU069,2025-04-21,actual,8.0,15.5,8.0,8.0,0
SKU069,2025-04-28,actual,21.0,12.75,21.0,21.0,0
SKU069,2025-05-05,actual,10.0,14.75,10.0,10.0,0
SKU069,2025-05-12,actual,8.0,13.0,8.0,8.0,0
SKU069,2025-05-19,actual,11.0,11.75,11.0,11.0,0
SKU069,2025-05-26,actual,11.0,9.0,11.0,11.0,0
SKU069,2025-06-02,actual,13.0,12.0,13.0,13.0,0
SKU069,2025-06-09,actual,13.0,19.0,13.0,13.0,0
SKU069,2025-06-16,actual,10.0,14.0,10.0,10.0,0
SKU069,2025-06-23,actual,20.0,15.0,20.0,20.0,0
SKU069,2025-06-30,actual,18.0,9.0,18.0,18.0,0
SKU069,2025-07-07,actual,15.0,26.0,15.0,15.0,0
SKU069,2025-07-14,actual,24.0,21.0,24.0,24.0,0
SKU069,2025-07-21,actual,19.0,26.0,19.0,19.0,0
SKU069,2025-07-28,actual,18.0,11.0,18.0,18.0,0
SKU069,2025-08-04,actual,15.0,22.0,15.0,15.0,0
SKU069,2025-08-11,actual,35.0,41.0,35.0,35.0,0
SKU069,2025-08-18,actual,17.0,15.0,17.0,17.0,0
SKU069,2025-08-25,actual,26.0,18.0,26.0,26.0,0
SKU069,2025-09-01,actual,21.0,17.0,21.0,21.0,0
SKU069,2025-09-08,actual,25.0,24.0,25.0,25.0,0
SKU069,2025-09-15,actual,24.0,25.0,24.0,24.0,0
SKU069,2025-09-22,actual,20.0,26.0,20.0,20.0,0
SKU069,2025-09-29,actual,19.0,22.0,19.0,19.0,0
SKU069,2025-10-06,actual,20.0,25.0,20.0,20.0,0
SKU069,2025-10-13,actual,21.0,25.0,21.0,21.0,0
SKU069,2025-10-20,actual,59.0,45.0,59.0,59.0,0
SKU069,2025-10-27,actual,13.0,18.0,13.0,13.0,0
SKU069,2025-11-03,actual,22.0,21.0,22.0,22.0,0
SKU069,2025-11-10,actual,13.0,18.0,13.0,13.0,0
SKU069,2025-11-17,actual,21.0,18.0,21.0,21.0,0
SKU069,2025-11-24,actual,17.0,24.0,17.0,17.0,0
SKU069,2025-12-01,actual,24.0,16.0,24.0,24.0,0
SKU069,2025-12-08,actual,8.0,22.0,8.0,8.0,0
SKU069,2025-12-15,actual,26.0,20.0,26.0,26.0,0
SKU069,2025-12-22,actual,39.0,47.0,39.0,39.0,0
SKU069,2025-12-29,actual,20.0,28.0,20.0,20.0,0
SKU069,2026-01-05,actual,7.0,11.0,7.0,7.0,0
SKU069,2026-01-12,actual,18.0,14.0,18.0,18.0,0
SKU069,2026-01-19,actual,20.0,25.0,20.0,20.0,0
SKU069,2026-01-26,actual,26.0,16.0,26.0,26.0,0
SKU069,2026-02-02,actual,14.0,14.0,14.0,14.0,0
SKU069,2026-02-09,actual,18.0,13.0,18.0,18.0,0
SKU069,2026-02-16,actual,16.0,17.0,16.0,16.0,0
SKU069,2026-02-23,actual,17.0,12.0,17.0,17.0,0
SKU069,2026-03-02,actual,12.0,14.0,12.0,12.0,0
SKU069,2026-03-09,actual,9.0,8.0,9.0,9.0,0
SKU069,2026-03-16,actual,14.0,15.0,14.0,14.0,0
SKU069,2026-03-23,actual,12.0,19.0,12.0,12.0,0
SKU069,2026-03-30,actual,9.0,13.0,9.0,9.0,0
SKU069,2026-04-06,actual,18.0,17.0,18.0,18.0,0
SKU069,2026-04-13,actual,9.0,13.0,9.0,9.0,0
SKU069,2026-04-20,actual,10.0,8.0,10.0,10.0,0
SKU069,2026-04-27,actual,20.0,21.0,20.0,20.0,0
SKU069,2026-05-04,actual,20.0,10.0,20.0,20.0,0
SKU069,2026-05-11,actual,13.0,8.0,13.0,13.0,0
SKU069,2026-05-18,actual,17.0,11.0,17.0,17.0,0
SKU069,2026-05-25,actual,13.0,11.0,13.0,13.0,0
SKU069,2026-06-01,actual,13.0,13.0,13.0,13.0,0
SKU069,2026-06-08,actual,11.0,13.0,11.0,11.0,0
SKU069,2026-06-15,actual,9.0,10.0,9.0,9.0,0
SKU070,2024-05-27,actual,3.0,0.0,3.0,3.0,0
SKU070,2024-06-03,actual,5.0,3.0,5.0,5.0,0
SKU070,2024-06-10,actual,19.0,4.0,19.0,19.0,0
SKU070,2024-06-17,actual,12.0,9.0,12.0,12.0,0
SKU070,2024-06-24,actual,7.0,9.75,7.0,7.0,0
SKU070,2024-07-01,actual,8.0,10.75,8.0,8.0,0
SKU070,2024-07-08,actual,10.0,11.5,10.0,10.0,0
SKU070,2024-07-15,actual,10.0,9.25,10.0,10.0,0
SKU070,2024-07-22,actual,15.0,8.75,15.0,15.0,0
SKU070,2024-07-29,actual,5.0,10.75,5.0,5.0,0
SKU070,2024-08-05,actual,9.0,10.0,9.0,9.0,0
SKU070,2024-08-12,actual,22.0,9.75,22.0,22.0,0
SKU070,2024-08-19,actual,8.0,12.75,8.0,8.0,0
SKU070,2024-08-26,actual,13.0,11.0,13.0,13.0,0
SKU070,2024-09-02,actual,23.0,13.0,23.0,23.0,0
SKU070,2024-09-09,actual,14.0,16.5,14.0,14.0,0
SKU070,2024-09-16,actual,16.0,14.5,16.0,16.0,0
SKU070,2024-09-23,actual,14.0,16.5,14.0,14.0,0
SKU070,2024-09-30,actual,20.0,16.75,20.0,20.0,0
SKU070,2024-10-07,actual,10.0,16.0,10.0,10.0,0
SKU070,2024-10-14,actual,20.0,15.0,20.0,20.0,0
SKU070,2024-10-21,actual,31.0,16.0,31.0,31.0,0
SKU070,2024-10-28,actual,18.0,20.25,18.0,18.0,0
SKU070,2024-11-04,actual,17.0,19.75,17.0,17.0,0
SKU070,2024-11-11,actual,23.0,21.5,23.0,23.0,0
SKU070,2024-11-18,actual,22.0,22.25,22.0,22.0,0
SKU070,2024-11-25,actual,22.0,20.0,22.0,22.0,0
SKU070,2024-12-02,actual,16.0,21.0,16.0,16.0,0
SKU070,2024-12-09,actual,19.0,20.75,19.0,19.0,0
SKU070,2024-12-16,actual,13.0,19.75,13.0,13.0,0
SKU070,2024-12-23,actual,13.0,17.5,13.0,13.0,0
SKU070,2024-12-30,actual,12.0,15.25,12.0,12.0,0
SKU070,2025-01-06,actual,22.0,14.25,22.0,22.0,0
SKU070,2025-01-13,actual,16.0,15.0,16.0,16.0,0
SKU070,2025-01-20,actual,23.0,15.75,23.0,23.0,0
SKU070,2025-01-27,actual,17.0,18.25,17.0,17.0,0
SKU070,2025-02-03,actual,10.0,19.5,10.0,10.0,0
SKU070,2025-02-10,actual,9.0,16.5,9.0,9.0,0
SKU070,2025-02-17,actual,9.0,14.75,9.0,9.0,0
SKU070,2025-02-24,actual,3.0,11.25,3.0,3.0,0
SKU070,2025-03-03,actual,9.0,7.75,9.0,9.0,0
SKU070,2025-03-10,actual,13.0,7.5,13.0,13.0,0
SKU070,2025-03-17,actual,7.0,8.5,7.0,7.0,0
SKU070,2025-03-24,actual,14.0,8.0,14.0,14.0,0
SKU070,2025-03-31,actual,11.0,10.75,11.0,11.0,0
SKU070,2025-04-07,actual,8.0,11.25,8.0,8.0,0
SKU070,2025-04-14,actual,13.0,10.0,13.0,13.0,0
SKU070,2025-04-21,actual,8.0,11.5,8.0,8.0,0
SKU070,2025-04-28,actual,9.0,10.0,9.0,9.0,0
SKU070,2025-05-05,actual,6.0,9.5,6.0,6.0,0
SKU070,2025-05-12,actual,10.0,9.0,10.0,10.0,0
SKU070,2025-05-19,actual,7.0,8.25,7.0,7.0,0
SKU070,2025-05-26,actual,8.0,3.0,8.0,8.0,0
SKU070,2025-06-02,actual,12.0,5.0,12.0,12.0,0
SKU070,2025-06-09,actual,5.0,19.0,5.0,5.0,0
SKU070,2025-06-16,actual,11.0,12.0,11.0,11.0,0
SKU070,2025-06-23,actual,13.0,7.0,13.0,13.0,0
SKU070,2025-06-30,actual,13.0,8.0,13.0,13.0,0
SKU070,2025-07-07,actual,12.0,10.0,12.0,12.0,0
SKU070,2025-07-14,actual,11.0,10.0,11.0,11.0,0
SKU070,2025-07-21,actual,15.0,15.0,15.0,15.0,0
SKU070,2025-07-28,actual,15.0,5.0,15.0,15.0,0
SKU070,2025-08-04,actual,10.0,9.0,10.0,10.0,0
SKU070,2025-08-11,actual,17.0,22.0,17.0,17.0,0
SKU070,2025-08-18,actual,14.0,8.0,14.0,14.0,0
SKU070,2025-08-25,actual,14.0,13.0,14.0,14.0,0
SKU070,2025-09-01,actual,15.0,23.0,15.0,15.0,0
SKU070,2025-09-08,actual,10.0,14.0,10.0,10.0,0
SKU070,2025-09-15,actual,8.0,16.0,8.0,8.0,0
SKU070,2025-09-22,actual,10.0,14.0,10.0,10.0,0
SKU070,2025-09-29,actual,19.0,20.0,19.0,19.0,0
SKU070,2025-10-06,actual,18.0,10.0,18.0,18.0,0
SKU070,2025-10-13,actual,17.0,20.0,17.0,17.0,0
SKU070,2025-10-20,actual,40.0,31.0,40.0,40.0,0
SKU070,2025-10-27,actual,27.0,18.0,27.0,27.0,0
SKU070,2025-11-03,actual,12.0,17.0,12.0,12.0,0
SKU070,2025-11-10,actual,12.0,23.0,12.0,12.0,0
SKU070,2025-11-17,actual,19.0,22.0,19.0,19.0,0
SKU070,2025-11-24,actual,15.0,22.0,15.0,15.0,0
SKU070,2025-12-01,actual,14.0,16.0,14.0,14.0,0
SKU070,2025-12-08,actual,16.0,19.0,16.0,16.0,0
SKU070,2025-12-15,actual,13.0,13.0,13.0,13.0,0
SKU070,2025-12-22,actual,24.0,13.0,24.0,24.0,0
SKU070,2025-12-29,actual,25.0,12.0,25.0,25.0,0
SKU070,2026-01-05,actual,13.0,22.0,13.0,13.0,0
SKU070,2026-01-12,actual,23.0,16.0,23.0,23.0,0
SKU070,2026-01-19,actual,17.0,23.0,17.0,17.0,0
SKU070,2026-01-26,actual,19.0,17.0,19.0,19.0,0
SKU070,2026-02-02,actual,6.0,10.0,6.0,6.0,0
SKU070,2026-02-09,actual,9.0,9.0,9.0,9.0,0
SKU070,2026-02-16,actual,13.0,9.0,13.0,13.0,0
SKU070,2026-02-23,actual,9.0,3.0,9.0,9.0,0
SKU070,2026-03-02,actual,14.0,9.0,14.0,14.0,0
SKU070,2026-03-09,actual,9.0,13.0,9.0,9.0,0
SKU070,2026-03-16,actual,15.0,7.0,15.0,15.0,0
SKU070,2026-03-23,actual,8.0,14.0,8.0,8.0,0
SKU070,2026-03-30,actual,12.0,11.0,12.0,12.0,0
SKU070,2026-04-06,actual,8.0,8.0,8.0,8.0,0
SKU070,2026-04-13,actual,11.0,13.0,11.0,11.0,0
SKU070,2026-04-20,actual,14.0,8.0,14.0,14.0,0
SKU070,2026-04-27,actual,14.0,9.0,14.0,14.0,0
SKU070,2026-05-04,actual,9.0,6.0,9.0,9.0,0
SKU070,2026-05-11,actual,12.0,10.0,12.0,12.0,0
SKU070,2026-05-18,actual,17.0,7.0,17.0,17.0,0
SKU070,2026-05-25,actual,11.0,8.0,11.0,11.0,0
SKU070,2026-06-01,actual,14.0,12.0,14.0,14.0,0
SKU070,2026-06-08,actual,6.0,5.0,6.0,6.0,0
SKU070,2026-06-15,actual,11.0,11.0,11.0,11.0,0
SKU071,2024-12-30,actual,9.0,0.0,9.0,9.0,0
SKU071,2025-01-06,actual,19.0,9.0,19.0,19.0,0
SKU071,2025-01-13,actual,20.0,14.0,20.0,20.0,0
SKU071,2025-01-20,actual,33.0,16.0,33.0,33.0,0
SKU071,2025-01-27,actual,37.0,20.25,37.0,37.0,0
SKU071,2025-02-03,actual,24.0,27.25,24.0,24.0,0
SKU071,2025-02-10,actual,29.0,28.5,29.0,29.0,0
SKU071,2025-02-17,actual,27.0,30.75,27.0,27.0,0
SKU071,2025-02-24,actual,29.0,29.25,29.0,29.0,0
SKU071,2025-03-03,actual,19.0,27.25,19.0,19.0,0
SKU071,2025-03-10,actual,42.0,26.0,42.0,42.0,0
SKU071,2025-03-17,actual,19.0,29.25,19.0,19.0,0
SKU071,2025-03-24,actual,31.0,27.25,31.0,31.0,0
SKU071,2025-03-31,actual,20.0,27.75,20.0,20.0,0
SKU071,2025-04-07,actual,31.0,28.0,31.0,31.0,0
SKU071,2025-04-14,actual,23.0,25.25,23.0,23.0,0
SKU071,2025-04-21,actual,22.0,26.25,22.0,22.0,0
SKU071,2025-04-28,actual,46.0,24.0,46.0,46.0,0
SKU071,2025-05-05,actual,30.0,30.5,30.0,30.0,0
SKU071,2025-05-12,actual,17.0,30.25,17.0,17.0,0
SKU071,2025-05-19,actual,30.0,28.75,30.0,30.0,0
SKU071,2025-05-26,actual,19.0,30.75,19.0,19.0,0
SKU071,2025-06-02,actual,25.0,24.0,25.0,25.0,0
SKU071,2025-06-09,actual,24.0,22.75,24.0,24.0,0
SKU071,2025-06-16,actual,25.0,24.5,25.0,25.0,0
SKU071,2025-06-23,actual,18.0,23.25,18.0,18.0,0
SKU071,2025-06-30,actual,28.0,23.0,28.0,28.0,0
SKU071,2025-07-07,actual,23.0,23.75,23.0,23.0,0
SKU071,2025-07-14,actual,31.0,23.5,31.0,31.0,0
SKU071,2025-07-21,actual,18.0,25.0,18.0,18.0,0
SKU071,2025-07-28,actual,22.0,25.0,22.0,22.0,0
SKU071,2025-08-04,actual,7.0,23.5,7.0,7.0,0
SKU071,2025-08-11,actual,38.0,19.5,38.0,38.0,0
SKU071,2025-08-18,actual,16.0,21.25,16.0,16.0,0
SKU071,2025-08-25,actual,23.0,20.75,23.0,23.0,0
SKU071,2025-09-01,actual,12.0,21.0,12.0,12.0,0
SKU071,2025-09-08,actual,15.0,22.25,15.0,15.0,0
SKU071,2025-09-15,actual,13.0,16.5,13.0,13.0,0
SKU071,2025-09-22,actual,8.0,15.75,8.0,8.0,0
SKU071,2025-09-29,actual,20.0,12.0,20.0,20.0,0
SKU071,2025-10-06,actual,17.0,14.0,17.0,17.0,0
SKU071,2025-10-13,actual,10.0,14.5,10.0,10.0,0
SKU071,2025-10-20,actual,33.0,13.75,33.0,33.0,0
SKU071,2025-10-27,actual,16.0,20.0,16.0,16.0,0
SKU071,2025-11-03,actual,12.0,19.0,12.0,12.0,0
SKU071,2025-11-10,actual,18.0,17.75,18.0,18.0,0
SKU071,2025-11-17,actual,14.0,19.75,14.0,14.0,0
SKU071,2025-11-24,actual,17.0,15.0,17.0,17.0,0
SKU071,2025-12-01,actual,14.0,15.25,14.0,14.0,0
SKU071,2025-12-08,actual,10.0,15.75,10.0,10.0,0
SKU071,2025-12-15,actual,18.0,13.75,18.0,18.0,0
SKU071,2025-12-22,actual,33.0,14.75,33.0,33.0,0
SKU071,2025-12-29,actual,23.0,9.0,23.0,23.0,0
SKU071,2026-01-05,actual,25.0,19.0,25.0,25.0,0
SKU071,2026-01-12,actual,25.0,20.0,25.0,25.0,0
SKU071,2026-01-19,actual,23.0,33.0,23.0,23.0,0
SKU071,2026-01-26,actual,20.0,37.0,20.0,20.0,0
SKU071,2026-02-02,actual,21.0,24.0,21.0,21.0,0
SKU071,2026-02-09,actual,19.0,29.0,19.0,19.0,0
SKU071,2026-02-16,actual,22.0,27.0,22.0,22.0,0
SKU071,2026-02-23,actual,25.0,29.0,25.0,25.0,0
SKU071,2026-03-02,actual,23.0,19.0,23.0,23.0,0
SKU071,2026-03-09,actual,43.0,42.0,43.0,43.0,0
SKU071,2026-03-16,actual,15.0,19.0,15.0,15.0,0
SKU071,2026-03-23,actual,27.0,31.0,27.0,27.0,0
SKU071,2026-03-30,actual,28.0,20.0,28.0,28.0,0
SKU071,2026-04-06,actual,25.0,31.0,25.0,25.0,0
SKU071,2026-04-13,actual,26.0,23.0,26.0,26.0,0
SKU071,2026-04-20,actual,26.0,22.0,26.0,26.0,0
SKU071,2026-04-27,actual,51.0,46.0,51.0,51.0,0
SKU071,2026-05-04,actual,38.0,30.0,38.0,38.0,0
SKU071,2026-05-11,actual,24.0,17.0,24.0,24.0,0
SKU071,2026-05-18,actual,9.0,30.0,9.0,9.0,0
SKU071,2026-05-25,actual,31.0,19.0,31.0,31.0,0
SKU071,2026-06-01,actual,21.0,25.0,21.0,21.0,0
SKU071,2026-06-08,actual,22.0,24.0,22.0,22.0,0
SKU071,2026-06-15,actual,25.0,25.0,25.0,25.0,0
SKU072,2025-07-07,actual,33.0,0.0,33.0,33.0,0
SKU072,2025-07-14,actual,31.0,33.0,31.0,31.0,0
SKU072,2025-07-21,actual,38.0,32.0,38.0,38.0,0
SKU072,2025-07-28,actual,30.0,34.0,30.0,30.0,0
SKU072,2025-08-04,actual,32.0,33.0,32.0,32.0,0
SKU072,2025-08-11,actual,75.0,32.75,75.0,75.0,0
SKU072,2025-08-18,actual,33.0,43.75,33.0,33.0,0
SKU072,2025-08-25,actual,33.0,42.5,33.0,33.0,0
SKU072,2025-09-01,actual,43.0,43.25,43.0,43.0,0
SKU072,2025-09-08,actual,16.0,46.0,16.0,16.0,0
SKU072,2025-09-15,actual,38.0,31.25,38.0,38.0,0
SKU072,2025-09-22,actual,35.0,32.5,35.0,35.0,0
SKU072,2025-09-29,actual,43.0,33.0,43.0,43.0,0
SKU072,2025-10-06,actual,33.0,33.0,33.0,33.0,0
SKU072,2025-10-13,actual,34.0,37.25,34.0,34.0,0
SKU072,2025-10-20,actual,79.0,36.25,79.0,79.0,0
SKU072,2025-10-27,actual,31.0,47.25,31.0,31.0,0
SKU072,2025-11-03,actual,48.0,44.25,48.0,48.0,0
SKU072,2025-11-10,actual,28.0,48.0,28.0,28.0,0
SKU072,2025-11-17,actual,43.0,46.5,43.0,43.0,0
SKU072,2025-11-24,actual,24.0,37.5,24.0,24.0,0
SKU072,2025-12-01,actual,38.0,35.75,38.0,38.0,0
SKU072,2025-12-08,actual,36.0,33.25,36.0,36.0,0
SKU072,2025-12-15,actual,28.0,35.25,28.0,28.0,0
SKU072,2025-12-22,actual,55.0,31.5,55.0,55.0,0
SKU072,2025-12-29,actual,23.0,39.25,23.0,23.0,0
SKU072,2026-01-05,actual,30.0,35.5,30.0,30.0,0
SKU072,2026-01-12,actual,19.0,34.0,19.0,19.0,0
SKU072,2026-01-19,actual,34.0,31.75,34.0,34.0,0
SKU072,2026-01-26,actual,47.0,26.5,47.0,47.0,0
SKU072,2026-02-02,actual,24.0,32.5,24.0,24.0,0
SKU072,2026-02-09,actual,28.0,31.0,28.0,28.0,0
SKU072,2026-02-16,actual,20.0,33.25,20.0,20.0,0
SKU072,2026-02-23,actual,19.0,29.75,19.0,19.0,0
SKU072,2026-03-02,actual,21.0,22.75,21.0,21.0,0
SKU072,2026-03-09,actual,24.0,22.0,24.0,24.0,0
SKU072,2026-03-16,actual,14.0,21.0,14.0,14.0,0
SKU072,2026-03-23,actual,16.0,19.5,16.0,16.0,0
SKU072,2026-03-30,actual,19.0,18.75,19.0,19.0,0
SKU072,2026-04-06,actual,24.0,18.25,24.0,24.0,0
SKU072,2026-04-13,actual,16.0,18.25,16.0,16.0,0
SKU072,2026-04-20,actual,22.0,18.75,22.0,22.0,0
SKU072,2026-04-27,actual,48.0,20.25,48.0,48.0,0
SKU072,2026-05-04,actual,27.0,27.5,27.0,27.0,0
SKU072,2026-05-11,actual,23.0,28.25,23.0,23.0,0
SKU072,2026-05-18,actual,20.0,30.0,20.0,20.0,0
SKU072,2026-05-25,actual,17.0,29.5,17.0,17.0,0
SKU072,2026-06-01,actual,23.0,21.75,23.0,23.0,0
SKU072,2026-06-08,actual,24.0,20.75,24.0,24.0,0
SKU072,2026-06-15,actual,20.0,21.0,20.0,20.0,0
SKU073,2024-05-27,actual,16.0,0.0,16.0,16.0,0
SKU073,2024-06-03,actual,54.0,16.0,54.0,54.0,0
SKU073,2024-06-10,actual,39.0,35.0,39.0,39.0,0
SKU073,2024-06-17,actual,43.0,36.333333333333336,43.0,43.0,0
SKU073,2024-06-24,actual,45.0,38.0,45.0,45.0,0
SKU073,2024-07-01,actual,52.0,45.25,52.0,52.0,0
SKU073,2024-07-08,actual,54.0,44.75,54.0,54.0,0
SKU073,2024-07-15,actual,38.0,48.5,38.0,38.0,0
SKU073,2024-07-22,actual,37.0,47.25,37.0,37.0,0
SKU073,2024-07-29,actual,40.0,45.25,40.0,40.0,0
SKU073,2024-08-05,actual,38.0,42.25,38.0,38.0,0
SKU073,2024-08-12,actual,54.0,38.25,54.0,54.0,0
SKU073,2024-08-19,actual,43.0,42.25,43.0,43.0,0
SKU073,2024-08-26,actual,34.0,43.75,34.0,34.0,0
SKU073,2024-09-02,actual,35.0,42.25,35.0,35.0,0
SKU073,2024-09-09,actual,27.0,41.5,27.0,27.0,0
SKU073,2024-09-16,actual,42.0,34.75,42.0,42.0,0
SKU073,2024-09-23,actual,47.0,34.5,47.0,47.0,0
SKU073,2024-09-30,actual,38.0,37.75,38.0,38.0,0
SKU073,2024-10-07,actual,32.0,38.5,32.0,32.0,0
SKU073,2024-10-14,actual,24.0,39.75,24.0,24.0,0
SKU073,2024-10-21,actual,48.0,35.25,48.0,48.0,0
SKU073,2024-10-28,actual,27.0,35.5,27.0,27.0,0
SKU073,2024-11-04,actual,38.0,32.75,38.0,38.0,0
SKU073,2024-11-11,actual,34.0,34.25,34.0,34.0,0
SKU073,2024-11-18,actual,36.0,36.75,36.0,36.0,0
SKU073,2024-11-25,actual,21.0,33.75,21.0,21.0,0
SKU073,2024-12-02,actual,28.0,32.25,28.0,28.0,0
SKU073,2024-12-09,actual,19.0,29.75,19.0,19.0,0
SKU073,2024-12-16,actual,28.0,26.0,28.0,28.0,0
SKU073,2024-12-23,actual,31.0,24.0,31.0,31.0,0
SKU073,2024-12-30,actual,37.0,26.5,37.0,37.0,0
SKU073,2025-01-06,actual,26.0,28.75,26.0,26.0,0
SKU073,2025-01-13,actual,20.0,30.5,20.0,20.0,0
SKU073,2025-01-20,actual,50.0,28.5,50.0,50.0,0
SKU073,2025-01-27,actual,31.0,33.25,31.0,31.0,0
SKU073,2025-02-03,actual,30.0,31.75,30.0,30.0,0
SKU073,2025-02-10,actual,27.0,32.75,27.0,27.0,0
SKU073,2025-02-17,actual,29.0,34.5,29.0,29.0,0
SKU073,2025-02-24,actual,22.0,29.25,22.0,22.0,0
SKU073,2025-03-03,actual,32.0,27.0,32.0,32.0,0
SKU073,2025-03-10,actual,39.0,27.5,39.0,39.0,0
SKU073,2025-03-17,actual,35.0,30.5,35.0,35.0,0
SKU073,2025-03-24,actual,36.0,32.0,36.0,36.0,0
SKU073,2025-03-31,actual,39.0,35.5,39.0,39.0,0
SKU073,2025-04-07,actual,36.0,37.25,36.0,36.0,0
SKU073,2025-04-14,actual,25.0,36.5,25.0,25.0,0
SKU073,2025-04-21,actual,35.0,34.0,35.0,35.0,0
SKU073,2025-04-28,actual,43.0,33.75,43.0,43.0,0
SKU073,2025-05-05,actual,51.0,34.75,51.0,51.0,0
SKU073,2025-05-12,actual,58.0,38.5,58.0,58.0,0
SKU073,2025-05-19,actual,33.0,46.75,33.0,33.0,0
SKU073,2025-05-26,actual,37.0,16.0,37.0,37.0,0
SKU073,2025-06-02,actual,51.0,54.0,51.0,51.0,0
SKU073,2025-06-09,actual,46.0,39.0,46.0,46.0,0
SKU073,2025-06-16,actual,43.0,43.0,43.0,43.0,0
SKU073,2025-06-23,actual,52.0,45.0,52.0,52.0,0
SKU073,2025-06-30,actual,44.0,52.0,44.0,44.0,0
SKU073,2025-07-07,actual,44.0,54.0,44.0,44.0,0
SKU073,2025-07-14,actual,48.0,38.0,48.0,48.0,0
SKU073,2025-07-21,actual,51.0,37.0,51.0,51.0,0
SKU073,2025-07-28,actual,44.0,40.0,44.0,44.0,0
SKU073,2025-08-04,actual,40.0,38.0,40.0,40.0,0
SKU073,2025-08-11,actual,66.0,54.0,66.0,66.0,0
SKU073,2025-08-18,actual,48.0,43.0,48.0,48.0,0
SKU073,2025-08-25,actual,39.0,34.0,39.0,39.0,0
SKU073,2025-09-01,actual,24.0,35.0,24.0,24.0,0
SKU073,2025-09-08,actual,34.0,27.0,34.0,34.0,0
SKU073,2025-09-15,actual,34.0,42.0,34.0,34.0,0
SKU073,2025-09-22,actual,37.0,47.0,37.0,37.0,0
SKU073,2025-09-29,actual,33.0,38.0,33.0,33.0,0
SKU073,2025-10-06,actual,52.0,32.0,52.0,52.0,0
SKU073,2025-10-13,actual,29.0,24.0,29.0,29.0,0
SKU073,2025-10-20,actual,43.0,48.0,43.0,43.0,0
SKU073,2025-10-27,actual,22.0,27.0,22.0,22.0,0
SKU073,2025-11-03,actual,26.0,38.0,26.0,26.0,0
SKU073,2025-11-10,actual,24.0,34.0,24.0,24.0,0
SKU073,2025-11-17,actual,25.0,36.0,25.0,25.0,0
SKU073,2025-11-24,actual,22.0,21.0,22.0,22.0,0
SKU073,2025-12-01,actual,21.0,28.0,21.0,21.0,0
SKU073,2025-12-08,actual,30.0,19.0,30.0,30.0,0
SKU073,2025-12-15,actual,31.0,28.0,31.0,31.0,0
SKU073,2025-12-22,actual,32.0,31.0,32.0,32.0,0
SKU073,2025-12-29,actual,28.0,37.0,28.0,28.0,0
SKU073,2026-01-05,actual,19.0,26.0,19.0,19.0,0
SKU073,2026-01-12,actual,25.0,20.0,25.0,25.0,0
SKU073,2026-01-19,actual,36.0,50.0,36.0,36.0,0
SKU073,2026-01-26,actual,31.0,31.0,31.0,31.0,0
SKU073,2026-02-02,actual,30.0,30.0,30.0,30.0,0
SKU073,2026-02-09,actual,28.0,27.0,28.0,28.0,0
SKU073,2026-02-16,actual,27.0,29.0,27.0,27.0,0
SKU073,2026-02-23,actual,35.0,22.0,35.0,35.0,0
SKU073,2026-03-02,actual,26.0,32.0,26.0,26.0,0
SKU073,2026-03-09,actual,33.0,39.0,33.0,33.0,0
SKU073,2026-03-16,actual,35.0,35.0,35.0,35.0,0
SKU073,2026-03-23,actual,34.0,36.0,34.0,34.0,0
SKU073,2026-03-30,actual,36.0,39.0,36.0,36.0,0
SKU073,2026-04-06,actual,37.0,36.0,37.0,37.0,0
SKU073,2026-04-13,actual,43.0,25.0,43.0,43.0,0
SKU073,2026-04-20,actual,36.0,35.0,36.0,36.0,0
SKU073,2026-04-27,actual,51.0,43.0,51.0,51.0,0
SKU073,2026-05-04,actual,40.0,51.0,40.0,40.0,0
SKU073,2026-05-11,actual,48.0,58.0,48.0,48.0,0
SKU073,2026-05-18,actual,54.0,33.0,54.0,54.0,0
SKU073,2026-05-25,actual,48.0,37.0,48.0,48.0,0
SKU073,2026-06-01,actual,47.0,51.0,47.0,47.0,0
SKU073,2026-06-08,actual,47.0,46.0,47.0,47.0,0
SKU073,2026-06-15,actual,37.0,43.0,37.0,37.0,0
SKU074,2026-01-26,actual,7.0,0.0,7.0,7.0,0
SKU074,2026-02-02,actual,25.0,7.0,25.0,25.0,0
SKU074,2026-02-09,actual,19.0,16.0,19.0,19.0,0
SKU074,2026-02-16,actual,21.0,17.0,21.0,21.0,0
SKU074,2026-02-23,actual,23.0,18.0,23.0,23.0,0
SKU074,2026-03-02,actual,19.0,22.0,19.0,19.0,0
SKU074,2026-03-09,actual,19.0,20.5,19.0,19.0,0
SKU074,2026-03-16,actual,17.0,20.5,17.0,17.0,0
SKU074,2026-03-23,actual,22.0,19.5,22.0,22.0,0
SKU074,2026-03-30,actual,15.0,19.25,15.0,15.0,0
SKU074,2026-04-06,actual,13.0,18.25,13.0,13.0,0
SKU074,2026-04-13,actual,18.0,16.75,18.0,18.0,0
SKU074,2026-04-20,actual,13.0,17.0,13.0,13.0,0
SKU074,2026-04-27,actual,17.0,14.75,17.0,17.0,0
SKU074,2026-05-04,actual,7.0,15.25,7.0,7.0,0
SKU074,2026-05-11,actual,16.0,13.75,16.0,16.0,0
SKU074,2026-05-18,actual,11.0,13.25,11.0,11.0,0
SKU074,2026-05-25,actual,10.0,12.75,10.0,10.0,0
SKU074,2026-06-01,actual,3.0,11.0,3.0,3.0,0
SKU074,2026-06-08,actual,19.0,10.0,19.0,19.0,0
SKU074,2026-06-15,actual,10.0,10.75,10.0,10.0,0
SKU075,2024-10-07,actual,14.0,0.0,14.0,14.0,0
SKU075,2024-10-14,actual,31.0,14.0,31.0,31.0,0
SKU075,2024-10-21,actual,70.0,22.5,70.0,70.0,0
SKU075,2024-10-28,actual,32.0,38.333333333333336,32.0,32.0,0
SKU075,2024-11-04,actual,36.0,36.75,36.0,36.0,0
SKU075,2024-11-11,actual,32.0,42.25,32.0,32.0,0
SKU075,2024-11-18,actual,34.0,42.5,34.0,34.0,0
SKU075,2024-11-25,actual,26.0,33.5,26.0,26.0,0
SKU075,2024-12-02,actual,27.0,32.0,27.0,27.0,0
SKU075,2024-12-09,actual,33.0,29.75,33.0,33.0,0
SKU075,2024-12-16,actual,47.0,30.0,47.0,47.0,0
SKU075,2024-12-23,actual,58.0,33.25,58.0,58.0,0
SKU075,2024-12-30,actual,27.0,41.25,27.0,27.0,0
SKU075,2025-01-06,actual,30.0,41.25,30.0,30.0,0
SKU075,2025-01-13,actual,18.0,40.5,18.0,18.0,0
SKU075,2025-01-20,actual,31.0,33.25,31.0,31.0,0
SKU075,2025-01-27,actual,34.0,26.5,34.0,34.0,0
SKU075,2025-02-03,actual,16.0,28.25,16.0,16.0,0
SKU075,2025-02-10,actual,27.0,24.75,27.0,27.0,0
SKU075,2025-02-17,actual,20.0,27.0,20.0,20.0,0
SKU075,2025-02-24,actual,31.0,24.25,31.0,31.0,0
SKU075,2025-03-03,actual,23.0,23.5,23.0,23.0,0
SKU075,2025-03-10,actual,18.0,25.25,18.0,18.0,0
SKU075,2025-03-17,actual,22.0,23.0,22.0,22.0,0
SKU075,2025-03-24,actual,14.0,23.5,14.0,14.0,0
SKU075,2025-03-31,actual,14.0,19.25,14.0,14.0,0
SKU075,2025-04-07,actual,16.0,17.0,16.0,16.0,0
SKU075,2025-04-14,actual,21.0,16.5,21.0,21.0,0
SKU075,2025-04-21,actual,26.0,16.25,26.0,26.0,0
SKU075,2025-04-28,actual,25.0,19.25,25.0,25.0,0
SKU075,2025-05-05,actual,19.0,22.0,19.0,19.0,0
SKU075,2025-05-12,actual,21.0,22.75,21.0,21.0,0
SKU075,2025-05-19,actual,22.0,22.75,22.0,22.0,0
SKU075,2025-05-26,actual,25.0,21.75,25.0,25.0,0
SKU075,2025-06-02,actual,15.0,21.75,15.0,15.0,0
SKU075,2025-06-09,actual,23.0,20.75,23.0,23.0,0
SKU075,2025-06-16,actual,21.0,21.25,21.0,21.0,0
SKU075,2025-06-23,actual,23.0,21.0,23.0,23.0,0
SKU075,2025-06-30,actual,18.0,20.5,18.0,18.0,0
SKU075,2025-07-07,actual,24.0,21.25,24.0,24.0,0
SKU075,2025-07-14,actual,28.0,21.5,28.0,28.0,0
SKU075,2025-07-21,actual,15.0,23.25,15.0,15.0,0
SKU075,2025-07-28,actual,22.0,21.25,22.0,22.0,0
SKU075,2025-08-04,actual,28.0,22.25,28.0,28.0,0
SKU075,2025-08-11,actual,65.0,23.25,65.0,65.0,0
SKU075,2025-08-18,actual,33.0,32.5,33.0,33.0,0
SKU075,2025-08-25,actual,30.0,37.0,30.0,30.0,0
SKU075,2025-09-01,actual,26.0,39.0,26.0,26.0,0
SKU075,2025-09-08,actual,18.0,38.5,18.0,18.0,0
SKU075,2025-09-15,actual,28.0,26.75,28.0,28.0,0
SKU075,2025-09-22,actual,37.0,25.5,37.0,37.0,0
SKU075,2025-09-29,actual,26.0,27.25,26.0,26.0,0
SKU075,2025-10-06,actual,34.0,14.0,34.0,34.0,0
SKU075,2025-10-13,actual,25.0,31.0,25.0,25.0,0
SKU075,2025-10-20,actual,77.0,70.0,77.0,77.0,0
SKU075,2025-10-27,actual,39.0,32.0,39.0,39.0,0
SKU075,2025-11-03,actual,39.0,36.0,39.0,39.0,0
SKU075,2025-11-10,actual,32.0,32.0,32.0,32.0,0
SKU075,2025-11-17,actual,28.0,34.0,28.0,28.0,0
SKU075,2025-11-24,actual,32.0,26.0,32.0,32.0,0
SKU075,2025-12-01,actual,25.0,27.0,25.0,25.0,0
SKU075,2025-12-08,actual,30.0,33.0,30.0,30.0,0
SKU075,2025-12-15,actual,18.0,47.0,18.0,18.0,0
SKU075,2025-12-22,actual,57.0,58.0,57.0,57.0,0
SKU075,2025-12-29,actual,32.0,27.0,32.0,32.0,0
SKU075,2026-01-05,actual,27.0,30.0,27.0,27.0,0
SKU075,2026-01-12,actual,22.0,18.0,22.0,22.0,0
SKU075,2026-01-19,actual,31.0,31.0,31.0,31.0,0
SKU075,2026-01-26,actual,31.0,34.0,31.0,31.0,0
SKU075,2026-02-02,actual,18.0,16.0,18.0,18.0,0
SKU075,2026-02-09,actual,23.0,27.0,23.0,23.0,0
SKU075,2026-02-16,actual,30.0,20.0,30.0,30.0,0
SKU075,2026-02-23,actual,21.0,31.0,21.0,21.0,0
SKU075,2026-03-02,actual,18.0,23.0,18.0,18.0,0
SKU075,2026-03-09,actual,16.0,18.0,16.0,16.0,0
SKU075,2026-03-16,actual,22.0,22.0,22.0,22.0,0
SKU075,2026-03-23,actual,17.0,14.0,17.0,17.0,0
SKU075,2026-03-30,actual,16.0,14.0,16.0,16.0,0
SKU075,2026-04-06,actual,14.0,16.0,14.0,14.0,0
SKU075,2026-04-13,actual,17.0,21.0,17.0,17.0,0
SKU075,2026-04-20,actual,24.0,26.0,24.0,24.0,0
SKU075,2026-04-27,actual,19.0,25.0,19.0,19.0,0
SKU075,2026-05-04,actual,16.0,19.0,16.0,16.0,0
SKU075,2026-05-11,actual,9.0,21.0,9.0,9.0,0
SKU075,2026-05-18,actual,15.0,22.0,15.0,15.0,0
SKU075,2026-05-25,actual,20.0,25.0,20.0,20.0,0
SKU075,2026-06-01,actual,15.0,15.0,15.0,15.0,0
SKU075,2026-06-08,actual,18.0,23.0,18.0,18.0,0
SKU075,2026-06-15,actual,20.0,21.0,20.0,20.0,0
SKU076,2024-05-27,actual,3.0,0.0,3.0,3.0,0
SKU076,2024-06-03,actual,9.0,3.0,9.0,9.0,0
SKU076,2024-06-10,actual,6.0,6.0,6.0,6.0,0
SKU076,2024-06-17,actual,9.0,6.0,9.0,9.0,0
SKU076,2024-06-24,actual,9.0,6.75,9.0,9.0,0
SKU076,2024-07-01,actual,4.0,8.25,4.0,4.0,0
SKU076,2024-07-08,actual,8.0,7.0,8.0,8.0,0
SKU076,2024-07-15,actual,13.0,7.5,13.0,13.0,0
SKU076,2024-07-22,actual,12.0,8.5,12.0,12.0,0
SKU076,2024-07-29,actual,6.0,9.25,6.0,6.0,0
SKU076,2024-08-05,actual,14.0,9.75,14.0,14.0,0
SKU076,2024-08-12,actual,11.0,11.25,11.0,11.0,0
SKU076,2024-08-19,actual,8.0,10.75,8.0,8.0,0
SKU076,2024-08-26,actual,2.0,9.75,2.0,2.0,0
SKU076,2024-09-02,actual,8.0,8.75,8.0,8.0,0
SKU076,2024-09-09,actual,8.0,7.25,8.0,8.0,0
SKU076,2024-09-16,actual,6.0,6.5,6.0,6.0,0
SKU076,2024-09-23,actual,3.0,6.0,3.0,3.0,0
SKU076,2024-09-30,actual,9.0,6.25,9.0,9.0,0
SKU076,2024-10-07,actual,2.0,6.5,2.0,2.0,0
SKU076,2024-10-14,actual,5.0,5.0,5.0,5.0,0
SKU076,2024-10-21,actual,17.0,4.75,17.0,17.0,0
SKU076,2024-10-28,actual,6.0,8.25,6.0,6.0,0
SKU076,2024-11-04,actual,15.0,7.5,15.0,15.0,0
SKU076,2024-11-11,actual,13.0,10.75,13.0,13.0,0
SKU076,2024-11-18,actual,16.0,12.75,16.0,16.0,0
SKU076,2024-11-25,actual,11.0,12.5,11.0,11.0,0
SKU076,2024-12-02,actual,9.0,13.75,9.0,9.0,0
SKU076,2024-12-09,actual,12.0,12.25,12.0,12.0,0
SKU076,2024-12-16,actual,17.0,12.0,17.0,17.0,0
SKU076,2024-12-23,actual,23.0,12.25,23.0,23.0,0
SKU076,2024-12-30,actual,12.0,15.25,12.0,12.0,0
SKU076,2025-01-06,actual,13.0,16.0,13.0,13.0,0
SKU076,2025-01-13,actual,12.0,16.25,12.0,12.0,0
SKU076,2025-01-20,actual,24.0,15.0,24.0,24.0,0
SKU076,2025-01-27,actual,21.0,15.25,21.0,21.0,0
SKU076,2025-02-03,actual,11.0,17.5,11.0,11.0,0
SKU076,2025-02-10,actual,14.0,17.0,14.0,14.0,0
SKU076,2025-02-17,actual,12.0,17.5,12.0,12.0,0
SKU076,2025-02-24,actual,14.0,14.5,14.0,14.0,0
SKU076,2025-03-03,actual,13.0,12.75,13.0,13.0,0
SKU076,2025-03-10,actual,11.0,13.25,11.0,11.0,0
SKU076,2025-03-17,actual,8.0,12.5,8.0,8.0,0
SKU076,2025-03-24,actual,20.0,11.5,20.0,20.0,0
SKU076,2025-03-31,actual,14.0,13.0,14.0,14.0,0
SKU076,2025-04-07,actual,12.0,13.25,12.0,12.0,0
SKU076,2025-04-14,actual,5.0,13.5,5.0,5.0,0
SKU076,2025-04-21,actual,8.0,12.75,8.0,8.0,0
SKU076,2025-04-28,actual,15.0,9.75,15.0,15.0,0
SKU076,2025-05-05,actual,6.0,10.0,6.0,6.0,0
SKU076,2025-05-12,actual,5.0,8.5,5.0,5.0,0
SKU076,2025-05-19,actual,5.0,8.5,5.0,5.0,0
SKU076,2025-05-26,actual,9.0,3.0,9.0,9.0,0
SKU076,2025-06-02,actual,11.0,9.0,11.0,11.0,0
SKU076,2025-06-09,actual,6.0,6.0,6.0,6.0,0
SKU076,2025-06-16,actual,10.0,9.0,10.0,10.0,0
SKU076,2025-06-23,actual,8.0,9.0,8.0,8.0,0
SKU076,2025-06-30,actual,8.0,4.0,8.0,8.0,0
SKU076,2025-07-07,actual,11.0,8.0,11.0,11.0,0
SKU076,2025-07-14,actual,8.0,13.0,8.0,8.0,0
SKU076,2025-07-21,actual,6.0,12.0,6.0,6.0,0
SKU076,2025-07-28,actual,10.0,6.0,10.0,10.0,0
SKU076,2025-08-04,actual,7.0,14.0,7.0,7.0,0
SKU076,2025-08-11,actual,11.0,11.0,11.0,11.0,0
SKU076,2025-08-18,actual,6.0,8.0,6.0,6.0,0
SKU076,2025-08-25,actual,6.0,2.0,6.0,6.0,0
SKU076,2025-09-01,actual,6.0,8.0,6.0,6.0,0
SKU076,2025-09-08,actual,6.0,8.0,6.0,6.0,0
SKU076,2025-09-15,actual,8.0,6.0,8.0,8.0,0
SKU076,2025-09-22,actual,5.0,3.0,5.0,5.0,0
SKU076,2025-09-29,actual,4.0,9.0,4.0,4.0,0
SKU076,2025-10-06,actual,8.0,2.0,8.0,8.0,0
SKU076,2025-10-13,actual,7.0,5.0,7.0,7.0,0
SKU076,2025-10-20,actual,12.0,17.0,12.0,12.0,0
SKU076,2025-10-27,actual,11.0,6.0,11.0,11.0,0
SKU076,2025-11-03,actual,6.0,15.0,6.0,6.0,0
SKU076,2025-11-10,actual,18.0,13.0,18.0,18.0,0
SKU076,2025-11-17,actual,8.0,16.0,8.0,8.0,0
SKU076,2025-11-24,actual,10.0,11.0,10.0,10.0,0
SKU076,2025-12-01,actual,15.0,9.0,15.0,15.0,0
SKU076,2025-12-08,actual,5.0,12.0,5.0,5.0,0
SKU076,2025-12-15,actual,16.0,17.0,16.0,16.0,0
SKU076,2025-12-22,actual,10.0,23.0,10.0,10.0,0
SKU076,2025-12-29,actual,13.0,12.0,13.0,13.0,0
SKU076,2026-01-05,actual,15.0,13.0,15.0,15.0,0
SKU076,2026-01-12,actual,9.0,12.0,9.0,9.0,0
SKU076,2026-01-19,actual,10.0,24.0,10.0,10.0,0
SKU076,2026-01-26,actual,11.0,21.0,11.0,11.0,0
SKU076,2026-02-02,actual,13.0,11.0,13.0,13.0,0
SKU076,2026-02-09,actual,16.0,14.0,16.0,16.0,0
SKU076,2026-02-16,actual,12.0,12.0,12.0,12.0,0
SKU076,2026-02-23,actual,10.0,14.0,10.0,10.0,0
SKU076,2026-03-02,actual,18.0,13.0,18.0,18.0,0
SKU076,2026-03-09,actual,9.0,11.0,9.0,9.0,0
SKU076,2026-03-16,actual,8.0,8.0,8.0,8.0,0
SKU076,2026-03-23,actual,5.0,20.0,5.0,5.0,0
SKU076,2026-03-30,actual,12.0,14.0,12.0,12.0,0
SKU076,2026-04-06,actual,5.0,12.0,5.0,5.0,0
SKU076,2026-04-13,actual,10.0,5.0,10.0,10.0,0
SKU076,2026-04-20,actual,11.0,8.0,11.0,11.0,0
SKU076,2026-04-27,actual,20.0,15.0,20.0,20.0,0
SKU076,2026-05-04,actual,11.0,6.0,11.0,11.0,0
SKU076,2026-05-11,actual,12.0,5.0,12.0,12.0,0
SKU076,2026-05-18,actual,15.0,5.0,15.0,15.0,0
SKU076,2026-05-25,actual,8.0,9.0,8.0,8.0,0
SKU076,2026-06-01,actual,8.0,11.0,8.0,8.0,0
SKU076,2026-06-08,actual,5.0,6.0,5.0,5.0,0
SKU076,2026-06-15,actual,7.0,10.0,7.0,7.0,0
SKU077,2025-03-31,actual,7.0,0.0,7.0,7.0,0
SKU077,2025-04-07,actual,6.0,7.0,6.0,6.0,0
SKU077,2025-04-14,actual,10.0,6.5,10.0,10.0,0
SKU077,2025-04-21,actual,10.0,7.666666666666667,10.0,10.0,0
SKU077,2025-04-28,actual,17.0,8.25,17.0,17.0,0
SKU077,2025-05-05,actual,8.0,10.75,8.0,8.0,0
SKU077,2025-05-12,actual,9.0,11.25,9.0,9.0,0
SKU077,2025-05-19,actual,12.0,11.0,12.0,12.0,0
SKU077,2025-05-26,actual,5.0,11.5,5.0,5.0,0
SKU077,2025-06-02,actual,7.0,8.5,7.0,7.0,0
SKU077,2025-06-09,actual,10.0,8.25,10.0,10.0,0
SKU077,2025-06-16,actual,1.0,8.5,1.0,1.0,0
SKU077,2025-06-23,actual,5.0,5.75,5.0,5.0,0
SKU077,2025-06-30,actual,5.0,5.75,5.0,5.0,0
SKU077,2025-07-07,actual,4.0,5.25,4.0,4.0,0
SKU077,2025-07-14,actual,9.0,3.75,9.0,9.0,0
SKU077,2025-07-21,actual,4.0,5.75,4.0,4.0,0
SKU077,2025-07-28,actual,7.0,5.5,7.0,7.0,0
SKU077,2025-08-04,actual,9.0,6.0,9.0,9.0,0
SKU077,2025-08-11,actual,14.0,7.25,14.0,14.0,0
SKU077,2025-08-18,actual,10.0,8.5,10.0,10.0,0
SKU077,2025-08-25,actual,8.0,10.0,8.0,8.0,0
SKU077,2025-09-01,actual,8.0,10.25,8.0,8.0,0
SKU077,2025-09-08,actual,6.0,10.0,6.0,6.0,0
SKU077,2025-09-15,actual,5.0,8.0,5.0,5.0,0
SKU077,2025-09-22,actual,2.0,6.75,2.0,2.0,0
SKU077,2025-09-29,actual,8.0,5.25,8.0,8.0,0
SKU077,2025-10-06,actual,4.0,5.25,4.0,4.0,0
SKU077,2025-10-13,actual,3.0,4.75,3.0,3.0,0
SKU077,2025-10-20,actual,17.0,4.25,17.0,17.0,0
SKU077,2025-10-27,actual,14.0,8.0,14.0,14.0,0
SKU077,2025-11-03,actual,8.0,9.5,8.0,8.0,0
SKU077,2025-11-10,actual,9.0,10.5,9.0,9.0,0
SKU077,2025-11-17,actual,8.0,12.0,8.0,8.0,0
SKU077,2025-11-24,actual,9.0,9.75,9.0,9.0,0
SKU077,2025-12-01,actual,15.0,8.5,15.0,15.0,0
SKU077,2025-12-08,actual,8.0,10.25,8.0,8.0,0
SKU077,2025-12-15,actual,7.0,10.0,7.0,7.0,0
SKU077,2025-12-22,actual,15.0,9.75,15.0,15.0,0
SKU077,2025-12-29,actual,12.0,11.25,12.0,12.0,0
SKU077,2026-01-05,actual,11.0,10.5,11.0,11.0,0
SKU077,2026-01-12,actual,9.0,11.25,9.0,9.0,0
SKU077,2026-01-19,actual,19.0,11.75,19.0,19.0,0
SKU077,2026-01-26,actual,18.0,12.75,18.0,18.0,0
SKU077,2026-02-02,actual,9.0,14.25,9.0,9.0,0
SKU077,2026-02-09,actual,11.0,13.75,11.0,11.0,0
SKU077,2026-02-16,actual,9.0,14.25,9.0,9.0,0
SKU077,2026-02-23,actual,12.0,11.75,12.0,12.0,0
SKU077,2026-03-02,actual,8.0,10.25,8.0,8.0,0
SKU077,2026-03-09,actual,15.0,10.0,15.0,15.0,0
SKU077,2026-03-16,actual,12.0,11.0,12.0,12.0,0
SKU077,2026-03-23,actual,13.0,11.75,13.0,13.0,0
SKU077,2026-03-30,actual,12.0,7.0,12.0,12.0,0
SKU077,2026-04-06,actual,12.0,6.0,12.0,12.0,0
SKU077,2026-04-13,actual,12.0,10.0,12.0,12.0,0
SKU077,2026-04-20,actual,10.0,10.0,10.0,10.0,0
SKU077,2026-04-27,actual,15.0,17.0,15.0,15.0,0
SKU077,2026-05-04,actual,12.0,8.0,12.0,12.0,0
SKU077,2026-05-11,actual,9.0,9.0,9.0,9.0,0
SKU077,2026-05-18,actual,8.0,12.0,8.0,8.0,0
SKU077,2026-05-25,actual,3.0,5.0,3.0,3.0,0
SKU077,2026-06-01,actual,11.0,7.0,11.0,11.0,0
SKU077,2026-06-08,actual,7.0,10.0,7.0,7.0,0
SKU077,2026-06-15,actual,10.0,1.0,10.0,10.0,0
SKU078,2025-04-07,actual,4.0,0.0,4.0,4.0,0
SKU078,2025-04-14,actual,7.0,4.0,7.0,7.0,0
SKU078,2025-04-21,actual,7.0,5.5,7.0,7.0,0
SKU078,2025-04-28,actual,12.0,6.0,12.0,12.0,0
SKU078,2025-05-05,actual,8.0,7.5,8.0,8.0,0
SKU078,2025-05-12,actual,7.0,8.5,7.0,7.0,0
SKU078,2025-05-19,actual,9.0,8.5,9.0,9.0,0
SKU078,2025-05-26,actual,2.0,9.0,2.0,2.0,0
SKU078,2025-06-02,actual,4.0,6.5,4.0,4.0,0
SKU078,2025-06-09,actual,9.0,5.5,9.0,9.0,0
SKU078,2025-06-16,actual,6.0,6.0,6.0,6.0,0
SKU078,2025-06-23,actual,6.0,5.25,6.0,6.0,0
SKU078,2025-06-30,actual,9.0,6.25,9.0,9.0,0
SKU078,2025-07-07,actual,8.0,7.5,8.0,8.0,0
SKU078,2025-07-14,actual,3.0,7.25,3.0,3.0,0
SKU078,2025-07-21,actual,6.0,6.5,6.0,6.0,0
SKU078,2025-07-28,actual,7.0,6.5,7.0,7.0,0
SKU078,2025-08-04,actual,7.0,6.0,7.0,7.0,0
SKU078,2025-08-11,actual,15.0,5.75,15.0,15.0,0
SKU078,2025-08-18,actual,11.0,8.75,11.0,11.0,0
SKU078,2025-08-25,actual,7.0,10.0,7.0,7.0,0
SKU078,2025-09-01,actual,6.0,10.0,6.0,6.0,0
SKU078,2025-09-08,actual,8.0,9.75,8.0,8.0,0
SKU078,2025-09-15,actual,7.0,8.0,7.0,7.0,0
SKU078,2025-09-22,actual,3.0,7.0,3.0,3.0,0
SKU078,2025-09-29,actual,5.0,6.0,5.0,5.0,0
SKU078,2025-10-06,actual,14.0,5.75,14.0,14.0,0
SKU078,2025-10-13,actual,6.0,7.25,6.0,6.0,0
SKU078,2025-10-20,actual,32.0,7.0,32.0,32.0,0
SKU078,2025-10-27,actual,16.0,14.25,16.0,16.0,0
SKU078,2025-11-03,actual,13.0,17.0,13.0,13.0,0
SKU078,2025-11-10,actual,7.0,16.75,7.0,7.0,0
SKU078,2025-11-17,actual,10.0,17.0,10.0,10.0,0
SKU078,2025-11-24,actual,11.0,11.5,11.0,11.0,0
SKU078,2025-12-01,actual,9.0,10.25,9.0,9.0,0
SKU078,2025-12-08,actual,8.0,9.25,8.0,8.0,0
SKU078,2025-12-15,actual,11.0,9.5,11.0,11.0,0
SKU078,2025-12-22,actual,27.0,9.75,27.0,27.0,0
SKU078,2025-12-29,actual,9.0,13.75,9.0,9.0,0
SKU078,2026-01-05,actual,11.0,13.75,11.0,11.0,0
SKU078,2026-01-12,actual,12.0,14.5,12.0,12.0,0
SKU078,2026-01-19,actual,18.0,14.75,18.0,18.0,0
SKU078,2026-01-26,actual,17.0,12.5,17.0,17.0,0
SKU078,2026-02-02,actual,13.0,14.5,13.0,13.0,0
SKU078,2026-02-09,actual,9.0,15.0,9.0,9.0,0
SKU078,2026-02-16,actual,11.0,14.25,11.0,11.0,0
SKU078,2026-02-23,actual,9.0,12.5,9.0,9.0,0
SKU078,2026-03-02,actual,7.0,10.5,7.0,7.0,0
SKU078,2026-03-09,actual,12.0,9.0,12.0,12.0,0
SKU078,2026-03-16,actual,13.0,9.75,13.0,13.0,0
SKU078,2026-03-23,actual,10.0,10.25,10.0,10.0,0
SKU078,2026-03-30,actual,3.0,10.5,3.0,3.0,0
SKU078,2026-04-06,actual,12.0,4.0,12.0,12.0,0
SKU078,2026-04-13,actual,13.0,7.0,13.0,13.0,0
SKU078,2026-04-20,actual,4.0,7.0,4.0,4.0,0
SKU078,2026-04-27,actual,9.0,12.0,9.0,9.0,0
SKU078,2026-05-04,actual,12.0,8.0,12.0,12.0,0
SKU078,2026-05-11,actual,6.0,7.0,6.0,6.0,0
SKU078,2026-05-18,actual,7.0,9.0,7.0,7.0,0
SKU078,2026-05-25,actual,10.0,2.0,10.0,10.0,0
SKU078,2026-06-01,actual,3.0,4.0,3.0,3.0,0
SKU078,2026-06-08,actual,6.0,9.0,6.0,6.0,0
SKU078,2026-06-15,actual,7.0,6.0,7.0,7.0,0
SKU079,2024-05-27,actual,12.0,0.0,12.0,12.0,0
SKU079,2024-06-03,actual,12.0,12.0,12.0,12.0,0
SKU079,2024-06-10,actual,30.0,12.0,30.0,30.0,0
SKU079,2024-06-17,actual,25.0,18.0,25.0,25.0,0
SKU079,2024-06-24,actual,23.0,19.75,23.0,23.0,0
SKU079,2024-07-01,actual,23.0,22.5,23.0,23.0,0
SKU079,2024-07-08,actual,18.0,25.25,18.0,18.0,0
SKU079,2024-07-15,actual,23.0,22.25,23.0,23.0,0
SKU079,2024-07-22,actual,36.0,21.75,36.0,36.0,0
SKU079,2024-07-29,actual,35.0,25.0,35.0,35.0,0
SKU079,2024-08-05,actual,30.0,28.0,30.0,30.0,0
SKU079,2024-08-12,actual,60.0,31.0,60.0,60.0,0
SKU079,2024-08-19,actual,34.0,40.25,34.0,34.0,0
SKU079,2024-08-26,actual,32.0,39.75,32.0,32.0,0
SKU079,2024-09-02,actual,36.0,39.0,36.0,36.0,0
SKU079,2024-09-09,actual,28.0,40.5,28.0,28.0,0
SKU079,2024-09-16,actual,27.0,32.5,27.0,27.0,0
SKU079,2024-09-23,actual,34.0,30.75,34.0,34.0,0
SKU079,2024-09-30,actual,38.0,31.25,38.0,38.0,0
SKU079,2024-10-07,actual,36.0,31.75,36.0,36.0,0
SKU079,2024-10-14,actual,44.0,33.75,44.0,44.0,0
SKU079,2024-10-21,actual,69.0,38.0,69.0,69.0,0
SKU079,2024-10-28,actual,35.0,46.75,35.0,35.0,0
SKU079,2024-11-04,actual,40.0,46.0,40.0,40.0,0
SKU079,2024-11-11,actual,39.0,47.0,39.0,39.0,0
SKU079,2024-11-18,actual,34.0,45.75,34.0,34.0,0
SKU079,2024-11-25,actual,23.0,37.0,23.0,23.0,0
SKU079,2024-12-02,actual,26.0,34.0,26.0,26.0,0
SKU079,2024-12-09,actual,26.0,30.5,26.0,26.0,0
SKU079,2024-12-16,actual,32.0,27.25,32.0,32.0,0
SKU079,2024-12-23,actual,57.0,26.75,57.0,57.0,0
SKU079,2024-12-30,actual,29.0,35.25,29.0,29.0,0
SKU079,2025-01-06,actual,19.0,36.0,19.0,19.0,0
SKU079,2025-01-13,actual,27.0,34.25,27.0,27.0,0
SKU079,2025-01-20,actual,33.0,33.0,33.0,33.0,0
SKU079,2025-01-27,actual,19.0,27.0,19.0,19.0,0
SKU079,2025-02-03,actual,23.0,24.5,23.0,23.0,0
SKU079,2025-02-10,actual,22.0,25.5,22.0,22.0,0
SKU079,2025-02-17,actual,18.0,24.25,18.0,18.0,0
SKU079,2025-02-24,actual,18.0,20.5,18.0,18.0,0
SKU079,2025-03-03,actual,16.0,20.25,16.0,16.0,0
SKU079,2025-03-10,actual,16.0,18.5,16.0,16.0,0
SKU079,2025-03-17,actual,17.0,17.0,17.0,17.0,0
SKU079,2025-03-24,actual,29.0,16.75,29.0,29.0,0
SKU079,2025-03-31,actual,18.0,19.5,18.0,18.0,0
SKU079,2025-04-07,actual,22.0,20.0,22.0,22.0,0
SKU079,2025-04-14,actual,18.0,21.5,18.0,18.0,0
SKU079,2025-04-21,actual,30.0,21.75,30.0,30.0,0
SKU079,2025-04-28,actual,34.0,22.0,34.0,34.0,0
SKU079,2025-05-05,actual,32.0,26.0,32.0,32.0,0
SKU079,2025-05-12,actual,9.0,28.5,9.0,9.0,0
SKU079,2025-05-19,actual,25.0,26.25,25.0,25.0,0
SKU079,2025-05-26,actual,26.0,12.0,26.0,26.0,0
SKU079,2025-06-02,actual,22.0,12.0,22.0,22.0,0
SKU079,2025-06-09,actual,31.0,30.0,31.0,31.0,0
SKU079,2025-06-16,actual,30.0,25.0,30.0,30.0,0
SKU079,2025-06-23,actual,20.0,23.0,20.0,20.0,0
SKU079,2025-06-30,actual,40.0,23.0,40.0,40.0,0
SKU079,2025-07-07,actual,27.0,18.0,27.0,27.0,0
SKU079,2025-07-14,actual,28.0,23.0,28.0,28.0,0
SKU079,2025-07-21,actual,23.0,36.0,23.0,23.0,0
SKU079,2025-07-28,actual,41.0,35.0,41.0,41.0,0
SKU079,2025-08-04,actual,20.0,30.0,20.0,20.0,0
SKU079,2025-08-11,actual,65.0,60.0,65.0,65.0,0
SKU079,2025-08-18,actual,39.0,34.0,39.0,39.0,0
SKU079,2025-08-25,actual,31.0,32.0,31.0,31.0,0
SKU079,2025-09-01,actual,27.0,36.0,27.0,27.0,0
SKU079,2025-09-08,actual,34.0,28.0,34.0,34.0,0
SKU079,2025-09-15,actual,37.0,27.0,37.0,37.0,0
SKU079,2025-09-22,actual,37.0,34.0,37.0,37.0,0
SKU079,2025-09-29,actual,37.0,38.0,37.0,37.0,0
SKU079,2025-10-06,actual,23.0,36.0,23.0,23.0,0
SKU079,2025-10-13,actual,32.0,44.0,32.0,32.0,0
SKU079,2025-10-20,actual,81.0,69.0,81.0,81.0,0
SKU079,2025-10-27,actual,35.0,35.0,35.0,35.0,0
SKU079,2025-11-03,actual,32.0,40.0,32.0,32.0,0
SKU079,2025-11-10,actual,35.0,39.0,35.0,35.0,0
SKU079,2025-11-17,actual,32.0,34.0,32.0,32.0,0
SKU079,2025-11-24,actual,40.0,23.0,40.0,40.0,0
SKU079,2025-12-01,actual,25.0,26.0,25.0,25.0,0
SKU079,2025-12-08,actual,20.0,26.0,20.0,20.0,0
SKU079,2025-12-15,actual,16.0,32.0,16.0,16.0,0
SKU079,2025-12-22,actual,60.0,57.0,60.0,60.0,0
SKU079,2025-12-29,actual,25.0,29.0,25.0,25.0,0
SKU079,2026-01-05,actual,25.0,19.0,25.0,25.0,0
SKU079,2026-01-12,actual,30.0,27.0,30.0,30.0,0
SKU079,2026-01-19,actual,37.0,33.0,37.0,37.0,0
SKU079,2026-01-26,actual,39.0,19.0,39.0,39.0,0
SKU079,2026-02-02,actual,18.0,23.0,18.0,18.0,0
SKU079,2026-02-09,actual,17.0,22.0,17.0,17.0,0
SKU079,2026-02-16,actual,19.0,18.0,19.0,19.0,0
SKU079,2026-02-23,actual,26.0,18.0,26.0,26.0,0
SKU079,2026-03-02,actual,17.0,16.0,17.0,17.0,0
SKU079,2026-03-09,actual,17.0,16.0,17.0,17.0,0
SKU079,2026-03-16,actual,10.0,17.0,10.0,10.0,0
SKU079,2026-03-23,actual,11.0,29.0,11.0,11.0,0
SKU079,2026-03-30,actual,14.0,18.0,14.0,14.0,0
SKU079,2026-04-06,actual,14.0,22.0,14.0,14.0,0
SKU079,2026-04-13,actual,16.0,18.0,16.0,16.0,0
SKU079,2026-04-20,actual,21.0,30.0,21.0,21.0,0
SKU079,2026-04-27,actual,41.0,34.0,41.0,41.0,0
SKU079,2026-05-04,actual,18.0,32.0,18.0,18.0,0
SKU079,2026-05-11,actual,22.0,9.0,22.0,22.0,0
SKU079,2026-05-18,actual,32.0,25.0,32.0,32.0,0
SKU079,2026-05-25,actual,17.0,26.0,17.0,17.0,0
SKU079,2026-06-01,actual,24.0,22.0,24.0,24.0,0
SKU079,2026-06-08,actual,23.0,31.0,23.0,23.0,0
SKU079,2026-06-15,actual,24.0,30.0,24.0,24.0,0
SKU080,2024-05-27,actual,2.0,0.0,2.0,2.0,0
SKU080,2024-06-03,actual,15.0,2.0,15.0,15.0,0
SKU080,2024-06-10,actual,11.0,8.5,11.0,11.0,0
SKU080,2024-06-17,actual,20.0,9.333333333333334,20.0,20.0,0
SKU080,2024-06-24,actual,16.0,12.0,16.0,16.0,0
SKU080,2024-07-01,actual,10.0,15.5,10.0,10.0,0
SKU080,2024-07-08,actual,11.0,14.25,11.0,11.0,0
SKU080,2024-07-15,actual,14.0,14.25,14.0,14.0,0
SKU080,2024-07-22,actual,15.0,12.75,15.0,15.0,0
SKU080,2024-07-29,actual,12.0,12.5,12.0,12.0,0
SKU080,2024-08-05,actual,17.0,13.0,17.0,17.0,0
SKU080,2024-08-12,actual,23.0,14.5,23.0,23.0,0
SKU080,2024-08-19,actual,8.0,16.75,8.0,8.0,0
SKU080,2024-08-26,actual,17.0,15.0,17.0,17.0,0
SKU080,2024-09-02,actual,16.0,16.25,16.0,16.0,0
SKU080,2024-09-09,actual,18.0,16.0,18.0,18.0,0
SKU080,2024-09-16,actual,6.0,14.75,6.0,6.0,0
SKU080,2024-09-23,actual,17.0,14.25,17.0,17.0,0
SKU080,2024-09-30,actual,15.0,14.25,15.0,15.0,0
SKU080,2024-10-07,actual,6.0,14.0,6.0,6.0,0
SKU080,2024-10-14,actual,8.0,11.0,8.0,8.0,0
SKU080,2024-10-21,actual,19.0,11.5,19.0,19.0,0
SKU080,2024-10-28,actual,9.0,12.0,9.0,9.0,0
SKU080,2024-11-04,actual,10.0,10.5,10.0,10.0,0
SKU080,2024-11-11,actual,12.0,11.5,12.0,12.0,0
SKU080,2024-11-18,actual,7.0,12.5,7.0,7.0,0
SKU080,2024-11-25,actual,6.0,9.5,6.0,6.0,0
SKU080,2024-12-02,actual,5.0,8.75,5.0,5.0,0
SKU080,2024-12-09,actual,9.0,7.5,9.0,9.0,0
SKU080,2024-12-16,actual,8.0,6.75,8.0,8.0,0
SKU080,2024-12-23,actual,11.0,7.0,11.0,11.0,0
SKU080,2024-12-30,actual,9.0,8.25,9.0,9.0,0
SKU080,2025-01-06,actual,5.0,9.25,5.0,5.0,0
SKU080,2025-01-13,actual,7.0,8.25,7.0,7.0,0
SKU080,2025-01-20,actual,11.0,8.0,11.0,11.0,0
SKU080,2025-01-27,actual,4.0,8.0,4.0,4.0,0
SKU080,2025-02-03,actual,6.0,6.75,6.0,6.0,0
SKU080,2025-02-10,actual,13.0,7.0,13.0,13.0,0
SKU080,2025-02-17,actual,5.0,8.5,5.0,5.0,0
SKU080,2025-02-24,actual,9.0,7.0,9.0,9.0,0
SKU080,2025-03-03,actual,8.0,8.25,8.0,8.0,0
SKU080,2025-03-10,actual,10.0,8.75,10.0,10.0,0
SKU080,2025-03-17,actual,12.0,8.0,12.0,12.0,0
SKU080,2025-03-24,actual,12.0,9.75,12.0,12.0,0
SKU080,2025-03-31,actual,6.0,10.5,6.0,6.0,0
SKU080,2025-04-07,actual,12.0,10.0,12.0,12.0,0
SKU080,2025-04-14,actual,10.0,10.5,10.0,10.0,0
SKU080,2025-04-21,actual,14.0,10.0,14.0,14.0,0
SKU080,2025-04-28,actual,20.0,10.5,20.0,20.0,0
SKU080,2025-05-05,actual,12.0,14.0,12.0,12.0,0
SKU080,2025-05-12,actual,12.0,14.0,12.0,12.0,0
SKU080,2025-05-19,actual,10.0,14.5,10.0,10.0,0
SKU080,2025-05-26,actual,11.0,2.0,11.0,11.0,0
SKU080,2025-06-02,actual,8.0,15.0,8.0,8.0,0
SKU080,2025-06-09,actual,16.0,11.0,16.0,16.0,0
SKU080,2025-06-16,actual,20.0,20.0,20.0,20.0,0
SKU080,2025-06-23,actual,10.0,16.0,10.0,10.0,0
SKU080,2025-06-30,actual,20.0,10.0,20.0,20.0,0
SKU080,2025-07-07,actual,13.0,11.0,13.0,13.0,0
SKU080,2025-07-14,actual,17.0,14.0,17.0,17.0,0
SKU080,2025-07-21,actual,10.0,15.0,10.0,10.0,0
SKU080,2025-07-28,actual,11.0,12.0,11.0,11.0,0
SKU080,2025-08-04,actual,13.0,17.0,13.0,13.0,0
SKU080,2025-08-11,actual,19.0,23.0,19.0,19.0,0
SKU080,2025-08-18,actual,13.0,8.0,13.0,13.0,0
SKU080,2025-08-25,actual,12.0,17.0,12.0,12.0,0
SKU080,2025-09-01,actual,17.0,16.0,17.0,17.0,0
SKU080,2025-09-08,actual,11.0,18.0,11.0,11.0,0
SKU080,2025-09-15,actual,7.0,6.0,7.0,7.0,0
SKU080,2025-09-22,actual,19.0,17.0,19.0,19.0,0
SKU080,2025-09-29,actual,9.0,15.0,9.0,9.0,0
SKU080,2025-10-06,actual,4.0,6.0,4.0,4.0,0
SKU080,2025-10-13,actual,10.0,8.0,10.0,10.0,0
SKU080,2025-10-20,actual,13.0,19.0,13.0,13.0,0
SKU080,2025-10-27,actual,16.0,9.0,16.0,16.0,0
SKU080,2025-11-03,actual,9.0,10.0,9.0,9.0,0
SKU080,2025-11-10,actual,16.0,12.0,16.0,16.0,0
SKU080,2025-11-17,actual,8.0,7.0,8.0,8.0,0
SKU080,2025-11-24,actual,9.0,6.0,9.0,9.0,0
SKU080,2025-12-01,actual,13.0,5.0,13.0,13.0,0
SKU080,2025-12-08,actual,4.0,9.0,4.0,4.0,0
SKU080,2025-12-15,actual,3.0,8.0,3.0,3.0,0
SKU080,2025-12-22,actual,14.0,11.0,14.0,14.0,0
SKU080,2025-12-29,actual,3.0,9.0,3.0,3.0,0
SKU080,2026-01-05,actual,4.0,5.0,4.0,4.0,0
SKU080,2026-01-12,actual,5.0,7.0,5.0,5.0,0
SKU080,2026-01-19,actual,7.0,11.0,7.0,7.0,0
SKU080,2026-01-26,actual,12.0,4.0,12.0,12.0,0
SKU080,2026-02-02,actual,4.0,6.0,4.0,4.0,0
SKU080,2026-02-09,actual,18.0,13.0,18.0,18.0,0
SKU080,2026-02-16,actual,2.0,5.0,2.0,2.0,0
SKU080,2026-02-23,actual,8.0,9.0,8.0,8.0,0
SKU080,2026-03-02,actual,8.0,8.0,8.0,8.0,0
SKU080,2026-03-09,actual,5.0,10.0,5.0,5.0,0
SKU080,2026-03-16,actual,7.0,12.0,7.0,7.0,0
SKU080,2026-03-23,actual,11.0,12.0,11.0,11.0,0
SKU080,2026-03-30,actual,11.0,6.0,11.0,11.0,0
SKU080,2026-04-06,actual,8.0,12.0,8.0,8.0,0
SKU080,2026-04-13,actual,9.0,10.0,9.0,9.0,0
SKU080,2026-04-20,actual,11.0,14.0,11.0,11.0,0
SKU080,2026-04-27,actual,17.0,20.0,17.0,17.0,0
SKU080,2026-05-04,actual,17.0,12.0,17.0,17.0,0
SKU080,2026-05-11,actual,11.0,12.0,11.0,11.0,0
SKU080,2026-05-18,actual,11.0,10.0,11.0,11.0,0
SKU080,2026-05-25,actual,12.0,11.0,12.0,12.0,0
SKU080,2026-06-01,actual,19.0,8.0,19.0,19.0,0
SKU080,2026-06-08,actual,18.0,16.0,18.0,18.0,0
SKU080,2026-06-15,actual,5.0,20.0,5.0,5.0,0
SKU081,2024-06-17,actual,3.0,0.0,3.0,3.0,0
SKU081,2024-06-24,actual,11.0,3.0,11.0,11.0,0
SKU081,2024-07-01,actual,15.0,7.0,15.0,15.0,0
SKU081,2024-07-08,actual,7.0,9.666666666666666,7.0,7.0,0
SKU081,2024-07-15,actual,9.0,9.0,9.0,9.0,0
SKU081,2024-07-22,actual,11.0,10.5,11.0,11.0,0
SKU081,2024-07-29,actual,15.0,10.5,15.0,15.0,0
SKU081,2024-08-05,actual,15.0,10.5,15.0,15.0,0
SKU081,2024-08-12,actual,24.0,12.5,24.0,24.0,0
SKU081,2024-08-19,actual,12.0,16.25,12.0,12.0,0
SKU081,2024-08-26,actual,10.0,16.5,10.0,10.0,0
SKU081,2024-09-02,actual,16.0,15.25,16.0,16.0,0
SKU081,2024-09-09,actual,16.0,15.5,16.0,16.0,0
SKU081,2024-09-16,actual,16.0,13.5,16.0,16.0,0
SKU081,2024-09-23,actual,19.0,14.5,19.0,19.0,0
SKU081,2024-09-30,actual,28.0,16.75,28.0,28.0,0
SKU081,2024-10-07,actual,23.0,19.75,23.0,23.0,0
SKU081,2024-10-14,actual,15.0,21.5,15.0,15.0,0
SKU081,2024-10-21,actual,36.0,21.25,36.0,36.0,0
SKU081,2024-10-28,actual,12.0,25.5,12.0,12.0,0
SKU081,2024-11-04,actual,19.0,21.5,19.0,19.0,0
SKU081,2024-11-11,actual,16.0,20.5,16.0,16.0,0
SKU081,2024-11-18,actual,25.0,20.75,25.0,25.0,0
SKU081,2024-11-25,actual,26.0,18.0,26.0,26.0,0
SKU081,2024-12-02,actual,22.0,21.5,22.0,22.0,0
SKU081,2024-12-09,actual,20.0,22.25,20.0,20.0,0
SKU081,2024-12-16,actual,17.0,23.25,17.0,17.0,0
SKU081,2024-12-23,actual,30.0,21.25,30.0,30.0,0
SKU081,2024-12-30,actual,16.0,22.25,16.0,16.0,0
SKU081,2025-01-06,actual,22.0,20.75,22.0,22.0,0
SKU081,2025-01-13,actual,14.0,21.25,14.0,14.0,0
SKU081,2025-01-20,actual,28.0,20.5,28.0,28.0,0
SKU081,2025-01-27,actual,21.0,20.0,21.0,21.0,0
SKU081,2025-02-03,actual,19.0,21.25,19.0,19.0,0
SKU081,2025-02-10,actual,12.0,20.5,12.0,12.0,0
SKU081,2025-02-17,actual,16.0,20.0,16.0,16.0,0
SKU081,2025-02-24,actual,11.0,17.0,11.0,11.0,0
SKU081,2025-03-03,actual,11.0,14.5,11.0,11.0,0
SKU081,2025-03-10,actual,16.0,12.5,16.0,16.0,0
SKU081,2025-03-17,actual,11.0,13.5,11.0,11.0,0
SKU081,2025-03-24,actual,14.0,12.25,14.0,14.0,0
SKU081,2025-03-31,actual,18.0,13.0,18.0,18.0,0
SKU081,2025-04-07,actual,14.0,14.75,14.0,14.0,0
SKU081,2025-04-14,actual,13.0,14.25,13.0,13.0,0
SKU081,2025-04-21,actual,19.0,14.75,19.0,19.0,0
SKU081,2025-04-28,actual,20.0,16.0,20.0,20.0,0
SKU081,2025-05-05,actual,14.0,16.5,14.0,14.0,0
SKU081,2025-05-12,actual,13.0,16.5,13.0,13.0,0
SKU081,2025-05-19,actual,8.0,16.5,8.0,8.0,0
SKU081,2025-05-26,actual,9.0,13.75,9.0,9.0,0
SKU081,2025-06-02,actual,8.0,11.0,8.0,8.0,0
SKU081,2025-06-09,actual,14.0,9.5,14.0,14.0,0
SKU081,2025-06-16,actual,11.0,3.0,11.0,11.0,0
SKU081,2025-06-23,actual,10.0,11.0,10.0,10.0,0
SKU081,2025-06-30,actual,8.0,15.0,8.0,8.0,0
SKU081,2025-07-07,actual,9.0,7.0,9.0,9.0,0
SKU081,2025-07-14,actual,10.0,9.0,10.0,10.0,0
SKU081,2025-07-21,actual,11.0,11.0,11.0,11.0,0
SKU081,2025-07-28,actual,11.0,15.0,11.0,11.0,0
SKU081,2025-08-04,actual,15.0,15.0,15.0,15.0,0
SKU081,2025-08-11,actual,19.0,24.0,19.0,19.0,0
SKU081,2025-08-18,actual,14.0,12.0,14.0,14.0,0
SKU081,2025-08-25,actual,16.0,10.0,16.0,16.0,0
SKU081,2025-09-01,actual,17.0,16.0,17.0,17.0,0
SKU081,2025-09-08,actual,14.0,16.0,14.0,14.0,0
SKU081,2025-09-15,actual,12.0,16.0,12.0,12.0,0
SKU081,2025-09-22,actual,27.0,19.0,27.0,27.0,0
SKU081,2025-09-29,actual,15.0,28.0,15.0,15.0,0
SKU081,2025-10-06,actual,18.0,23.0,18.0,18.0,0
SKU081,2025-10-13,actual,25.0,15.0,25.0,25.0,0
SKU081,2025-10-20,actual,31.0,36.0,31.0,31.0,0
SKU081,2025-10-27,actual,22.0,12.0,22.0,22.0,0
SKU081,2025-11-03,actual,11.0,19.0,11.0,11.0,0
SKU081,2025-11-10,actual,14.0,16.0,14.0,14.0,0
SKU081,2025-11-17,actual,18.0,25.0,18.0,18.0,0
SKU081,2025-11-24,actual,25.0,26.0,25.0,25.0,0
SKU081,2025-12-01,actual,18.0,22.0,18.0,18.0,0
SKU081,2025-12-08,actual,17.0,20.0,17.0,17.0,0
SKU081,2025-12-15,actual,22.0,17.0,22.0,22.0,0
SKU081,2025-12-22,actual,32.0,30.0,32.0,32.0,0
SKU081,2025-12-29,actual,17.0,16.0,17.0,17.0,0
SKU081,2026-01-05,actual,14.0,22.0,14.0,14.0,0
SKU081,2026-01-12,actual,20.0,14.0,20.0,20.0,0
SKU081,2026-01-19,actual,23.0,28.0,23.0,23.0,0
SKU081,2026-01-26,actual,20.0,21.0,20.0,20.0,0
SKU081,2026-02-02,actual,12.0,19.0,12.0,12.0,0
SKU081,2026-02-09,actual,23.0,12.0,23.0,23.0,0
SKU081,2026-02-16,actual,23.0,16.0,23.0,23.0,0
SKU081,2026-02-23,actual,8.0,11.0,8.0,8.0,0
SKU081,2026-03-02,actual,13.0,11.0,13.0,13.0,0
SKU081,2026-03-09,actual,21.0,16.0,21.0,21.0,0
SKU081,2026-03-16,actual,12.0,11.0,12.0,12.0,0
SKU081,2026-03-23,actual,20.0,14.0,20.0,20.0,0
SKU081,2026-03-30,actual,11.0,18.0,11.0,11.0,0
SKU081,2026-04-06,actual,13.0,14.0,13.0,13.0,0
SKU081,2026-04-13,actual,11.0,13.0,11.0,11.0,0
SKU081,2026-04-20,actual,11.0,19.0,11.0,11.0,0
SKU081,2026-04-27,actual,19.0,20.0,19.0,19.0,0
SKU081,2026-05-04,actual,14.0,14.0,14.0,14.0,0
SKU081,2026-05-11,actual,7.0,13.0,7.0,7.0,0
SKU081,2026-05-18,actual,12.0,8.0,12.0,12.0,0
SKU081,2026-05-25,actual,4.0,9.0,4.0,4.0,0
SKU081,2026-06-01,actual,8.0,8.0,8.0,8.0,0
SKU081,2026-06-08,actual,13.0,14.0,13.0,13.0,0
SKU081,2026-06-15,actual,14.0,11.0,14.0,14.0,0
SKU082,2024-08-05,actual,3.0,0.0,3.0,3.0,0
SKU082,2024-08-12,actual,21.0,3.0,21.0,21.0,0
SKU082,2024-08-19,actual,13.0,12.0,13.0,13.0,0
SKU082,2024-08-26,actual,16.0,12.333333333333334,16.0,16.0,0
SKU082,2024-09-02,actual,19.0,13.25,19.0,19.0,0
SKU082,2024-09-09,actual,19.0,17.25,19.0,19.0,0
SKU082,2024-09-16,actual,19.0,16.75,19.0,19.0,0
SKU082,2024-09-23,actual,17.0,18.25,17.0,17.0,0
SKU082,2024-09-30,actual,15.0,18.5,15.0,15.0,0
SKU082,2024-10-07,actual,16.0,17.5,16.0,16.0,0
SKU082,2024-10-14,actual,18.0,16.75,18.0,18.0,0
SKU082,2024-10-21,actual,55.0,16.5,55.0,55.0,0
SKU082,2024-10-28,actual,24.0,26.0,24.0,24.0,0
SKU082,2024-11-04,actual,27.0,28.25,27.0,27.0,0
SKU082,2024-11-11,actual,18.0,31.0,18.0,18.0,0
SKU082,2024-11-18,actual,23.0,31.0,23.0,23.0,0
SKU082,2024-11-25,actual,14.0,23.0,14.0,14.0,0
SKU082,2024-12-02,actual,20.0,20.5,20.0,20.0,0
SKU082,2024-12-09,actual,28.0,18.75,28.0,28.0,0
SKU082,2024-12-16,actual,18.0,21.25,18.0,18.0,0
SKU082,2024-12-23,actual,36.0,20.0,36.0,36.0,0
SKU082,2024-12-30,actual,15.0,25.5,15.0,15.0,0
SKU082,2025-01-06,actual,24.0,24.25,24.0,24.0,0
SKU082,2025-01-13,actual,26.0,23.25,26.0,26.0,0
SKU082,2025-01-20,actual,34.0,25.25,34.0,34.0,0
SKU082,2025-01-27,actual,12.0,24.75,12.0,12.0,0
SKU082,2025-02-03,actual,22.0,24.0,22.0,22.0,0
SKU082,2025-02-10,actual,22.0,23.5,22.0,22.0,0
SKU082,2025-02-17,actual,12.0,22.5,12.0,12.0,0
SKU082,2025-02-24,actual,16.0,17.0,16.0,16.0,0
SKU082,2025-03-03,actual,12.0,18.0,12.0,12.0,0
SKU082,2025-03-10,actual,13.0,15.5,13.0,13.0,0
SKU082,2025-03-17,actual,16.0,13.25,16.0,16.0,0
SKU082,2025-03-24,actual,12.0,14.25,12.0,12.0,0
SKU082,2025-03-31,actual,16.0,13.25,16.0,16.0,0
SKU082,2025-04-07,actual,17.0,14.25,17.0,17.0,0
SKU082,2025-04-14,actual,10.0,15.25,10.0,10.0,0
SKU082,2025-04-21,actual,13.0,13.75,13.0,13.0,0
SKU082,2025-04-28,actual,25.0,14.0,25.0,25.0,0
SKU082,2025-05-05,actual,6.0,16.25,6.0,6.0,0
SKU082,2025-05-12,actual,9.0,13.5,9.0,9.0,0
SKU082,2025-05-19,actual,7.0,13.25,7.0,7.0,0
SKU082,2025-05-26,actual,11.0,11.75,11.0,11.0,0
SKU082,2025-06-02,actual,11.0,8.25,11.0,11.0,0
SKU082,2025-06-09,actual,14.0,9.5,14.0,14.0,0
SKU082,2025-06-16,actual,12.0,10.75,12.0,12.0,0
SKU082,2025-06-23,actual,11.0,12.0,11.0,11.0,0
SKU082,2025-06-30,actual,10.0,12.0,10.0,10.0,0
SKU082,2025-07-07,actual,16.0,11.75,16.0,16.0,0
SKU082,2025-07-14,actual,13.0,12.25,13.0,13.0,0
SKU082,2025-07-21,actual,19.0,12.5,19.0,19.0,0
SKU082,2025-07-28,actual,14.0,14.5,14.0,14.0,0
SKU082,2025-08-04,actual,24.0,3.0,24.0,24.0,0
SKU082,2025-08-11,actual,46.0,21.0,46.0,46.0,0
SKU082,2025-08-18,actual,15.0,13.0,15.0,15.0,0
SKU082,2025-08-25,actual,13.0,16.0,13.0,13.0,0
SKU082,2025-09-01,actual,18.0,19.0,18.0,18.0,0
SKU082,2025-09-08,actual,16.0,19.0,16.0,16.0,0
SKU082,2025-09-15,actual,19.0,19.0,19.0,19.0,0
SKU082,2025-09-22,actual,20.0,17.0,20.0,20.0,0
SKU082,2025-09-29,actual,22.0,15.0,22.0,22.0,0
SKU082,2025-10-06,actual,24.0,16.0,24.0,24.0,0
SKU082,2025-10-13,actual,18.0,18.0,18.0,18.0,0
SKU082,2025-10-20,actual,50.0,55.0,50.0,50.0,0
SKU082,2025-10-27,actual,22.0,24.0,22.0,22.0,0
SKU082,2025-11-03,actual,26.0,27.0,26.0,26.0,0
SKU082,2025-11-10,actual,32.0,18.0,32.0,32.0,0
SKU082,2025-11-17,actual,25.0,23.0,25.0,25.0,0
SKU082,2025-11-24,actual,19.0,14.0,19.0,19.0,0
SKU082,2025-12-01,actual,24.0,20.0,24.0,24.0,0
SKU082,2025-12-08,actual,29.0,28.0,29.0,29.0,0
SKU082,2025-12-15,actual,34.0,18.0,34.0,34.0,0
SKU082,2025-12-22,actual,42.0,36.0,42.0,42.0,0
SKU082,2025-12-29,actual,17.0,15.0,17.0,17.0,0
SKU082,2026-01-05,actual,20.0,24.0,20.0,20.0,0
SKU082,2026-01-12,actual,23.0,26.0,23.0,23.0,0
SKU082,2026-01-19,actual,24.0,34.0,24.0,24.0,0
SKU082,2026-01-26,actual,33.0,12.0,33.0,33.0,0
SKU082,2026-02-02,actual,21.0,22.0,21.0,21.0,0
SKU082,2026-02-09,actual,15.0,22.0,15.0,15.0,0
SKU082,2026-02-16,actual,17.0,12.0,17.0,17.0,0
SKU082,2026-02-23,actual,16.0,16.0,16.0,16.0,0
SKU082,2026-03-02,actual,11.0,12.0,11.0,11.0,0
SKU082,2026-03-09,actual,16.0,13.0,16.0,16.0,0
SKU082,2026-03-16,actual,23.0,16.0,23.0,23.0,0
SKU082,2026-03-23,actual,15.0,12.0,15.0,15.0,0
SKU082,2026-03-30,actual,15.0,16.0,15.0,15.0,0
SKU082,2026-04-06,actual,8.0,17.0,8.0,8.0,0
SKU082,2026-04-13,actual,19.0,10.0,19.0,19.0,0
SKU082,2026-04-20,actual,19.0,13.0,19.0,19.0,0
SKU082,2026-04-27,actual,18.0,25.0,18.0,18.0,0
SKU082,2026-05-04,actual,18.0,6.0,18.0,18.0,0
SKU082,2026-05-11,actual,13.0,9.0,13.0,13.0,0
SKU082,2026-05-18,actual,16.0,7.0,16.0,16.0,0
SKU082,2026-05-25,actual,11.0,11.0,11.0,11.0,0
SKU082,2026-06-01,actual,9.0,11.0,9.0,9.0,0
SKU082,2026-06-08,actual,17.0,14.0,17.0,17.0,0
SKU082,2026-06-15,actual,12.0,12.0,12.0,12.0,0
SKU083,2025-03-10,actual,4.0,0.0,4.0,4.0,0
SKU083,2025-03-17,actual,4.0,4.0,4.0,4.0,0
SKU083,2025-03-24,actual,5.0,4.0,5.0,5.0,0
SKU083,2025-03-31,actual,1.0,4.333333333333333,1.0,1.0,0
SKU083,2025-04-07,actual,5.0,3.5,5.0,5.0,0
SKU083,2025-04-14,actual,2.0,3.75,2.0,2.0,0
SKU083,2025-04-21,actual,5.0,3.25,5.0,5.0,0
SKU083,2025-04-28,actual,8.0,3.25,8.0,8.0,0
SKU083,2025-05-05,actual,5.0,5.0,5.0,5.0,0
SKU083,2025-05-12,actual,7.0,5.0,7.0,7.0,0
SKU083,2025-05-19,actual,6.0,6.25,6.0,6.0,0
SKU083,2025-05-26,actual,3.0,6.5,3.0,3.0,0
SKU083,2025-06-02,actual,3.0,5.25,3.0,3.0,0
SKU083,2025-06-09,actual,2.0,4.75,2.0,2.0,0
SKU083,2025-06-16,actual,2.0,3.5,2.0,2.0,0
SKU083,2025-06-23,actual,3.0,2.5,3.0,3.0,0
SKU083,2025-06-30,actual,3.0,2.5,3.0,3.0,0
SKU083,2025-07-07,actual,6.0,2.5,6.0,6.0,0
SKU083,2025-07-14,actual,2.0,3.5,2.0,2.0,0
SKU083,2025-07-21,actual,5.0,3.5,5.0,5.0,0
SKU083,2025-07-28,actual,5.0,4.0,5.0,5.0,0
SKU083,2025-08-04,actual,7.0,4.5,7.0,7.0,0
SKU083,2025-08-11,actual,6.0,4.75,6.0,6.0,0
SKU083,2025-08-18,actual,6.0,5.75,6.0,6.0,0
SKU083,2025-08-25,actual,2.0,6.0,2.0,2.0,0
SKU083,2025-09-01,actual,6.0,5.25,6.0,6.0,0
SKU083,2025-09-08,actual,7.0,5.0,7.0,7.0,0
SKU083,2025-09-15,actual,3.0,5.25,3.0,3.0,0
SKU083,2025-09-22,actual,3.0,4.5,3.0,3.0,0
SKU083,2025-09-29,actual,5.0,4.75,5.0,5.0,0
SKU083,2025-10-06,actual,7.0,4.5,7.0,7.0,0
SKU083,2025-10-13,actual,5.0,4.5,5.0,5.0,0
SKU083,2025-10-20,actual,22.0,5.0,22.0,22.0,0
SKU083,2025-10-27,actual,9.0,9.75,9.0,9.0,0
SKU083,2025-11-03,actual,3.0,10.75,3.0,3.0,0
SKU083,2025-11-10,actual,13.0,9.75,13.0,13.0,0
SKU083,2025-11-17,actual,5.0,11.75,5.0,5.0,0
SKU083,2025-11-24,actual,5.0,7.5,5.0,5.0,0
SKU083,2025-12-01,actual,12.0,6.5,12.0,12.0,0
SKU083,2025-12-08,actual,5.0,8.75,5.0,5.0,0
SKU083,2025-12-15,actual,2.0,6.75,2.0,2.0,0
SKU083,2025-12-22,actual,21.0,6.0,21.0,21.0,0
SKU083,2025-12-29,actual,6.0,10.0,6.0,6.0,0
SKU083,2026-01-05,actual,8.0,8.5,8.0,8.0,0
SKU083,2026-01-12,actual,5.0,9.25,5.0,5.0,0
SKU083,2026-01-19,actual,9.0,10.0,9.0,9.0,0
SKU083,2026-01-26,actual,9.0,7.0,9.0,9.0,0
SKU083,2026-02-02,actual,6.0,7.75,6.0,6.0,0
SKU083,2026-02-09,actual,1.0,7.25,1.0,1.0,0
SKU083,2026-02-16,actual,9.0,6.25,9.0,9.0,0
SKU083,2026-02-23,actual,7.0,6.25,7.0,7.0,0
SKU083,2026-03-02,actual,1.0,5.75,1.0,1.0,0
SKU083,2026-03-09,actual,4.0,4.0,4.0,4.0,0
SKU083,2026-03-16,actual,8.0,4.0,8.0,8.0,0
SKU083,2026-03-23,actual,4.0,5.0,4.0,4.0,0
SKU083,2026-03-30,actual,4.0,1.0,4.0,4.0,0
SKU083,2026-04-06,actual,4.0,5.0,4.0,4.0,0
SKU083,2026-04-13,actual,3.0,2.0,3.0,3.0,0
SKU083,2026-04-20,actual,4.0,5.0,4.0,4.0,0
SKU083,2026-04-27,actual,5.0,8.0,5.0,5.0,0
SKU083,2026-05-04,actual,7.0,5.0,7.0,7.0,0
SKU083,2026-05-11,actual,3.0,7.0,3.0,3.0,0
SKU083,2026-05-18,actual,2.0,6.0,2.0,2.0,0
SKU083,2026-05-25,actual,1.0,3.0,1.0,1.0,0
SKU083,2026-06-01,actual,2.0,3.0,2.0,2.0,0
SKU083,2026-06-08,actual,2.0,2.0,2.0,2.0,0
SKU083,2026-06-15,actual,3.0,2.0,3.0,3.0,0
SKU084,2025-02-24,actual,4.0,0.0,4.0,4.0,0
SKU084,2025-03-03,actual,35.0,4.0,35.0,35.0,0
SKU084,2025-03-10,actual,36.0,19.5,36.0,36.0,0
SKU084,2025-03-17,actual,38.0,25.0,38.0,38.0,0
SKU084,2025-03-24,actual,37.0,28.25,37.0,37.0,0
SKU084,2025-03-31,actual,40.0,36.5,40.0,40.0,0
SKU084,2025-04-07,actual,42.0,37.75,42.0,42.0,0
SKU084,2025-04-14,actual,29.0,39.25,29.0,29.0,0
SKU084,2025-04-21,actual,33.0,37.0,33.0,33.0,0
SKU084,2025-04-28,actual,35.0,36.0,35.0,35.0,0
SKU084,2025-05-05,actual,35.0,34.75,35.0,35.0,0
SKU084,2025-05-12,actual,31.0,33.0,31.0,31.0,0
SKU084,2025-05-19,actual,25.0,33.5,25.0,25.0,0
SKU084,2025-05-26,actual,27.0,31.5,27.0,27.0,0
SKU084,2025-06-02,actual,25.0,29.5,25.0,25.0,0
SKU084,2025-06-09,actual,20.0,27.0,20.0,20.0,0
SKU084,2025-06-16,actual,16.0,24.25,16.0,16.0,0
SKU084,2025-06-23,actual,23.0,22.0,23.0,23.0,0
SKU084,2025-06-30,actual,28.0,21.0,28.0,28.0,0
SKU084,2025-07-07,actual,19.0,21.75,19.0,19.0,0
SKU084,2025-07-14,actual,20.0,21.5,20.0,20.0,0
SKU084,2025-07-21,actual,27.0,22.5,27.0,27.0,0
SKU084,2025-07-28,actual,24.0,23.5,24.0,24.0,0
SKU084,2025-08-04,actual,30.0,22.5,30.0,30.0,0
SKU084,2025-08-11,actual,46.0,25.25,46.0,46.0,0
SKU084,2025-08-18,actual,26.0,31.75,26.0,26.0,0
SKU084,2025-08-25,actual,24.0,31.5,24.0,24.0,0
SKU084,2025-09-01,actual,29.0,31.5,29.0,29.0,0
SKU084,2025-09-08,actual,33.0,31.25,33.0,33.0,0
SKU084,2025-09-15,actual,37.0,28.0,37.0,37.0,0
SKU084,2025-09-22,actual,22.0,30.75,22.0,22.0,0
SKU084,2025-09-29,actual,34.0,30.25,34.0,34.0,0
SKU084,2025-10-06,actual,25.0,31.5,25.0,25.0,0
SKU084,2025-10-13,actual,29.0,29.5,29.0,29.0,0
SKU084,2025-10-20,actual,60.0,27.5,60.0,60.0,0
SKU084,2025-10-27,actual,26.0,37.0,26.0,26.0,0
SKU084,2025-11-03,actual,43.0,35.0,43.0,43.0,0
SKU084,2025-11-10,actual,43.0,39.5,43.0,43.0,0
SKU084,2025-11-17,actual,34.0,43.0,34.0,34.0,0
SKU084,2025-11-24,actual,40.0,36.5,40.0,40.0,0
SKU084,2025-12-01,actual,45.0,40.0,45.0,45.0,0
SKU084,2025-12-08,actual,41.0,40.5,41.0,41.0,0
SKU084,2025-12-15,actual,42.0,40.0,42.0,42.0,0
SKU084,2025-12-22,actual,58.0,42.0,58.0,58.0,0
SKU084,2025-12-29,actual,48.0,46.5,48.0,48.0,0
SKU084,2026-01-05,actual,51.0,47.25,51.0,51.0,0
SKU084,2026-01-12,actual,38.0,49.75,38.0,38.0,0
SKU084,2026-01-19,actual,46.0,48.75,46.0,46.0,0
SKU084,2026-01-26,actual,51.0,45.75,51.0,51.0,0
SKU084,2026-02-02,actual,37.0,46.5,37.0,37.0,0
SKU084,2026-02-09,actual,28.0,43.0,28.0,28.0,0
SKU084,2026-02-16,actual,32.0,40.5,32.0,32.0,0
SKU084,2026-02-23,actual,28.0,4.0,28.0,28.0,0
SKU084,2026-03-02,actual,35.0,35.0,35.0,35.0,0
SKU084,2026-03-09,actual,37.0,36.0,37.0,37.0,0
SKU084,2026-03-16,actual,36.0,38.0,36.0,36.0,0
SKU084,2026-03-23,actual,30.0,37.0,30.0,30.0,0
SKU084,2026-03-30,actual,29.0,40.0,29.0,29.0,0
SKU084,2026-04-06,actual,36.0,42.0,36.0,36.0,0
SKU084,2026-04-13,actual,35.0,29.0,35.0,35.0,0
SKU084,2026-04-20,actual,33.0,33.0,33.0,33.0,0
SKU084,2026-04-27,actual,28.0,35.0,28.0,28.0,0
SKU084,2026-05-04,actual,45.0,35.0,45.0,45.0,0
SKU084,2026-05-11,actual,22.0,31.0,22.0,22.0,0
SKU084,2026-05-18,actual,23.0,25.0,23.0,23.0,0
SKU084,2026-05-25,actual,25.0,27.0,25.0,25.0,0
SKU084,2026-06-01,actual,20.0,25.0,20.0,20.0,0
SKU084,2026-06-08,actual,12.0,20.0,12.0,12.0,0
SKU084,2026-06-15,actual,15.0,16.0,15.0,15.0,0
SKU085,2024-05-27,actual,12.0,0.0,12.0,12.0,0
SKU085,2024-06-03,actual,27.0,12.0,27.0,27.0,0
SKU085,2024-06-10,actual,23.0,19.5,23.0,23.0,0
SKU085,2024-06-17,actual,20.0,20.666666666666668,20.0,20.0,0
SKU085,2024-06-24,actual,24.0,20.5,24.0,24.0,0
SKU085,2024-07-01,actual,24.0,23.5,24.0,24.0,0
SKU085,2024-07-08,actual,31.0,22.75,31.0,31.0,0
SKU085,2024-07-15,actual,19.0,24.75,19.0,19.0,0
SKU085,2024-07-22,actual,15.0,24.5,15.0,15.0,0
SKU085,2024-07-29,actual,14.0,22.25,14.0,14.0,0
SKU085,2024-08-05,actual,21.0,19.75,21.0,21.0,0
SKU085,2024-08-12,actual,44.0,17.25,44.0,44.0,0
SKU085,2024-08-19,actual,19.0,23.5,19.0,19.0,0
SKU085,2024-08-26,actual,20.0,24.5,20.0,20.0,0
SKU085,2024-09-02,actual,27.0,26.0,27.0,27.0,0
SKU085,2024-09-09,actual,21.0,27.5,21.0,21.0,0
SKU085,2024-09-16,actual,24.0,21.75,24.0,24.0,0
SKU085,2024-09-23,actual,21.0,23.0,21.0,21.0,0
SKU085,2024-09-30,actual,20.0,23.25,20.0,20.0,0
SKU085,2024-10-07,actual,17.0,21.5,17.0,17.0,0
SKU085,2024-10-14,actual,34.0,20.5,34.0,34.0,0
SKU085,2024-10-21,actual,63.0,23.0,63.0,63.0,0
SKU085,2024-10-28,actual,20.0,33.5,20.0,20.0,0
SKU085,2024-11-04,actual,25.0,33.5,25.0,25.0,0
SKU085,2024-11-11,actual,13.0,35.5,13.0,13.0,0
SKU085,2024-11-18,actual,17.0,30.25,17.0,17.0,0
SKU085,2024-11-25,actual,21.0,18.75,21.0,21.0,0
SKU085,2024-12-02,actual,28.0,19.0,28.0,28.0,0
SKU085,2024-12-09,actual,29.0,19.75,29.0,29.0,0
SKU085,2024-12-16,actual,33.0,23.75,33.0,33.0,0
SKU085,2024-12-23,actual,58.0,27.75,58.0,58.0,0
SKU085,2024-12-30,actual,33.0,37.0,33.0,33.0,0
SKU085,2025-01-06,actual,35.0,38.25,35.0,35.0,0
SKU085,2025-01-13,actual,16.0,39.75,16.0,16.0,0
SKU085,2025-01-20,actual,47.0,35.5,47.0,47.0,0
SKU085,2025-01-27,actual,33.0,32.75,33.0,33.0,0
SKU085,2025-02-03,actual,43.0,32.75,43.0,43.0,0
SKU085,2025-02-10,actual,40.0,34.75,40.0,40.0,0
SKU085,2025-02-17,actual,30.0,40.75,30.0,30.0,0
SKU085,2025-02-24,actual,45.0,36.5,45.0,45.0,0
SKU085,2025-03-03,actual,39.0,39.5,39.0,39.0,0
SKU085,2025-03-10,actual,38.0,38.5,38.0,38.0,0
SKU085,2025-03-17,actual,32.0,38.0,32.0,32.0,0
SKU085,2025-03-24,actual,40.0,38.5,40.0,40.0,0
SKU085,2025-03-31,actual,32.0,37.25,32.0,32.0,0
SKU085,2025-04-07,actual,37.0,35.5,37.0,37.0,0
SKU085,2025-04-14,actual,40.0,35.25,40.0,40.0,0
SKU085,2025-04-21,actual,37.0,37.25,37.0,37.0,0
SKU085,2025-04-28,actual,66.0,36.5,66.0,66.0,0
SKU085,2025-05-05,actual,35.0,45.0,35.0,35.0,0
SKU085,2025-05-12,actual,33.0,44.5,33.0,33.0,0
SKU085,2025-05-19,actual,32.0,42.75,32.0,32.0,0
SKU085,2025-05-26,actual,22.0,12.0,22.0,22.0,0
SKU085,2025-06-02,actual,33.0,27.0,33.0,33.0,0
SKU085,2025-06-09,actual,27.0,23.0,27.0,27.0,0
SKU085,2025-06-16,actual,21.0,20.0,21.0,21.0,0
SKU085,2025-06-23,actual,29.0,24.0,29.0,29.0,0
SKU085,2025-06-30,actual,28.0,24.0,28.0,28.0,0
SKU085,2025-07-07,actual,20.0,31.0,20.0,20.0,0
SKU085,2025-07-14,actual,17.0,19.0,17.0,17.0,0
SKU085,2025-07-21,actual,31.0,15.0,31.0,31.0,0
SKU085,2025-07-28,actual,26.0,14.0,26.0,26.0,0
SKU085,2025-08-04,actual,25.0,21.0,25.0,25.0,0
SKU085,2025-08-11,actual,53.0,44.0,53.0,53.0,0
SKU085,2025-08-18,actual,15.0,19.0,15.0,15.0,0
SKU085,2025-08-25,actual,21.0,20.0,21.0,21.0,0
SKU085,2025-09-01,actual,16.0,27.0,16.0,16.0,0
SKU085,2025-09-08,actual,19.0,21.0,19.0,19.0,0
SKU085,2025-09-15,actual,20.0,24.0,20.0,20.0,0
SKU085,2025-09-22,actual,30.0,21.0,30.0,30.0,0
SKU085,2025-09-29,actual,23.0,20.0,23.0,23.0,0
SKU085,2025-10-06,actual,20.0,17.0,20.0,20.0,0
SKU085,2025-10-13,actual,26.0,34.0,26.0,26.0,0
SKU085,2025-10-20,actual,50.0,63.0,50.0,50.0,0
SKU085,2025-10-27,actual,12.0,20.0,12.0,12.0,0
SKU085,2025-11-03,actual,18.0,25.0,18.0,18.0,0
SKU085,2025-11-10,actual,20.0,13.0,20.0,20.0,0
SKU085,2025-11-17,actual,23.0,17.0,23.0,23.0,0
SKU085,2025-11-24,actual,19.0,21.0,19.0,19.0,0
SKU085,2025-12-01,actual,17.0,28.0,17.0,17.0,0
SKU085,2025-12-08,actual,20.0,29.0,20.0,20.0,0
SKU085,2025-12-15,actual,34.0,33.0,34.0,34.0,0
SKU085,2025-12-22,actual,61.0,58.0,61.0,61.0,0
SKU085,2025-12-29,actual,19.0,33.0,19.0,19.0,0
SKU085,2026-01-05,actual,28.0,35.0,28.0,28.0,0
SKU085,2026-01-12,actual,27.0,16.0,27.0,27.0,0
SKU085,2026-01-19,actual,44.0,47.0,44.0,44.0,0
SKU085,2026-01-26,actual,63.0,33.0,63.0,63.0,0
SKU085,2026-02-02,actual,36.0,43.0,36.0,36.0,0
SKU085,2026-02-09,actual,38.0,40.0,38.0,38.0,0
SKU085,2026-02-16,actual,31.0,30.0,31.0,31.0,0
SKU085,2026-02-23,actual,37.0,45.0,37.0,37.0,0
SKU085,2026-03-02,actual,24.0,39.0,24.0,24.0,0
SKU085,2026-03-09,actual,42.0,38.0,42.0,42.0,0
SKU085,2026-03-16,actual,41.0,32.0,41.0,41.0,0
SKU085,2026-03-23,actual,42.0,40.0,42.0,42.0,0
SKU085,2026-03-30,actual,35.0,32.0,35.0,35.0,0
SKU085,2026-04-06,actual,22.0,37.0,22.0,22.0,0
SKU085,2026-04-13,actual,26.0,40.0,26.0,26.0,0
SKU085,2026-04-20,actual,32.0,37.0,32.0,32.0,0
SKU085,2026-04-27,actual,59.0,66.0,59.0,59.0,0
SKU085,2026-05-04,actual,47.0,35.0,47.0,47.0,0
SKU085,2026-05-11,actual,33.0,33.0,33.0,33.0,0
SKU085,2026-05-18,actual,34.0,32.0,34.0,34.0,0
SKU085,2026-05-25,actual,37.0,22.0,37.0,37.0,0
SKU085,2026-06-01,actual,35.0,33.0,35.0,35.0,0
SKU085,2026-06-08,actual,30.0,27.0,30.0,30.0,0
SKU085,2026-06-15,actual,28.0,21.0,28.0,28.0,0
SKU086,2024-05-27,actual,5.0,0.0,5.0,5.0,0
SKU086,2024-06-03,actual,26.0,5.0,26.0,26.0,0
SKU086,2024-06-10,actual,22.0,15.5,22.0,22.0,0
SKU086,2024-06-17,actual,22.0,17.666666666666668,22.0,22.0,0
SKU086,2024-06-24,actual,25.0,18.75,25.0,25.0,0
SKU086,2024-07-01,actual,22.0,23.75,22.0,22.0,0
SKU086,2024-07-08,actual,22.0,22.75,22.0,22.0,0
SKU086,2024-07-15,actual,22.0,22.75,22.0,22.0,0
SKU086,2024-07-22,actual,23.0,22.75,23.0,23.0,0
SKU086,2024-07-29,actual,26.0,22.25,26.0,26.0,0
SKU086,2024-08-05,actual,21.0,23.25,21.0,21.0,0
SKU086,2024-08-12,actual,41.0,23.0,41.0,41.0,0
SKU086,2024-08-19,actual,22.0,27.75,22.0,22.0,0
SKU086,2024-08-26,actual,18.0,27.5,18.0,18.0,0
SKU086,2024-09-02,actual,27.0,25.5,27.0,27.0,0
SKU086,2024-09-09,actual,28.0,27.0,28.0,28.0,0
SKU086,2024-09-16,actual,18.0,23.75,18.0,18.0,0
SKU086,2024-09-23,actual,19.0,22.75,19.0,19.0,0
SKU086,2024-09-30,actual,27.0,23.0,27.0,27.0,0
SKU086,2024-10-07,actual,22.0,23.0,22.0,22.0,0
SKU086,2024-10-14,actual,26.0,21.5,26.0,26.0,0
SKU086,2024-10-21,actual,33.0,23.5,33.0,33.0,0
SKU086,2024-10-28,actual,23.0,27.0,23.0,23.0,0
SKU086,2024-11-04,actual,15.0,26.0,15.0,15.0,0
SKU086,2024-11-11,actual,22.0,24.25,22.0,22.0,0
SKU086,2024-11-18,actual,22.0,23.25,22.0,22.0,0
SKU086,2024-11-25,actual,12.0,20.5,12.0,12.0,0
SKU086,2024-12-02,actual,14.0,17.75,14.0,14.0,0
SKU086,2024-12-09,actual,21.0,17.5,21.0,21.0,0
SKU086,2024-12-16,actual,18.0,17.25,18.0,18.0,0
SKU086,2024-12-23,actual,28.0,16.25,28.0,28.0,0
SKU086,2024-12-30,actual,12.0,20.25,12.0,12.0,0
SKU086,2025-01-06,actual,10.0,19.75,10.0,10.0,0
SKU086,2025-01-13,actual,11.0,17.0,11.0,11.0,0
SKU086,2025-01-20,actual,27.0,15.25,27.0,27.0,0
SKU086,2025-01-27,actual,16.0,15.0,16.0,16.0,0
SKU086,2025-02-03,actual,8.0,16.0,8.0,8.0,0
SKU086,2025-02-10,actual,10.0,15.5,10.0,10.0,0
SKU086,2025-02-17,actual,10.0,15.25,10.0,10.0,0
SKU086,2025-02-24,actual,8.0,11.0,8.0,8.0,0
SKU086,2025-03-03,actual,15.0,9.0,15.0,15.0,0
SKU086,2025-03-10,actual,9.0,10.75,9.0,9.0,0
SKU086,2025-03-17,actual,15.0,10.5,15.0,15.0,0
SKU086,2025-03-24,actual,8.0,11.75,8.0,8.0,0
SKU086,2025-03-31,actual,13.0,11.75,13.0,13.0,0
SKU086,2025-04-07,actual,11.0,11.25,11.0,11.0,0
SKU086,2025-04-14,actual,17.0,11.75,17.0,17.0,0
SKU086,2025-04-21,actual,13.0,12.25,13.0,13.0,0
SKU086,2025-04-28,actual,17.0,13.5,17.0,17.0,0
SKU086,2025-05-05,actual,16.0,14.5,16.0,16.0,0
SKU086,2025-05-12,actual,13.0,15.75,13.0,13.0,0
SKU086,2025-05-19,actual,9.0,14.75,9.0,9.0,0
SKU086,2025-05-26,actual,31.0,5.0,31.0,31.0,0
SKU086,2025-06-02,actual,22.0,26.0,22.0,22.0,0
SKU086,2025-06-09,actual,21.0,22.0,21.0,21.0,0
SKU086,2025-06-16,actual,16.0,22.0,16.0,16.0,0
SKU086,2025-06-23,actual,20.0,25.0,20.0,20.0,0
SKU086,2025-06-30,actual,20.0,22.0,20.0,20.0,0
SKU086,2025-07-07,actual,28.0,22.0,28.0,28.0,0
SKU086,2025-07-14,actual,27.0,22.0,27.0,27.0,0
SKU086,2025-07-21,actual,22.0,23.0,22.0,22.0,0
SKU086,2025-07-28,actual,23.0,26.0,23.0,23.0,0
SKU086,2025-08-04,actual,21.0,21.0,21.0,21.0,0
SKU086,2025-08-11,actual,35.0,41.0,35.0,35.0,0
SKU086,2025-08-18,actual,25.0,22.0,25.0,25.0,0
SKU086,2025-08-25,actual,29.0,18.0,29.0,29.0,0
SKU086,2025-09-01,actual,23.0,27.0,23.0,23.0,0
SKU086,2025-09-08,actual,24.0,28.0,24.0,24.0,0
SKU086,2025-09-15,actual,15.0,18.0,15.0,15.0,0
SKU086,2025-09-22,actual,25.0,19.0,25.0,25.0,0
SKU086,2025-09-29,actual,27.0,27.0,27.0,27.0,0
SKU086,2025-10-06,actual,25.0,22.0,25.0,25.0,0
SKU086,2025-10-13,actual,19.0,26.0,19.0,19.0,0
SKU086,2025-10-20,actual,56.0,33.0,56.0,56.0,0
SKU086,2025-10-27,actual,24.0,23.0,24.0,24.0,0
SKU086,2025-11-03,actual,26.0,15.0,26.0,26.0,0
SKU086,2025-11-10,actual,21.0,22.0,21.0,21.0,0
SKU086,2025-11-17,actual,21.0,22.0,21.0,21.0,0
SKU086,2025-11-24,actual,20.0,12.0,20.0,20.0,0
SKU086,2025-12-01,actual,15.0,14.0,15.0,15.0,0
SKU086,2025-12-08,actual,16.0,21.0,16.0,16.0,0
SKU086,2025-12-15,actual,20.0,18.0,20.0,20.0,0
SKU086,2025-12-22,actual,27.0,28.0,27.0,27.0,0
SKU086,2025-12-29,actual,23.0,12.0,23.0,23.0,0
SKU086,2026-01-05,actual,15.0,10.0,15.0,15.0,0
SKU086,2026-01-12,actual,13.0,11.0,13.0,13.0,0
SKU086,2026-01-19,actual,18.0,27.0,18.0,18.0,0
SKU086,2026-01-26,actual,13.0,16.0,13.0,13.0,0
SKU086,2026-02-02,actual,18.0,8.0,18.0,18.0,0
SKU086,2026-02-09,actual,22.0,10.0,22.0,22.0,0
SKU086,2026-02-16,actual,19.0,10.0,19.0,19.0,0
SKU086,2026-02-23,actual,8.0,8.0,8.0,8.0,0
SKU086,2026-03-02,actual,13.0,15.0,13.0,13.0,0
SKU086,2026-03-09,actual,18.0,9.0,18.0,18.0,0
SKU086,2026-03-16,actual,9.0,15.0,9.0,9.0,0
SKU086,2026-03-23,actual,9.0,8.0,9.0,9.0,0
SKU086,2026-03-30,actual,13.0,13.0,13.0,13.0,0
SKU086,2026-04-06,actual,16.0,11.0,16.0,16.0,0
SKU086,2026-04-13,actual,24.0,17.0,24.0,24.0,0
SKU086,2026-04-20,actual,14.0,13.0,14.0,14.0,0
SKU086,2026-04-27,actual,27.0,17.0,27.0,27.0,0
SKU086,2026-05-04,actual,20.0,16.0,20.0,20.0,0
SKU086,2026-05-11,actual,13.0,13.0,13.0,13.0,0
SKU086,2026-05-18,actual,26.0,9.0,26.0,26.0,0
SKU086,2026-05-25,actual,23.0,31.0,23.0,23.0,0
SKU086,2026-06-01,actual,19.0,22.0,19.0,19.0,0
SKU086,2026-06-08,actual,19.0,21.0,19.0,19.0,0
SKU086,2026-06-15,actual,22.0,16.0,22.0,22.0,0
SKU087,2025-07-28,actual,7.0,0.0,7.0,7.0,0
SKU087,2025-08-04,actual,11.0,7.0,11.0,11.0,0
SKU087,2025-08-11,actual,47.0,9.0,47.0,47.0,0
SKU087,2025-08-18,actual,25.0,21.666666666666668,25.0,25.0,0
SKU087,2025-08-25,actual,29.0,22.5,29.0,29.0,0
SKU087,2025-09-01,actual,20.0,28.0,20.0,20.0,0
SKU087,2025-09-08,actual,26.0,30.25,26.0,26.0,0
SKU087,2025-09-15,actual,22.0,25.0,22.0,22.0,0
SKU087,2025-09-22,actual,15.0,24.25,15.0,15.0,0
SKU087,2025-09-29,actual,19.0,20.75,19.0,19.0,0
SKU087,2025-10-06,actual,19.0,20.5,19.0,19.0,0
SKU087,2025-10-13,actual,27.0,18.75,27.0,27.0,0
SKU087,2025-10-20,actual,43.0,20.0,43.0,43.0,0
SKU087,2025-10-27,actual,15.0,27.0,15.0,15.0,0
SKU087,2025-11-03,actual,20.0,26.0,20.0,20.0,0
SKU087,2025-11-10,actual,23.0,26.25,23.0,23.0,0
SKU087,2025-11-17,actual,21.0,25.25,21.0,21.0,0
SKU087,2025-11-24,actual,16.0,19.75,16.0,16.0,0
SKU087,2025-12-01,actual,8.0,20.0,8.0,8.0,0
SKU087,2025-12-08,actual,14.0,17.0,14.0,14.0,0
SKU087,2025-12-15,actual,11.0,14.75,11.0,11.0,0
SKU087,2025-12-22,actual,23.0,12.25,23.0,23.0,0
SKU087,2025-12-29,actual,12.0,14.0,12.0,12.0,0
SKU087,2026-01-05,actual,12.0,15.0,12.0,12.0,0
SKU087,2026-01-12,actual,15.0,14.5,15.0,15.0,0
SKU087,2026-01-19,actual,22.0,15.5,22.0,22.0,0
SKU087,2026-01-26,actual,21.0,15.25,21.0,21.0,0
SKU087,2026-02-02,actual,15.0,17.5,15.0,15.0,0
SKU087,2026-02-09,actual,8.0,18.25,8.0,8.0,0
SKU087,2026-02-16,actual,12.0,16.5,12.0,12.0,0
SKU087,2026-02-23,actual,17.0,14.0,17.0,17.0,0
SKU087,2026-03-02,actual,13.0,13.0,13.0,13.0,0
SKU087,2026-03-09,actual,21.0,12.5,21.0,21.0,0
SKU087,2026-03-16,actual,21.0,15.75,21.0,21.0,0
SKU087,2026-03-23,actual,14.0,18.0,14.0,14.0,0
SKU087,2026-03-30,actual,12.0,17.25,12.0,12.0,0
SKU087,2026-04-06,actual,29.0,17.0,29.0,29.0,0
SKU087,2026-04-13,actual,21.0,19.0,21.0,21.0,0
SKU087,2026-04-20,actual,24.0,19.0,24.0,24.0,0
SKU087,2026-04-27,actual,39.0,21.5,39.0,39.0,0
SKU087,2026-05-04,actual,24.0,28.25,24.0,24.0,0
SKU087,2026-05-11,actual,18.0,27.0,18.0,18.0,0
SKU087,2026-05-18,actual,20.0,26.25,20.0,20.0,0
SKU087,2026-05-25,actual,28.0,25.25,28.0,28.0,0
SKU087,2026-06-01,actual,28.0,22.5,28.0,28.0,0
SKU087,2026-06-08,actual,30.0,23.5,30.0,30.0,0
SKU087,2026-06-15,actual,29.0,26.5,29.0,29.0,0
SKU088,2025-06-23,actual,16.0,0.0,16.0,16.0,0
SKU088,2025-06-30,actual,40.0,16.0,40.0,40.0,0
SKU088,2025-07-07,actual,31.0,28.0,31.0,31.0,0
SKU088,2025-07-14,actual,39.0,29.0,39.0,39.0,0
SKU088,2025-07-21,actual,39.0,31.5,39.0,39.0,0
SKU088,2025-07-28,actual,34.0,37.25,34.0,34.0,0
SKU088,2025-08-04,actual,38.0,35.75,38.0,38.0,0
SKU088,2025-08-11,actual,67.0,37.5,67.0,67.0,0
SKU088,2025-08-18,actual,37.0,44.5,37.0,37.0,0
SKU088,2025-08-25,actual,41.0,44.0,41.0,41.0,0
SKU088,2025-09-01,actual,33.0,45.75,33.0,33.0,0
SKU088,2025-09-08,actual,40.0,44.5,40.0,40.0,0
SKU088,2025-09-15,actual,25.0,37.75,25.0,25.0,0
SKU088,2025-09-22,actual,34.0,34.75,34.0,34.0,0
SKU088,2025-09-29,actual,38.0,33.0,38.0,38.0,0
SKU088,2025-10-06,actual,50.0,34.25,50.0,50.0,0
SKU088,2025-10-13,actual,38.0,36.75,38.0,38.0,0
SKU088,2025-10-20,actual,68.0,40.0,68.0,68.0,0
SKU088,2025-10-27,actual,39.0,48.5,39.0,39.0,0
SKU088,2025-11-03,actual,50.0,48.75,50.0,50.0,0
SKU088,2025-11-10,actual,45.0,48.75,45.0,45.0,0
SKU088,2025-11-17,actual,46.0,50.5,46.0,46.0,0
SKU088,2025-11-24,actual,46.0,45.0,46.0,46.0,0
SKU088,2025-12-01,actual,42.0,46.75,42.0,42.0,0
SKU088,2025-12-08,actual,43.0,44.75,43.0,43.0,0
SKU088,2025-12-15,actual,51.0,44.25,51.0,51.0,0
SKU088,2025-12-22,actual,90.0,45.5,90.0,90.0,0
SKU088,2025-12-29,actual,54.0,56.5,54.0,54.0,0
SKU088,2026-01-05,actual,65.0,59.5,65.0,65.0,0
SKU088,2026-01-12,actual,43.0,65.0,43.0,43.0,0
SKU088,2026-01-19,actual,77.0,63.0,77.0,77.0,0
SKU088,2026-01-26,actual,82.0,59.75,82.0,82.0,0
SKU088,2026-02-02,actual,62.0,66.75,62.0,62.0,0
SKU088,2026-02-09,actual,60.0,66.0,60.0,60.0,0
SKU088,2026-02-16,actual,56.0,70.25,56.0,56.0,0
SKU088,2026-02-23,actual,63.0,65.0,63.0,63.0,0
SKU088,2026-03-02,actual,56.0,60.25,56.0,56.0,0
SKU088,2026-03-09,actual,65.0,58.75,65.0,65.0,0
SKU088,2026-03-16,actual,65.0,60.0,65.0,65.0,0
SKU088,2026-03-23,actual,62.0,62.25,62.0,62.0,0
SKU088,2026-03-30,actual,70.0,62.0,70.0,70.0,0
SKU088,2026-04-06,actual,62.0,65.5,62.0,62.0,0
SKU088,2026-04-13,actual,62.0,64.75,62.0,62.0,0
SKU088,2026-04-20,actual,56.0,64.0,56.0,56.0,0
SKU088,2026-04-27,actual,73.0,62.5,73.0,73.0,0
SKU088,2026-05-04,actual,72.0,63.25,72.0,72.0,0
SKU088,2026-05-11,actual,61.0,65.75,61.0,61.0,0
SKU088,2026-05-18,actual,52.0,65.5,52.0,52.0,0
SKU088,2026-05-25,actual,58.0,64.5,58.0,58.0,0
SKU088,2026-06-01,actual,50.0,60.75,50.0,50.0,0
SKU088,2026-06-08,actual,41.0,55.25,41.0,41.0,0
SKU088,2026-06-15,actual,52.0,50.25,52.0,52.0,0
SKU089,2024-06-10,actual,113.0,0.0,113.0,113.0,0
SKU089,2024-06-17,actual,89.0,113.0,89.0,89.0,0
SKU089,2024-06-24,actual,97.0,101.0,97.0,97.0,0
SKU089,2024-07-01,actual,78.0,99.66666666666667,78.0,78.0,0
SKU089,2024-07-08,actual,97.0,94.25,97.0,97.0,0
SKU089,2024-07-15,actual,98.0,90.25,98.0,98.0,0
SKU089,2024-07-22,actual,86.0,92.5,86.0,86.0,0
SKU089,2024-07-29,actual,91.0,89.75,91.0,91.0,0
SKU089,2024-08-05,actual,81.0,93.0,81.0,81.0,0
SKU089,2024-08-12,actual,120.0,89.0,120.0,120.0,0
SKU089,2024-08-19,actual,76.0,94.5,76.0,76.0,0
SKU089,2024-08-26,actual,84.0,92.0,84.0,84.0,0
SKU089,2024-09-02,actual,72.0,90.25,72.0,72.0,0
SKU089,2024-09-09,actual,68.0,88.0,68.0,68.0,0
SKU089,2024-09-16,actual,88.0,75.0,88.0,88.0,0
SKU089,2024-09-23,actual,57.0,78.0,57.0,57.0,0
SKU089,2024-09-30,actual,72.0,71.25,72.0,72.0,0
SKU089,2024-10-07,actual,57.0,71.25,57.0,57.0,0
SKU089,2024-10-14,actual,59.0,68.5,59.0,59.0,0
SKU089,2024-10-21,actual,102.0,61.25,102.0,102.0,0
SKU089,2024-10-28,actual,62.0,72.5,62.0,62.0,0
SKU089,2024-11-04,actual,60.0,70.0,60.0,60.0,0
SKU089,2024-11-11,actual,57.0,70.75,57.0,57.0,0
SKU089,2024-11-18,actual,59.0,70.25,59.0,59.0,0
SKU089,2024-11-25,actual,50.0,59.5,50.0,50.0,0
SKU089,2024-12-02,actual,46.0,56.5,46.0,46.0,0
SKU089,2024-12-09,actual,50.0,53.0,50.0,50.0,0
SKU089,2024-12-16,actual,55.0,51.25,55.0,55.0,0
SKU089,2024-12-23,actual,68.0,50.25,68.0,68.0,0
SKU089,2024-12-30,actual,47.0,54.75,47.0,47.0,0
SKU089,2025-01-06,actual,48.0,55.0,48.0,48.0,0
SKU089,2025-01-13,actual,47.0,54.5,47.0,47.0,0
SKU089,2025-01-20,actual,81.0,52.5,81.0,81.0,0
SKU089,2025-01-27,actual,76.0,55.75,76.0,76.0,0
SKU089,2025-02-03,actual,47.0,63.0,47.0,47.0,0
SKU089,2025-02-10,actual,63.0,62.75,63.0,63.0,0
SKU089,2025-02-17,actual,65.0,66.75,65.0,65.0,0
SKU089,2025-02-24,actual,59.0,62.75,59.0,59.0,0
SKU089,2025-03-03,actual,74.0,58.5,74.0,74.0,0
SKU089,2025-03-10,actual,84.0,65.25,84.0,84.0,0
SKU089,2025-03-17,actual,84.0,70.5,84.0,84.0,0
SKU089,2025-03-24,actual,78.0,75.25,78.0,78.0,0
SKU089,2025-03-31,actual,69.0,80.0,69.0,69.0,0
SKU089,2025-04-07,actual,83.0,78.75,83.0,83.0,0
SKU089,2025-04-14,actual,88.0,78.5,88.0,88.0,0
SKU089,2025-04-21,actual,100.0,79.5,100.0,100.0,0
SKU089,2025-04-28,actual,125.0,85.0,125.0,125.0,0
SKU089,2025-05-05,actual,103.0,99.0,103.0,103.0,0
SKU089,2025-05-12,actual,85.0,104.0,85.0,85.0,0
SKU089,2025-05-19,actual,89.0,103.25,89.0,89.0,0
SKU089,2025-05-26,actual,89.0,100.5,89.0,89.0,0
SKU089,2025-06-02,actual,99.0,91.5,99.0,99.0,0
SKU089,2025-06-09,actual,106.0,113.0,106.0,106.0,0
SKU089,2025-06-16,actual,90.0,89.0,90.0,90.0,0
SKU089,2025-06-23,actual,94.0,97.0,94.0,94.0,0
SKU089,2025-06-30,actual,99.0,78.0,99.0,99.0,0
SKU089,2025-07-07,actual,89.0,97.0,89.0,89.0,0
SKU089,2025-07-14,actual,88.0,98.0,88.0,88.0,0
SKU089,2025-07-21,actual,87.0,86.0,87.0,87.0,0
SKU089,2025-07-28,actual,98.0,91.0,98.0,98.0,0
SKU089,2025-08-04,actual,92.0,81.0,92.0,92.0,0
SKU089,2025-08-11,actual,119.0,120.0,119.0,119.0,0
SKU089,2025-08-18,actual,75.0,76.0,75.0,75.0,0
SKU089,2025-08-25,actual,72.0,84.0,72.0,72.0,0
SKU089,2025-09-01,actual,80.0,72.0,80.0,80.0,0
SKU089,2025-09-08,actual,84.0,68.0,84.0,84.0,0
SKU089,2025-09-15,actual,74.0,88.0,74.0,74.0,0
SKU089,2025-09-22,actual,65.0,57.0,65.0,65.0,0
SKU089,2025-09-29,actual,76.0,72.0,76.0,76.0,0
SKU089,2025-10-06,actual,70.0,57.0,70.0,70.0,0
SKU089,2025-10-13,actual,60.0,59.0,60.0,60.0,0
SKU089,2025-10-20,actual,101.0,102.0,101.0,101.0,0
SKU089,2025-10-27,actual,66.0,62.0,66.0,66.0,0
SKU089,2025-11-03,actual,63.0,60.0,63.0,63.0,0
SKU089,2025-11-10,actual,46.0,57.0,46.0,46.0,0
SKU089,2025-11-17,actual,43.0,59.0,43.0,43.0,0
SKU089,2025-11-24,actual,45.0,50.0,45.0,45.0,0
SKU089,2025-12-01,actual,39.0,46.0,39.0,39.0,0
SKU089,2025-12-08,actual,53.0,50.0,53.0,53.0,0
SKU089,2025-12-15,actual,58.0,55.0,58.0,58.0,0
SKU089,2025-12-22,actual,57.0,68.0,57.0,57.0,0
SKU089,2025-12-29,actual,63.0,47.0,63.0,63.0,0
SKU089,2026-01-05,actual,56.0,48.0,56.0,56.0,0
SKU089,2026-01-12,actual,49.0,47.0,49.0,49.0,0
SKU089,2026-01-19,actual,69.0,81.0,69.0,69.0,0
SKU089,2026-01-26,actual,83.0,76.0,83.0,83.0,0
SKU089,2026-02-02,actual,60.0,47.0,60.0,60.0,0
SKU089,2026-02-09,actual,61.0,63.0,61.0,61.0,0
SKU089,2026-02-16,actual,70.0,65.0,70.0,70.0,0
SKU089,2026-02-23,actual,65.0,59.0,65.0,65.0,0
SKU089,2026-03-02,actual,61.0,74.0,61.0,61.0,0
SKU089,2026-03-09,actual,63.0,84.0,63.0,63.0,0
SKU089,2026-03-16,actual,89.0,84.0,89.0,89.0,0
SKU089,2026-03-23,actual,79.0,78.0,79.0,79.0,0
SKU089,2026-03-30,actual,72.0,69.0,72.0,72.0,0
SKU089,2026-04-06,actual,87.0,83.0,87.0,87.0,0
SKU089,2026-04-13,actual,67.0,88.0,67.0,67.0,0
SKU089,2026-04-20,actual,77.0,100.0,77.0,77.0,0
SKU089,2026-04-27,actual,148.0,125.0,148.0,148.0,0
SKU089,2026-05-04,actual,98.0,103.0,98.0,98.0,0
SKU089,2026-05-11,actual,86.0,85.0,86.0,86.0,0
SKU089,2026-05-18,actual,93.0,89.0,93.0,93.0,0
SKU089,2026-05-25,actual,96.0,89.0,96.0,96.0,0
SKU089,2026-06-01,actual,68.0,99.0,68.0,68.0,0
SKU089,2026-06-08,actual,82.0,106.0,82.0,82.0,0
SKU089,2026-06-15,actual,87.0,90.0,87.0,87.0,0
SKU090,2024-12-09,actual,9.0,0.0,9.0,9.0,0
SKU090,2024-12-16,actual,14.0,9.0,14.0,14.0,0
SKU090,2024-12-23,actual,13.0,11.5,13.0,13.0,0
SKU090,2024-12-30,actual,13.0,12.0,13.0,13.0,0
SKU090,2025-01-06,actual,11.0,12.25,11.0,11.0,0
SKU090,2025-01-13,actual,11.0,12.75,11.0,11.0,0
SKU090,2025-01-20,actual,17.0,12.0,17.0,17.0,0
SKU090,2025-01-27,actual,10.0,13.0,10.0,10.0,0
SKU090,2025-02-03,actual,12.0,12.25,12.0,12.0,0
SKU090,2025-02-10,actual,21.0,12.5,21.0,21.0,0
SKU090,2025-02-17,actual,12.0,15.0,12.0,12.0,0
SKU090,2025-02-24,actual,13.0,13.75,13.0,13.0,0
SKU090,2025-03-03,actual,15.0,14.5,15.0,15.0,0
SKU090,2025-03-10,actual,10.0,15.25,10.0,10.0,0
SKU090,2025-03-17,actual,10.0,12.5,10.0,10.0,0
SKU090,2025-03-24,actual,16.0,12.0,16.0,16.0,0
SKU090,2025-03-31,actual,15.0,12.75,15.0,15.0,0
SKU090,2025-04-07,actual,13.0,12.75,13.0,13.0,0
SKU090,2025-04-14,actual,12.0,13.5,12.0,12.0,0
SKU090,2025-04-21,actual,13.0,14.0,13.0,13.0,0
SKU090,2025-04-28,actual,32.0,13.25,32.0,32.0,0
SKU090,2025-05-05,actual,10.0,17.5,10.0,10.0,0
SKU090,2025-05-12,actual,13.0,16.75,13.0,13.0,0
SKU090,2025-05-19,actual,11.0,17.0,11.0,11.0,0
SKU090,2025-05-26,actual,19.0,16.5,19.0,19.0,0
SKU090,2025-06-02,actual,22.0,13.25,22.0,22.0,0
SKU090,2025-06-09,actual,17.0,16.25,17.0,17.0,0
SKU090,2025-06-16,actual,13.0,17.25,13.0,13.0,0
SKU090,2025-06-23,actual,13.0,17.75,13.0,13.0,0
SKU090,2025-06-30,actual,9.0,16.25,9.0,9.0,0
SKU090,2025-07-07,actual,13.0,13.0,13.0,13.0,0
SKU090,2025-07-14,actual,11.0,12.0,11.0,11.0,0
SKU090,2025-07-21,actual,3.0,11.5,3.0,3.0,0
SKU090,2025-07-28,actual,11.0,9.0,11.0,11.0,0
SKU090,2025-08-04,actual,16.0,9.5,16.0,16.0,0
SKU090,2025-08-11,actual,24.0,10.25,24.0,24.0,0
SKU090,2025-08-18,actual,10.0,13.5,10.0,10.0,0
SKU090,2025-08-25,actual,12.0,15.25,12.0,12.0,0
SKU090,2025-09-01,actual,7.0,15.5,7.0,7.0,0
SKU090,2025-09-08,actual,9.0,13.25,9.0,9.0,0
SKU090,2025-09-15,actual,8.0,9.5,8.0,8.0,0
SKU090,2025-09-22,actual,10.0,9.0,10.0,10.0,0
SKU090,2025-09-29,actual,6.0,8.5,6.0,6.0,0
SKU090,2025-10-06,actual,12.0,8.25,12.0,12.0,0
SKU090,2025-10-13,actual,9.0,9.0,9.0,9.0,0
SKU090,2025-10-20,actual,13.0,9.25,13.0,13.0,0
SKU090,2025-10-27,actual,8.0,10.0,8.0,8.0,0
SKU090,2025-11-03,actual,10.0,10.5,10.0,10.0,0
SKU090,2025-11-10,actual,12.0,10.0,12.0,12.0,0
SKU090,2025-11-17,actual,5.0,10.75,5.0,5.0,0
SKU090,2025-11-24,actual,10.0,8.75,10.0,10.0,0
SKU090,2025-12-01,actual,8.0,9.25,8.0,8.0,0
SKU090,2025-12-08,actual,5.0,9.0,5.0,5.0,0
SKU090,2025-12-15,actual,9.0,14.0,9.0,9.0,0
SKU090,2025-12-22,actual,14.0,13.0,14.0,14.0,0
SKU090,2025-12-29,actual,12.0,13.0,12.0,12.0,0
SKU090,2026-01-05,actual,12.0,11.0,12.0,12.0,0
SKU090,2026-01-12,actual,13.0,11.0,13.0,13.0,0
SKU090,2026-01-19,actual,13.0,17.0,13.0,13.0,0
SKU090,2026-01-26,actual,14.0,10.0,14.0,14.0,0
SKU090,2026-02-02,actual,18.0,12.0,18.0,18.0,0
SKU090,2026-02-09,actual,12.0,21.0,12.0,12.0,0
SKU090,2026-02-16,actual,8.0,12.0,8.0,8.0,0
SKU090,2026-02-23,actual,11.0,13.0,11.0,11.0,0
SKU090,2026-03-02,actual,12.0,15.0,12.0,12.0,0
SKU090,2026-03-09,actual,8.0,10.0,8.0,8.0,0
SKU090,2026-03-16,actual,12.0,10.0,12.0,12.0,0
SKU090,2026-03-23,actual,16.0,16.0,16.0,16.0,0
SKU090,2026-03-30,actual,14.0,15.0,14.0,14.0,0
SKU090,2026-04-06,actual,13.0,13.0,13.0,13.0,0
SKU090,2026-04-13,actual,20.0,12.0,20.0,20.0,0
SKU090,2026-04-20,actual,18.0,13.0,18.0,18.0,0
SKU090,2026-04-27,actual,22.0,32.0,22.0,22.0,0
SKU090,2026-05-04,actual,16.0,10.0,16.0,16.0,0
SKU090,2026-05-11,actual,10.0,13.0,10.0,10.0,0
SKU090,2026-05-18,actual,11.0,11.0,11.0,11.0,0
SKU090,2026-05-25,actual,22.0,19.0,22.0,22.0,0
SKU090,2026-06-01,actual,16.0,22.0,16.0,16.0,0
SKU090,2026-06-08,actual,13.0,17.0,13.0,13.0,0
SKU090,2026-06-15,actual,14.0,13.0,14.0,14.0,0
SKU091,2024-05-27,actual,8.0,0.0,8.0,8.0,0
SKU091,2024-06-03,actual,24.0,8.0,24.0,24.0,0
SKU091,2024-06-10,actual,24.0,16.0,24.0,24.0,0
SKU091,2024-06-17,actual,25.0,18.666666666666668,25.0,25.0,0
SKU091,2024-06-24,actual,42.0,20.25,42.0,42.0,0
SKU091,2024-07-01,actual,31.0,28.75,31.0,31.0,0
SKU091,2024-07-08,actual,26.0,30.5,26.0,26.0,0
SKU091,2024-07-15,actual,37.0,31.0,37.0,37.0,0
SKU091,2024-07-22,actual,39.0,34.0,39.0,39.0,0
SKU091,2024-07-29,actual,22.0,33.25,22.0,22.0,0
SKU091,2024-08-05,actual,21.0,31.0,21.0,21.0,0
SKU091,2024-08-12,actual,60.0,29.75,60.0,60.0,0
SKU091,2024-08-19,actual,28.0,35.5,28.0,28.0,0
SKU091,2024-08-26,actual,29.0,32.75,29.0,29.0,0
SKU091,2024-09-02,actual,27.0,34.5,27.0,27.0,0
SKU091,2024-09-09,actual,25.0,36.0,25.0,25.0,0
SKU091,2024-09-16,actual,25.0,27.25,25.0,25.0,0
SKU091,2024-09-23,actual,16.0,26.5,16.0,16.0,0
SKU091,2024-09-30,actual,24.0,23.25,24.0,24.0,0
SKU091,2024-10-07,actual,11.0,22.5,11.0,11.0,0
SKU091,2024-10-14,actual,20.0,19.0,20.0,20.0,0
SKU091,2024-10-21,actual,38.0,17.75,38.0,38.0,0
SKU091,2024-10-28,actual,18.0,23.25,18.0,18.0,0
SKU091,2024-11-04,actual,18.0,21.75,18.0,18.0,0
SKU091,2024-11-11,actual,13.0,23.5,13.0,13.0,0
SKU091,2024-11-18,actual,14.0,21.75,14.0,14.0,0
SKU091,2024-11-25,actual,20.0,15.75,20.0,20.0,0
SKU091,2024-12-02,actual,13.0,16.25,13.0,13.0,0
SKU091,2024-12-09,actual,12.0,15.0,12.0,12.0,0
SKU091,2024-12-16,actual,19.0,14.75,19.0,19.0,0
SKU091,2024-12-23,actual,37.0,16.0,37.0,37.0,0
SKU091,2024-12-30,actual,14.0,20.25,14.0,14.0,0
SKU091,2025-01-06,actual,15.0,20.5,15.0,15.0,0
SKU091,2025-01-13,actual,17.0,21.25,17.0,17.0,0
SKU091,2025-01-20,actual,30.0,20.75,30.0,30.0,0
SKU091,2025-01-27,actual,26.0,19.0,26.0,26.0,0
SKU091,2025-02-03,actual,26.0,22.0,26.0,26.0,0
SKU091,2025-02-10,actual,20.0,24.75,20.0,20.0,0
SKU091,2025-02-17,actual,19.0,25.5,19.0,19.0,0
SKU091,2025-02-24,actual,18.0,22.75,18.0,18.0,0
SKU091,2025-03-03,actual,25.0,20.75,25.0,25.0,0
SKU091,2025-03-10,actual,25.0,20.5,25.0,25.0,0
SKU091,2025-03-17,actual,31.0,21.75,31.0,31.0,0
SKU091,2025-03-24,actual,15.0,24.75,15.0,15.0,0
SKU091,2025-03-31,actual,18.0,24.0,18.0,18.0,0
SKU091,2025-04-07,actual,14.0,22.25,14.0,14.0,0
SKU091,2025-04-14,actual,24.0,19.5,24.0,24.0,0
SKU091,2025-04-21,actual,18.0,17.75,18.0,18.0,0
SKU091,2025-04-28,actual,49.0,18.5,49.0,49.0,0
SKU091,2025-05-05,actual,33.0,26.25,33.0,33.0,0
SKU091,2025-05-12,actual,24.0,31.0,24.0,24.0,0
SKU091,2025-05-19,actual,31.0,31.0,31.0,31.0,0
SKU091,2025-05-26,actual,35.0,8.0,35.0,35.0,0
SKU091,2025-06-02,actual,30.0,24.0,30.0,30.0,0
SKU091,2025-06-09,actual,30.0,24.0,30.0,30.0,0
SKU091,2025-06-16,actual,33.0,25.0,33.0,33.0,0
SKU091,2025-06-23,actual,35.0,42.0,35.0,35.0,0
SKU091,2025-06-30,actual,19.0,31.0,19.0,19.0,0
SKU091,2025-07-07,actual,20.0,26.0,20.0,20.0,0
SKU091,2025-07-14,actual,25.0,37.0,25.0,25.0,0
SKU091,2025-07-21,actual,26.0,39.0,26.0,26.0,0
SKU091,2025-07-28,actual,36.0,22.0,36.0,36.0,0
SKU091,2025-08-04,actual,27.0,21.0,27.0,27.0,0
SKU091,2025-08-11,actual,62.0,60.0,62.0,62.0,0
SKU091,2025-08-18,actual,21.0,28.0,21.0,21.0,0
SKU091,2025-08-25,actual,35.0,29.0,35.0,35.0,0
SKU091,2025-09-01,actual,25.0,27.0,25.0,25.0,0
SKU091,2025-09-08,actual,24.0,25.0,24.0,24.0,0
SKU091,2025-09-15,actual,21.0,25.0,21.0,21.0,0
SKU091,2025-09-22,actual,16.0,16.0,16.0,16.0,0
SKU091,2025-09-29,actual,19.0,24.0,19.0,19.0,0
SKU091,2025-10-06,actual,21.0,11.0,21.0,21.0,0
SKU091,2025-10-13,actual,24.0,20.0,24.0,24.0,0
SKU091,2025-10-20,actual,53.0,38.0,53.0,53.0,0
SKU091,2025-10-27,actual,19.0,18.0,19.0,19.0,0
SKU091,2025-11-03,actual,9.0,18.0,9.0,9.0,0
SKU091,2025-11-10,actual,16.0,13.0,16.0,16.0,0
SKU091,2025-11-17,actual,21.0,14.0,21.0,21.0,0
SKU091,2025-11-24,actual,19.0,20.0,19.0,19.0,0
SKU091,2025-12-01,actual,16.0,13.0,16.0,16.0,0
SKU091,2025-12-08,actual,13.0,12.0,13.0,13.0,0
SKU091,2025-12-15,actual,17.0,19.0,17.0,17.0,0
SKU091,2025-12-22,actual,28.0,37.0,28.0,28.0,0
SKU091,2025-12-29,actual,14.0,14.0,14.0,14.0,0
SKU091,2026-01-05,actual,15.0,15.0,15.0,15.0,0
SKU091,2026-01-12,actual,19.0,17.0,19.0,19.0,0
SKU091,2026-01-19,actual,24.0,30.0,24.0,24.0,0
SKU091,2026-01-26,actual,22.0,26.0,22.0,22.0,0
SKU091,2026-02-02,actual,22.0,26.0,22.0,22.0,0
SKU091,2026-02-09,actual,21.0,20.0,21.0,21.0,0
SKU091,2026-02-16,actual,15.0,19.0,15.0,15.0,0
SKU091,2026-02-23,actual,18.0,18.0,18.0,18.0,0
SKU091,2026-03-02,actual,19.0,25.0,19.0,19.0,0
SKU091,2026-03-09,actual,21.0,25.0,21.0,21.0,0
SKU091,2026-03-16,actual,18.0,31.0,18.0,18.0,0
SKU091,2026-03-23,actual,21.0,15.0,21.0,21.0,0
SKU091,2026-03-30,actual,21.0,18.0,21.0,21.0,0
SKU091,2026-04-06,actual,23.0,14.0,23.0,23.0,0
SKU091,2026-04-13,actual,30.0,24.0,30.0,30.0,0
SKU091,2026-04-20,actual,23.0,18.0,23.0,23.0,0
SKU091,2026-04-27,actual,50.0,49.0,50.0,50.0,0
SKU091,2026-05-04,actual,45.0,33.0,45.0,45.0,0
SKU091,2026-05-11,actual,35.0,24.0,35.0,35.0,0
SKU091,2026-05-18,actual,39.0,31.0,39.0,39.0,0
SKU091,2026-05-25,actual,31.0,35.0,31.0,31.0,0
SKU091,2026-06-01,actual,45.0,30.0,45.0,45.0,0
SKU091,2026-06-08,actual,26.0,30.0,26.0,26.0,0
SKU091,2026-06-15,actual,26.0,33.0,26.0,26.0,0
SKU092,2024-07-15,actual,6.0,0.0,6.0,6.0,0
SKU092,2024-07-22,actual,31.0,6.0,31.0,31.0,0
SKU092,2024-07-29,actual,26.0,18.5,26.0,26.0,0
SKU092,2024-08-05,actual,27.0,21.0,27.0,27.0,0
SKU092,2024-08-12,actual,44.0,22.5,44.0,44.0,0
SKU092,2024-08-19,actual,29.0,32.0,29.0,29.0,0
SKU092,2024-08-26,actual,17.0,31.5,17.0,17.0,0
SKU092,2024-09-02,actual,25.0,29.25,25.0,25.0,0
SKU092,2024-09-09,actual,22.0,28.75,22.0,22.0,0
SKU092,2024-09-16,actual,16.0,23.25,16.0,16.0,0
SKU092,2024-09-23,actual,19.0,20.0,19.0,19.0,0
SKU092,2024-09-30,actual,25.0,20.5,25.0,25.0,0
SKU092,2024-10-07,actual,21.0,20.5,21.0,21.0,0
SKU092,2024-10-14,actual,27.0,20.25,27.0,27.0,0
SKU092,2024-10-21,actual,24.0,23.0,24.0,24.0,0
SKU092,2024-10-28,actual,28.0,24.25,28.0,28.0,0
SKU092,2024-11-04,actual,21.0,25.0,21.0,21.0,0
SKU092,2024-11-11,actual,14.0,25.0,14.0,14.0,0
SKU092,2024-11-18,actual,19.0,21.75,19.0,19.0,0
SKU092,2024-11-25,actual,16.0,20.5,16.0,16.0,0
SKU092,2024-12-02,actual,14.0,17.5,14.0,14.0,0
SKU092,2024-12-09,actual,22.0,15.75,22.0,22.0,0
SKU092,2024-12-16,actual,19.0,17.75,19.0,19.0,0
SKU092,2024-12-23,actual,30.0,17.75,30.0,30.0,0
SKU092,2024-12-30,actual,16.0,21.25,16.0,16.0,0
SKU092,2025-01-06,actual,28.0,21.75,28.0,28.0,0
SKU092,2025-01-13,actual,17.0,23.25,17.0,17.0,0
SKU092,2025-01-20,actual,37.0,22.75,37.0,37.0,0
SKU092,2025-01-27,actual,27.0,24.5,27.0,27.0,0
SKU092,2025-02-03,actual,21.0,27.25,21.0,21.0,0
SKU092,2025-02-10,actual,26.0,25.5,26.0,26.0,0
SKU092,2025-02-17,actual,32.0,27.75,32.0,32.0,0
SKU092,2025-02-24,actual,26.0,26.5,26.0,26.0,0
SKU092,2025-03-03,actual,42.0,26.25,42.0,42.0,0
SKU092,2025-03-10,actual,30.0,31.5,30.0,30.0,0
SKU092,2025-03-17,actual,27.0,32.5,27.0,27.0,0
SKU092,2025-03-24,actual,48.0,31.25,48.0,48.0,0
SKU092,2025-03-31,actual,40.0,36.75,40.0,40.0,0
SKU092,2025-04-07,actual,30.0,36.25,30.0,30.0,0
SKU092,2025-04-14,actual,28.0,36.25,28.0,28.0,0
SKU092,2025-04-21,actual,31.0,36.5,31.0,31.0,0
SKU092,2025-04-28,actual,56.0,32.25,56.0,56.0,0
SKU092,2025-05-05,actual,39.0,36.25,39.0,39.0,0
SKU092,2025-05-12,actual,43.0,38.5,43.0,43.0,0
SKU092,2025-05-19,actual,34.0,42.25,34.0,34.0,0
SKU092,2025-05-26,actual,41.0,43.0,41.0,41.0,0
SKU092,2025-06-02,actual,30.0,39.25,30.0,30.0,0
SKU092,2025-06-09,actual,26.0,37.0,26.0,26.0,0
SKU092,2025-06-16,actual,26.0,32.75,26.0,26.0,0
SKU092,2025-06-23,actual,38.0,30.75,38.0,38.0,0
SKU092,2025-06-30,actual,24.0,30.0,24.0,24.0,0
SKU092,2025-07-07,actual,32.0,28.5,32.0,32.0,0
SKU092,2025-07-14,actual,27.0,6.0,27.0,27.0,0
SKU092,2025-07-21,actual,28.0,31.0,28.0,28.0,0
SKU092,2025-07-28,actual,33.0,26.0,33.0,33.0,0
SKU092,2025-08-04,actual,33.0,27.0,33.0,33.0,0
SKU092,2025-08-11,actual,37.0,44.0,37.0,37.0,0
SKU092,2025-08-18,actual,26.0,29.0,26.0,26.0,0
SKU092,2025-08-25,actual,22.0,17.0,22.0,22.0,0
SKU092,2025-09-01,actual,22.0,25.0,22.0,22.0,0
SKU092,2025-09-08,actual,23.0,22.0,23.0,23.0,0
SKU092,2025-09-15,actual,12.0,16.0,12.0,12.0,0
SKU092,2025-09-22,actual,18.0,19.0,18.0,18.0,0
SKU092,2025-09-29,actual,20.0,25.0,20.0,20.0,0
SKU092,2025-10-06,actual,23.0,21.0,23.0,23.0,0
SKU092,2025-10-13,actual,14.0,27.0,14.0,14.0,0
SKU092,2025-10-20,actual,38.0,24.0,38.0,38.0,0
SKU092,2025-10-27,actual,17.0,28.0,17.0,17.0,0
SKU092,2025-11-03,actual,21.0,21.0,21.0,21.0,0
SKU092,2025-11-10,actual,21.0,14.0,21.0,21.0,0
SKU092,2025-11-17,actual,16.0,19.0,16.0,16.0,0
SKU092,2025-11-24,actual,22.0,16.0,22.0,22.0,0
SKU092,2025-12-01,actual,14.0,14.0,14.0,14.0,0
SKU092,2025-12-08,actual,23.0,22.0,23.0,23.0,0
SKU092,2025-12-15,actual,19.0,19.0,19.0,19.0,0
SKU092,2025-12-22,actual,43.0,30.0,43.0,43.0,0
SKU092,2025-12-29,actual,22.0,16.0,22.0,22.0,0
SKU092,2026-01-05,actual,27.0,28.0,27.0,27.0,0
SKU092,2026-01-12,actual,21.0,17.0,21.0,21.0,0
SKU092,2026-01-19,actual,20.0,37.0,20.0,20.0,0
SKU092,2026-01-26,actual,33.0,27.0,33.0,33.0,0
SKU092,2026-02-02,actual,25.0,21.0,25.0,25.0,0
SKU092,2026-02-09,actual,18.0,26.0,18.0,18.0,0
SKU092,2026-02-16,actual,20.0,32.0,20.0,20.0,0
SKU092,2026-02-23,actual,25.0,26.0,25.0,25.0,0
SKU092,2026-03-02,actual,40.0,42.0,40.0,40.0,0
SKU092,2026-03-09,actual,22.0,30.0,22.0,22.0,0
SKU092,2026-03-16,actual,22.0,27.0,22.0,22.0,0
SKU092,2026-03-23,actual,25.0,48.0,25.0,25.0,0
SKU092,2026-03-30,actual,23.0,40.0,23.0,23.0,0
SKU092,2026-04-06,actual,41.0,30.0,41.0,41.0,0
SKU092,2026-04-13,actual,44.0,28.0,44.0,44.0,0
SKU092,2026-04-20,actual,31.0,31.0,31.0,31.0,0
SKU092,2026-04-27,actual,41.0,56.0,41.0,41.0,0
SKU092,2026-05-04,actual,39.0,39.0,39.0,39.0,0
SKU092,2026-05-11,actual,34.0,43.0,34.0,34.0,0
SKU092,2026-05-18,actual,31.0,34.0,31.0,31.0,0
SKU092,2026-05-25,actual,35.0,41.0,35.0,35.0,0
SKU092,2026-06-01,actual,33.0,30.0,33.0,33.0,0
SKU092,2026-06-08,actual,23.0,26.0,23.0,23.0,0
SKU092,2026-06-15,actual,36.0,26.0,36.0,36.0,0
SKU093,2025-01-13,actual,2.0,0.0,2.0,2.0,0
SKU093,2025-01-20,actual,6.0,2.0,6.0,6.0,0
SKU093,2025-01-27,actual,3.0,4.0,3.0,3.0,0
SKU093,2025-02-03,actual,3.0,3.6666666666666665,3.0,3.0,0
SKU093,2025-02-10,actual,7.0,3.5,7.0,7.0,0
SKU093,2025-02-17,actual,2.0,4.75,2.0,2.0,0
SKU093,2025-02-24,actual,7.0,3.75,7.0,7.0,0
SKU093,2025-03-03,actual,3.0,4.75,3.0,3.0,0
SKU093,2025-03-10,actual,4.0,4.75,4.0,4.0,0
SKU093,2025-03-17,actual,3.0,4.0,3.0,3.0,0
SKU093,2025-03-24,actual,1.0,4.25,1.0,1.0,0
SKU093,2025-03-31,actual,5.0,2.75,5.0,5.0,0
SKU093,2025-04-07,actual,4.0,3.25,4.0,4.0,0
SKU093,2025-04-14,actual,3.0,3.25,3.0,3.0,0
SKU093,2025-04-21,actual,5.0,3.25,5.0,5.0,0
SKU093,2025-04-28,actual,4.0,4.25,4.0,4.0,0
SKU093,2025-05-05,actual,3.0,4.0,3.0,3.0,0
SKU093,2025-05-12,actual,6.0,3.75,6.0,6.0,0
SKU093,2025-05-19,actual,4.0,4.5,4.0,4.0,0
SKU093,2025-05-26,actual,6.0,4.25,6.0,6.0,0
SKU093,2025-06-02,actual,1.0,4.75,1.0,1.0,0
SKU093,2025-06-09,actual,6.0,4.25,6.0,6.0,0
SKU093,2025-06-16,actual,3.0,4.25,3.0,3.0,0
SKU093,2025-06-23,actual,0.0,4.0,0.0,0.0,0
SKU093,2025-06-30,actual,2.0,2.5,2.0,2.0,0
SKU093,2025-07-07,actual,8.0,2.75,8.0,8.0,0
SKU093,2025-07-14,actual,9.0,3.25,9.0,9.0,0
SKU093,2025-07-21,actual,6.0,4.75,6.0,6.0,0
SKU093,2025-07-28,actual,7.0,6.25,7.0,7.0,0
SKU093,2025-08-04,actual,10.0,7.5,10.0,10.0,0
SKU093,2025-08-11,actual,8.0,8.0,8.0,8.0,0
SKU093,2025-08-18,actual,8.0,7.75,8.0,8.0,0
SKU093,2025-08-25,actual,8.0,8.25,8.0,8.0,0
SKU093,2025-09-01,actual,6.0,8.5,6.0,6.0,0
SKU093,2025-09-08,actual,4.0,7.5,4.0,4.0,0
SKU093,2025-09-15,actual,9.0,6.5,9.0,9.0,0
SKU093,2025-09-22,actual,3.0,6.75,3.0,3.0,0
SKU093,2025-09-29,actual,6.0,5.5,6.0,6.0,0
SKU093,2025-10-06,actual,3.0,5.5,3.0,3.0,0
SKU093,2025-10-13,actual,6.0,5.25,6.0,6.0,0
SKU093,2025-10-20,actual,17.0,4.5,17.0,17.0,0
SKU093,2025-10-27,actual,2.0,8.0,2.0,2.0,0
SKU093,2025-11-03,actual,6.0,7.0,6.0,6.0,0
SKU093,2025-11-10,actual,5.0,7.75,5.0,5.0,0
SKU093,2025-11-17,actual,3.0,7.5,3.0,3.0,0
SKU093,2025-11-24,actual,6.0,4.0,6.0,6.0,0
SKU093,2025-12-01,actual,9.0,5.0,9.0,9.0,0
SKU093,2025-12-08,actual,5.0,5.75,5.0,5.0,0
SKU093,2025-12-15,actual,6.0,5.75,6.0,6.0,0
SKU093,2025-12-22,actual,7.0,6.5,7.0,7.0,0
SKU093,2025-12-29,actual,3.0,6.75,3.0,3.0,0
SKU093,2026-01-05,actual,1.0,5.25,1.0,1.0,0
SKU093,2026-01-12,actual,3.0,2.0,3.0,3.0,0
SKU093,2026-01-19,actual,3.0,6.0,3.0,3.0,0
SKU093,2026-01-26,actual,7.0,3.0,7.0,7.0,0
SKU093,2026-02-02,actual,3.0,3.0,3.0,3.0,0
SKU093,2026-02-09,actual,6.0,7.0,6.0,6.0,0
SKU093,2026-02-16,actual,2.0,2.0,2.0,2.0,0
SKU093,2026-02-23,actual,3.0,7.0,3.0,3.0,0
SKU093,2026-03-02,actual,4.0,3.0,4.0,4.0,0
SKU093,2026-03-09,actual,5.0,4.0,5.0,5.0,0
SKU093,2026-03-16,actual,2.0,3.0,2.0,2.0,0
SKU093,2026-03-23,actual,3.0,1.0,3.0,3.0,0
SKU093,2026-03-30,actual,2.0,5.0,2.0,2.0,0
SKU093,2026-04-06,actual,3.0,4.0,3.0,3.0,0
SKU093,2026-04-13,actual,5.0,3.0,5.0,5.0,0
SKU093,2026-04-20,actual,2.0,5.0,2.0,2.0,0
SKU093,2026-04-27,actual,5.0,4.0,5.0,5.0,0
SKU093,2026-05-04,actual,5.0,3.0,5.0,5.0,0
SKU093,2026-05-11,actual,3.0,6.0,3.0,3.0,0
SKU093,2026-05-18,actual,5.0,4.0,5.0,5.0,0
SKU093,2026-05-25,actual,1.0,6.0,1.0,1.0,0
SKU093,2026-06-01,actual,6.0,1.0,6.0,6.0,0
SKU093,2026-06-08,actual,7.0,6.0,7.0,7.0,0
SKU093,2026-06-15,actual,4.0,3.0,4.0,4.0,0
SKU094,2026-02-02,actual,46.0,0.0,46.0,46.0,0
SKU094,2026-02-09,actual,54.0,46.0,54.0,54.0,0
SKU094,2026-02-16,actual,70.0,50.0,70.0,70.0,0
SKU094,2026-02-23,actual,50.0,56.666666666666664,50.0,50.0,0
SKU094,2026-03-02,actual,74.0,55.0,74.0,74.0,0
SKU094,2026-03-09,actual,57.0,62.0,57.0,57.0,0
SKU094,2026-03-16,actual,47.0,62.75,47.0,47.0,0
SKU094,2026-03-23,actual,53.0,57.0,53.0,53.0,0
SKU094,2026-03-30,actual,46.0,57.75,46.0,46.0,0
SKU094,2026-04-06,actual,52.0,50.75,52.0,52.0,0
SKU094,2026-04-13,actual,42.0,49.5,42.0,42.0,0
SKU094,2026-04-20,actual,39.0,48.25,39.0,39.0,0
SKU094,2026-04-27,actual,79.0,44.75,79.0,79.0,0
SKU094,2026-05-04,actual,79.0,53.0,79.0,79.0,0
SKU094,2026-05-11,actual,44.0,59.75,44.0,44.0,0
SKU094,2026-05-18,actual,50.0,60.25,50.0,50.0,0
SKU094,2026-05-25,actual,45.0,63.0,45.0,45.0,0
SKU094,2026-06-01,actual,35.0,54.5,35.0,35.0,0
SKU094,2026-06-08,actual,31.0,43.5,31.0,31.0,0
SKU094,2026-06-15,actual,28.0,40.25,28.0,28.0,0
SKU095,2024-05-27,actual,13.0,0.0,13.0,13.0,0
SKU095,2024-06-03,actual,33.0,13.0,33.0,33.0,0
SKU095,2024-06-10,actual,40.0,23.0,40.0,40.0,0
SKU095,2024-06-17,actual,46.0,28.666666666666668,46.0,46.0,0
SKU095,2024-06-24,actual,46.0,33.0,46.0,46.0,0
SKU095,2024-07-01,actual,45.0,41.25,45.0,45.0,0
SKU095,2024-07-08,actual,48.0,44.25,48.0,48.0,0
SKU095,2024-07-15,actual,59.0,46.25,59.0,59.0,0
SKU095,2024-07-22,actual,67.0,49.5,67.0,67.0,0
SKU095,2024-07-29,actual,57.0,54.75,57.0,57.0,0
SKU095,2024-08-05,actual,65.0,57.75,65.0,65.0,0
SKU095,2024-08-12,actual,134.0,62.0,134.0,134.0,0
SKU095,2024-08-19,actual,68.0,80.75,68.0,68.0,0
SKU095,2024-08-26,actual,66.0,81.0,66.0,66.0,0
SKU095,2024-09-02,actual,71.0,83.25,71.0,71.0,0
SKU095,2024-09-09,actual,54.0,84.75,54.0,54.0,0
SKU095,2024-09-16,actual,60.0,64.75,60.0,60.0,0
SKU095,2024-09-23,actual,61.0,62.75,61.0,61.0,0
SKU095,2024-09-30,actual,70.0,61.5,70.0,70.0,0
SKU095,2024-10-07,actual,50.0,61.25,50.0,50.0,0
SKU095,2024-10-14,actual,68.0,60.25,68.0,68.0,0
SKU095,2024-10-21,actual,139.0,62.25,139.0,139.0,0
SKU095,2024-10-28,actual,62.0,81.75,62.0,62.0,0
SKU095,2024-11-04,actual,58.0,79.75,58.0,58.0,0
SKU095,2024-11-11,actual,65.0,81.75,65.0,65.0,0
SKU095,2024-11-18,actual,50.0,81.0,50.0,50.0,0
SKU095,2024-11-25,actual,53.0,58.75,53.0,53.0,0
SKU095,2024-12-02,actual,36.0,56.5,36.0,36.0,0
SKU095,2024-12-09,actual,47.0,51.0,47.0,47.0,0
SKU095,2024-12-16,actual,44.0,46.5,44.0,44.0,0
SKU095,2024-12-23,actual,92.0,45.0,92.0,92.0,0
SKU095,2024-12-30,actual,43.0,54.75,43.0,43.0,0
SKU095,2025-01-06,actual,46.0,56.5,46.0,46.0,0
SKU095,2025-01-13,actual,40.0,56.25,40.0,40.0,0
SKU095,2025-01-20,actual,59.0,55.25,59.0,59.0,0
SKU095,2025-01-27,actual,45.0,47.0,45.0,45.0,0
SKU095,2025-02-03,actual,33.0,47.5,33.0,33.0,0
SKU095,2025-02-10,actual,39.0,44.25,39.0,39.0,0
SKU095,2025-02-17,actual,35.0,44.0,35.0,35.0,0
SKU095,2025-02-24,actual,27.0,38.0,27.0,27.0,0
SKU095,2025-03-03,actual,31.0,33.5,31.0,31.0,0
SKU095,2025-03-10,actual,31.0,33.0,31.0,31.0,0
SKU095,2025-03-17,actual,37.0,31.0,37.0,37.0,0
SKU095,2025-03-24,actual,27.0,31.5,27.0,27.0,0
SKU095,2025-03-31,actual,34.0,31.5,34.0,34.0,0
SKU095,2025-04-07,actual,32.0,32.25,32.0,32.0,0
SKU095,2025-04-14,actual,27.0,32.5,27.0,27.0,0
SKU095,2025-04-21,actual,32.0,30.0,32.0,32.0,0
SKU095,2025-04-28,actual,61.0,31.25,61.0,61.0,0
SKU095,2025-05-05,actual,53.0,38.0,53.0,53.0,0
SKU095,2025-05-12,actual,54.0,43.25,54.0,54.0,0
SKU095,2025-05-19,actual,52.0,50.0,52.0,52.0,0
SKU095,2025-05-26,actual,43.0,13.0,43.0,43.0,0
SKU095,2025-06-02,actual,49.0,33.0,49.0,49.0,0
SKU095,2025-06-09,actual,46.0,40.0,46.0,46.0,0
SKU095,2025-06-16,actual,50.0,46.0,50.0,50.0,0
SKU095,2025-06-23,actual,53.0,46.0,53.0,53.0,0
SKU095,2025-06-30,actual,47.0,45.0,47.0,47.0,0
SKU095,2025-07-07,actual,48.0,48.0,48.0,48.0,0
SKU095,2025-07-14,actual,56.0,59.0,56.0,56.0,0
SKU095,2025-07-21,actual,58.0,67.0,58.0,58.0,0
SKU095,2025-07-28,actual,64.0,57.0,64.0,64.0,0
SKU095,2025-08-04,actual,41.0,65.0,41.0,41.0,0
SKU095,2025-08-11,actual,140.0,134.0,140.0,140.0,0
SKU095,2025-08-18,actual,60.0,68.0,60.0,60.0,0
SKU095,2025-08-25,actual,69.0,66.0,69.0,69.0,0
SKU095,2025-09-01,actual,58.0,71.0,58.0,58.0,0
SKU095,2025-09-08,actual,51.0,54.0,51.0,51.0,0
SKU095,2025-09-15,actual,63.0,60.0,63.0,63.0,0
SKU095,2025-09-22,actual,51.0,61.0,51.0,51.0,0
SKU095,2025-09-29,actual,54.0,70.0,54.0,54.0,0
SKU095,2025-10-06,actual,68.0,50.0,68.0,68.0,0
SKU095,2025-10-13,actual,59.0,68.0,59.0,59.0,0
SKU095,2025-10-20,actual,162.0,139.0,162.0,162.0,0
SKU095,2025-10-27,actual,47.0,62.0,47.0,47.0,0
SKU095,2025-11-03,actual,56.0,58.0,56.0,56.0,0
SKU095,2025-11-10,actual,62.0,65.0,62.0,62.0,0
SKU095,2025-11-17,actual,44.0,50.0,44.0,44.0,0
SKU095,2025-11-24,actual,49.0,53.0,49.0,49.0,0
SKU095,2025-12-01,actual,54.0,36.0,54.0,54.0,0
SKU095,2025-12-08,actual,48.0,47.0,48.0,48.0,0
SKU095,2025-12-15,actual,43.0,44.0,43.0,43.0,0
SKU095,2025-12-22,actual,108.0,92.0,108.0,108.0,0
SKU095,2025-12-29,actual,42.0,43.0,42.0,42.0,0
SKU095,2026-01-05,actual,48.0,46.0,48.0,48.0,0
SKU095,2026-01-12,actual,34.0,40.0,34.0,34.0,0
SKU095,2026-01-19,actual,43.0,59.0,43.0,43.0,0
SKU095,2026-01-26,actual,57.0,45.0,57.0,57.0,0
SKU095,2026-02-02,actual,36.0,33.0,36.0,36.0,0
SKU095,2026-02-09,actual,32.0,39.0,32.0,32.0,0
SKU095,2026-02-16,actual,31.0,35.0,31.0,31.0,0
SKU095,2026-02-23,actual,30.0,27.0,30.0,30.0,0
SKU095,2026-03-02,actual,47.0,31.0,47.0,47.0,0
SKU095,2026-03-09,actual,36.0,31.0,36.0,36.0,0
SKU095,2026-03-16,actual,29.0,37.0,29.0,29.0,0
SKU095,2026-03-23,actual,41.0,27.0,41.0,41.0,0
SKU095,2026-03-30,actual,30.0,34.0,30.0,30.0,0
SKU095,2026-04-06,actual,41.0,32.0,41.0,41.0,0
SKU095,2026-04-13,actual,42.0,27.0,42.0,42.0,0
SKU095,2026-04-20,actual,39.0,32.0,39.0,39.0,0
SKU095,2026-04-27,actual,55.0,61.0,55.0,55.0,0
SKU095,2026-05-04,actual,58.0,53.0,58.0,58.0,0
SKU095,2026-05-11,actual,38.0,54.0,38.0,38.0,0
SKU095,2026-05-18,actual,48.0,52.0,48.0,48.0,0
SKU095,2026-05-25,actual,44.0,43.0,44.0,44.0,0
SKU095,2026-06-01,actual,46.0,49.0,46.0,46.0,0
SKU095,2026-06-08,actual,48.0,46.0,48.0,48.0,0
SKU095,2026-06-15,actual,59.0,50.0,59.0,59.0,0
SKU096,2025-08-25,actual,4.0,0.0,4.0,4.0,0
SKU096,2025-09-01,actual,16.0,4.0,16.0,16.0,0
SKU096,2025-09-08,actual,20.0,10.0,20.0,20.0,0
SKU096,2025-09-15,actual,22.0,13.333333333333334,22.0,22.0,0
SKU096,2025-09-22,actual,18.0,15.5,18.0,18.0,0
SKU096,2025-09-29,actual,19.0,19.0,19.0,19.0,0
SKU096,2025-10-06,actual,22.0,19.75,22.0,22.0,0
SKU096,2025-10-13,actual,22.0,20.25,22.0,22.0,0
SKU096,2025-10-20,actual,48.0,20.25,48.0,48.0,0
SKU096,2025-10-27,actual,19.0,27.75,19.0,19.0,0
SKU096,2025-11-03,actual,22.0,27.75,22.0,22.0,0
SKU096,2025-11-10,actual,18.0,27.75,18.0,18.0,0
SKU096,2025-11-17,actual,21.0,26.75,21.0,21.0,0
SKU096,2025-11-24,actual,17.0,20.0,17.0,17.0,0
SKU096,2025-12-01,actual,18.0,19.5,18.0,18.0,0
SKU096,2025-12-08,actual,22.0,18.5,22.0,22.0,0
SKU096,2025-12-15,actual,21.0,19.5,21.0,21.0,0
SKU096,2025-12-22,actual,36.0,19.5,36.0,36.0,0
SKU096,2025-12-29,actual,11.0,24.25,11.0,11.0,0
SKU096,2026-01-05,actual,11.0,22.5,11.0,11.0,0
SKU096,2026-01-12,actual,10.0,19.75,10.0,10.0,0
SKU096,2026-01-19,actual,21.0,17.0,21.0,21.0,0
SKU096,2026-01-26,actual,19.0,13.25,19.0,19.0,0
SKU096,2026-02-02,actual,15.0,15.25,15.0,15.0,0
SKU096,2026-02-09,actual,15.0,16.25,15.0,15.0,0
SKU096,2026-02-16,actual,11.0,17.5,11.0,11.0,0
SKU096,2026-02-23,actual,10.0,15.0,10.0,10.0,0
SKU096,2026-03-02,actual,16.0,12.75,16.0,16.0,0
SKU096,2026-03-09,actual,14.0,13.0,14.0,14.0,0
SKU096,2026-03-16,actual,9.0,12.75,9.0,9.0,0
SKU096,2026-03-23,actual,13.0,12.25,13.0,13.0,0
SKU096,2026-03-30,actual,16.0,13.0,16.0,16.0,0
SKU096,2026-04-06,actual,17.0,13.0,17.0,17.0,0
SKU096,2026-04-13,actual,17.0,13.75,17.0,17.0,0
SKU096,2026-04-20,actual,9.0,15.75,9.0,9.0,0
SKU096,2026-04-27,actual,14.0,14.75,14.0,14.0,0
SKU096,2026-05-04,actual,19.0,14.25,19.0,19.0,0
SKU096,2026-05-11,actual,9.0,14.75,9.0,9.0,0
SKU096,2026-05-18,actual,13.0,12.75,13.0,13.0,0
SKU096,2026-05-25,actual,21.0,13.75,21.0,21.0,0
SKU096,2026-06-01,actual,18.0,15.5,18.0,18.0,0
SKU096,2026-06-08,actual,20.0,15.25,20.0,20.0,0
SKU096,2026-06-15,actual,16.0,18.0,16.0,16.0,0
SKU097,2025-07-28,actual,64.0,0.0,64.0,64.0,0
SKU097,2025-08-04,actual,73.0,64.0,73.0,73.0,0
SKU097,2025-08-11,actual,138.0,68.5,138.0,138.0,0
SKU097,2025-08-18,actual,61.0,91.66666666666667,61.0,61.0,0
SKU097,2025-08-25,actual,98.0,84.0,98.0,98.0,0
SKU097,2025-09-01,actual,87.0,92.5,87.0,87.0,0
SKU097,2025-09-08,actual,78.0,96.0,78.0,78.0,0
SKU097,2025-09-15,actual,91.0,81.0,91.0,91.0,0
SKU097,2025-09-22,actual,74.0,88.5,74.0,74.0,0
SKU097,2025-09-29,actual,85.0,82.5,85.0,85.0,0
SKU097,2025-10-06,actual,79.0,82.0,79.0,79.0,0
SKU097,2025-10-13,actual,67.0,82.25,67.0,67.0,0
SKU097,2025-10-20,actual,177.0,76.25,177.0,177.0,0
SKU097,2025-10-27,actual,80.0,102.0,80.0,80.0,0
SKU097,2025-11-03,actual,86.0,100.75,86.0,86.0,0
SKU097,2025-11-10,actual,97.0,102.5,97.0,97.0,0
SKU097,2025-11-17,actual,84.0,110.0,84.0,84.0,0
SKU097,2025-11-24,actual,69.0,86.75,69.0,69.0,0
SKU097,2025-12-01,actual,79.0,84.0,79.0,79.0,0
SKU097,2025-12-08,actual,67.0,82.25,67.0,67.0,0
SKU097,2025-12-15,actual,69.0,74.75,69.0,69.0,0
SKU097,2025-12-22,actual,131.0,71.0,131.0,131.0,0
SKU097,2025-12-29,actual,70.0,86.5,70.0,70.0,0
SKU097,2026-01-05,actual,66.0,84.25,66.0,66.0,0
SKU097,2026-01-12,actual,62.0,84.0,62.0,62.0,0
SKU097,2026-01-19,actual,72.0,82.25,72.0,72.0,0
SKU097,2026-01-26,actual,78.0,67.5,78.0,78.0,0
SKU097,2026-02-02,actual,42.0,69.5,42.0,42.0,0
SKU097,2026-02-09,actual,71.0,63.5,71.0,71.0,0
SKU097,2026-02-16,actual,48.0,65.75,48.0,48.0,0
SKU097,2026-02-23,actual,44.0,59.75,44.0,44.0,0
SKU097,2026-03-02,actual,37.0,51.25,37.0,37.0,0
SKU097,2026-03-09,actual,69.0,50.0,69.0,69.0,0
SKU097,2026-03-16,actual,44.0,49.5,44.0,44.0,0
SKU097,2026-03-23,actual,42.0,48.5,42.0,42.0,0
SKU097,2026-03-30,actual,40.0,48.0,40.0,40.0,0
SKU097,2026-04-06,actual,59.0,48.75,59.0,59.0,0
SKU097,2026-04-13,actual,54.0,46.25,54.0,54.0,0
SKU097,2026-04-20,actual,53.0,48.75,53.0,53.0,0
SKU097,2026-04-27,actual,76.0,51.5,76.0,76.0,0
SKU097,2026-05-04,actual,58.0,60.5,58.0,58.0,0
SKU097,2026-05-11,actual,41.0,60.25,41.0,41.0,0
SKU097,2026-05-18,actual,57.0,57.0,57.0,57.0,0
SKU097,2026-05-25,actual,45.0,58.0,45.0,45.0,0
SKU097,2026-06-01,actual,54.0,50.25,54.0,54.0,0
SKU097,2026-06-08,actual,69.0,49.25,69.0,69.0,0
SKU097,2026-06-15,actual,52.0,56.25,52.0,52.0,0
SKU098,2024-06-24,actual,10.0,0.0,10.0,10.0,0
SKU098,2024-07-01,actual,17.0,10.0,17.0,17.0,0
SKU098,2024-07-08,actual,10.0,13.5,10.0,10.0,0
SKU098,2024-07-15,actual,16.0,12.333333333333334,16.0,16.0,0
SKU098,2024-07-22,actual,11.0,13.25,11.0,11.0,0
SKU098,2024-07-29,actual,10.0,13.5,10.0,10.0,0
SKU098,2024-08-05,actual,14.0,11.75,14.0,14.0,0
SKU098,2024-08-12,actual,19.0,12.75,19.0,19.0,0
SKU098,2024-08-19,actual,16.0,13.5,16.0,16.0,0
SKU098,2024-08-26,actual,11.0,14.75,11.0,11.0,0
SKU098,2024-09-02,actual,11.0,15.0,11.0,11.0,0
SKU098,2024-09-09,actual,11.0,14.25,11.0,11.0,0
SKU098,2024-09-16,actual,8.0,12.25,8.0,8.0,0
SKU098,2024-09-23,actual,12.0,10.25,12.0,12.0,0
SKU098,2024-09-30,actual,8.0,10.5,8.0,8.0,0
SKU098,2024-10-07,actual,13.0,9.75,13.0,13.0,0
SKU098,2024-10-14,actual,15.0,10.25,15.0,15.0,0
SKU098,2024-10-21,actual,24.0,12.0,24.0,24.0,0
SKU098,2024-10-28,actual,12.0,15.0,12.0,12.0,0
SKU098,2024-11-04,actual,5.0,16.0,5.0,5.0,0
SKU098,2024-11-11,actual,11.0,14.0,11.0,11.0,0
SKU098,2024-11-18,actual,9.0,13.0,9.0,9.0,0
SKU098,2024-11-25,actual,9.0,9.25,9.0,9.0,0
SKU098,2024-12-02,actual,11.0,8.5,11.0,11.0,0
SKU098,2024-12-09,actual,5.0,10.0,5.0,5.0,0
SKU098,2024-12-16,actual,3.0,8.5,3.0,3.0,0
SKU098,2024-12-23,actual,4.0,7.0,4.0,4.0,0
SKU098,2024-12-30,actual,8.0,5.75,8.0,8.0,0
SKU098,2025-01-06,actual,8.0,5.0,8.0,8.0,0
SKU098,2025-01-13,actual,9.0,5.75,9.0,9.0,0
SKU098,2025-01-20,actual,16.0,7.25,16.0,16.0,0
SKU098,2025-01-27,actual,7.0,10.25,7.0,7.0,0
SKU098,2025-02-03,actual,13.0,10.0,13.0,13.0,0
SKU098,2025-02-10,actual,9.0,11.25,9.0,9.0,0
SKU098,2025-02-17,actual,5.0,11.25,5.0,5.0,0
SKU098,2025-02-24,actual,7.0,8.5,7.0,7.0,0
SKU098,2025-03-03,actual,3.0,8.5,3.0,3.0,0
SKU098,2025-03-10,actual,5.0,6.0,5.0,5.0,0
SKU098,2025-03-17,actual,8.0,5.0,8.0,8.0,0
SKU098,2025-03-24,actual,13.0,5.75,13.0,13.0,0
SKU098,2025-03-31,actual,6.0,7.25,6.0,6.0,0
SKU098,2025-04-07,actual,6.0,8.0,6.0,6.0,0
SKU098,2025-04-14,actual,9.0,8.25,9.0,9.0,0
SKU098,2025-04-21,actual,10.0,8.5,10.0,10.0,0
SKU098,2025-04-28,actual,19.0,7.75,19.0,19.0,0
SKU098,2025-05-05,actual,20.0,11.0,20.0,20.0,0
SKU098,2025-05-12,actual,11.0,14.5,11.0,11.0,0
SKU098,2025-05-19,actual,6.0,15.0,6.0,6.0,0
SKU098,2025-05-26,actual,13.0,14.0,13.0,13.0,0
SKU098,2025-06-02,actual,6.0,12.5,6.0,6.0,0
SKU098,2025-06-09,actual,17.0,9.0,17.0,17.0,0
SKU098,2025-06-16,actual,18.0,10.5,18.0,18.0,0
SKU098,2025-06-23,actual,10.0,10.0,10.0,10.0,0
SKU098,2025-06-30,actual,9.0,17.0,9.0,9.0,0
SKU098,2025-07-07,actual,8.0,10.0,8.0,8.0,0
SKU098,2025-07-14,actual,17.0,16.0,17.0,17.0,0
SKU098,2025-07-21,actual,18.0,11.0,18.0,18.0,0
SKU098,2025-07-28,actual,19.0,10.0,19.0,19.0,0
SKU098,2025-08-04,actual,13.0,14.0,13.0,13.0,0
SKU098,2025-08-11,actual,29.0,19.0,29.0,29.0,0
SKU098,2025-08-18,actual,10.0,16.0,10.0,10.0,0
SKU098,2025-08-25,actual,19.0,11.0,19.0,19.0,0
SKU098,2025-09-01,actual,16.0,11.0,16.0,16.0,0
SKU098,2025-09-08,actual,15.0,11.0,15.0,15.0,0
SKU098,2025-09-15,actual,6.0,8.0,6.0,6.0,0
SKU098,2025-09-22,actual,10.0,12.0,10.0,10.0,0
SKU098,2025-09-29,actual,13.0,8.0,13.0,13.0,0
SKU098,2025-10-06,actual,6.0,13.0,6.0,6.0,0
SKU098,2025-10-13,actual,9.0,15.0,9.0,9.0,0
SKU098,2025-10-20,actual,22.0,24.0,22.0,22.0,0
SKU098,2025-10-27,actual,17.0,12.0,17.0,17.0,0
SKU098,2025-11-03,actual,11.0,5.0,11.0,11.0,0
SKU098,2025-11-10,actual,10.0,11.0,10.0,10.0,0
SKU098,2025-11-17,actual,7.0,9.0,7.0,7.0,0
SKU098,2025-11-24,actual,5.0,9.0,5.0,5.0,0
SKU098,2025-12-01,actual,5.0,11.0,5.0,5.0,0
SKU098,2025-12-08,actual,11.0,5.0,11.0,11.0,0
SKU098,2025-12-15,actual,6.0,3.0,6.0,6.0,0
SKU098,2025-12-22,actual,6.0,4.0,6.0,6.0,0
SKU098,2025-12-29,actual,3.0,8.0,3.0,3.0,0
SKU098,2026-01-05,actual,13.0,8.0,13.0,13.0,0
SKU098,2026-01-12,actual,12.0,9.0,12.0,12.0,0
SKU098,2026-01-19,actual,8.0,16.0,8.0,8.0,0
SKU098,2026-01-26,actual,7.0,7.0,7.0,7.0,0
SKU098,2026-02-02,actual,7.0,13.0,7.0,7.0,0
SKU098,2026-02-09,actual,4.0,9.0,4.0,4.0,0
SKU098,2026-02-16,actual,6.0,5.0,6.0,6.0,0
SKU098,2026-02-23,actual,3.0,7.0,3.0,3.0,0
SKU098,2026-03-02,actual,10.0,3.0,10.0,10.0,0
SKU098,2026-03-09,actual,8.0,5.0,8.0,8.0,0
SKU098,2026-03-16,actual,5.0,8.0,5.0,5.0,0
SKU098,2026-03-23,actual,9.0,13.0,9.0,9.0,0
SKU098,2026-03-30,actual,10.0,6.0,10.0,10.0,0
SKU098,2026-04-06,actual,11.0,6.0,11.0,11.0,0
SKU098,2026-04-13,actual,8.0,9.0,8.0,8.0,0
SKU098,2026-04-20,actual,10.0,10.0,10.0,10.0,0
SKU098,2026-04-27,actual,16.0,19.0,16.0,16.0,0
SKU098,2026-05-04,actual,22.0,20.0,22.0,22.0,0
SKU098,2026-05-11,actual,11.0,11.0,11.0,11.0,0
SKU098,2026-05-18,actual,8.0,6.0,8.0,8.0,0
SKU098,2026-05-25,actual,14.0,13.0,14.0,14.0,0
SKU098,2026-06-01,actual,13.0,6.0,13.0,13.0,0
SKU098,2026-06-08,actual,12.0,17.0,12.0,12.0,0
SKU098,2026-06-15,actual,14.0,18.0,14.0,14.0,0
SKU099,2024-09-09,actual,8.0,0.0,8.0,8.0,0
SKU099,2024-09-16,actual,13.0,8.0,13.0,13.0,0
SKU099,2024-09-23,actual,10.0,10.5,10.0,10.0,0
SKU099,2024-09-30,actual,19.0,10.333333333333334,19.0,19.0,0
SKU099,2024-10-07,actual,14.0,12.5,14.0,14.0,0
SKU099,2024-10-14,actual,20.0,14.0,20.0,20.0,0
SKU099,2024-10-21,actual,33.0,15.75,33.0,33.0,0
SKU099,2024-10-28,actual,16.0,21.5,16.0,16.0,0
SKU099,2024-11-04,actual,16.0,20.75,16.0,16.0,0
SKU099,2024-11-11,actual,12.0,21.25,12.0,12.0,0
SKU099,2024-11-18,actual,17.0,19.25,17.0,17.0,0
SKU099,2024-11-25,actual,20.0,15.25,20.0,20.0,0
SKU099,2024-12-02,actual,23.0,16.25,23.0,23.0,0
SKU099,2024-12-09,actual,12.0,18.0,12.0,12.0,0
SKU099,2024-12-16,actual,15.0,18.0,15.0,15.0,0
SKU099,2024-12-23,actual,37.0,17.5,37.0,37.0,0
SKU099,2024-12-30,actual,17.0,21.75,17.0,17.0,0
SKU099,2025-01-06,actual,6.0,20.25,6.0,6.0,0
SKU099,2025-01-13,actual,14.0,18.75,14.0,14.0,0
SKU099,2025-01-20,actual,31.0,18.5,31.0,31.0,0
SKU099,2025-01-27,actual,21.0,17.0,21.0,21.0,0
SKU099,2025-02-03,actual,15.0,18.0,15.0,15.0,0
SKU099,2025-02-10,actual,14.0,20.25,14.0,14.0,0
SKU099,2025-02-17,actual,15.0,20.25,15.0,15.0,0
SKU099,2025-02-24,actual,11.0,16.25,11.0,11.0,0
SKU099,2025-03-03,actual,15.0,13.75,15.0,15.0,0
SKU099,2025-03-10,actual,13.0,13.75,13.0,13.0,0
SKU099,2025-03-17,actual,14.0,13.5,14.0,14.0,0
SKU099,2025-03-24,actual,12.0,13.25,12.0,12.0,0
SKU099,2025-03-31,actual,13.0,13.5,13.0,13.0,0
SKU099,2025-04-07,actual,13.0,13.0,13.0,13.0,0
SKU099,2025-04-14,actual,14.0,13.0,14.0,14.0,0
SKU099,2025-04-21,actual,11.0,13.0,11.0,11.0,0
SKU099,2025-04-28,actual,17.0,12.75,17.0,17.0,0
SKU099,2025-05-05,actual,11.0,13.75,11.0,11.0,0
SKU099,2025-05-12,actual,7.0,13.25,7.0,7.0,0
SKU099,2025-05-19,actual,7.0,11.5,7.0,7.0,0
SKU099,2025-05-26,actual,13.0,10.5,13.0,13.0,0
SKU099,2025-06-02,actual,11.0,9.5,11.0,11.0,0
SKU099,2025-06-09,actual,7.0,9.5,7.0,7.0,0
SKU099,2025-06-16,actual,5.0,9.5,5.0,5.0,0
SKU099,2025-06-23,actual,9.0,9.0,9.0,9.0,0
SKU099,2025-06-30,actual,7.0,8.0,7.0,7.0,0
SKU099,2025-07-07,actual,7.0,7.0,7.0,7.0,0
SKU099,2025-07-14,actual,13.0,7.0,13.0,13.0,0
SKU099,2025-07-21,actual,10.0,9.0,10.0,10.0,0
SKU099,2025-07-28,actual,11.0,9.25,11.0,11.0,0
SKU099,2025-08-04,actual,11.0,10.25,11.0,11.0,0
SKU099,2025-08-11,actual,24.0,11.25,24.0,24.0,0
SKU099,2025-08-18,actual,8.0,14.0,8.0,8.0,0
SKU099,2025-08-25,actual,9.0,13.5,9.0,9.0,0
SKU099,2025-09-01,actual,16.0,13.0,16.0,16.0,0
SKU099,2025-09-08,actual,14.0,8.0,14.0,14.0,0
SKU099,2025-09-15,actual,12.0,13.0,12.0,12.0,0
SKU099,2025-09-22,actual,8.0,10.0,8.0,8.0,0
SKU099,2025-09-29,actual,14.0,19.0,14.0,14.0,0
SKU099,2025-10-06,actual,13.0,14.0,13.0,13.0,0
SKU099,2025-10-13,actual,14.0,20.0,14.0,14.0,0
SKU099,2025-10-20,actual,37.0,33.0,37.0,37.0,0
SKU099,2025-10-27,actual,10.0,16.0,10.0,10.0,0
SKU099,2025-11-03,actual,22.0,16.0,22.0,22.0,0
SKU099,2025-11-10,actual,12.0,12.0,12.0,12.0,0
SKU099,2025-11-17,actual,12.0,17.0,12.0,12.0,0
SKU099,2025-11-24,actual,17.0,20.0,17.0,17.0,0
SKU099,2025-12-01,actual,26.0,23.0,26.0,26.0,0
SKU099,2025-12-08,actual,22.0,12.0,22.0,22.0,0
SKU099,2025-12-15,actual,19.0,15.0,19.0,19.0,0
SKU099,2025-12-22,actual,31.0,37.0,31.0,31.0,0
SKU099,2025-12-29,actual,16.0,17.0,16.0,16.0,0
SKU099,2026-01-05,actual,20.0,6.0,20.0,20.0,0
SKU099,2026-01-12,actual,13.0,14.0,13.0,13.0,0
SKU099,2026-01-19,actual,24.0,31.0,24.0,24.0,0
SKU099,2026-01-26,actual,22.0,21.0,22.0,22.0,0
SKU099,2026-02-02,actual,14.0,15.0,14.0,14.0,0
SKU099,2026-02-09,actual,13.0,14.0,13.0,13.0,0
SKU099,2026-02-16,actual,15.0,15.0,15.0,15.0,0
SKU099,2026-02-23,actual,14.0,11.0,14.0,14.0,0
SKU099,2026-03-02,actual,4.0,15.0,4.0,4.0,0
SKU099,2026-03-09,actual,11.0,13.0,11.0,11.0,0
SKU099,2026-03-16,actual,8.0,14.0,8.0,8.0,0
SKU099,2026-03-23,actual,17.0,12.0,17.0,17.0,0
SKU099,2026-03-30,actual,15.0,13.0,15.0,15.0,0
SKU099,2026-04-06,actual,13.0,13.0,13.0,13.0,0
SKU099,2026-04-13,actual,10.0,14.0,10.0,10.0,0
SKU099,2026-04-20,actual,10.0,11.0,10.0,10.0,0
SKU099,2026-04-27,actual,12.0,17.0,12.0,12.0,0
SKU099,2026-05-04,actual,10.0,11.0,10.0,10.0,0
SKU099,2026-05-11,actual,17.0,7.0,17.0,17.0,0
SKU099,2026-05-18,actual,10.0,7.0,10.0,10.0,0
SKU099,2026-05-25,actual,8.0,13.0,8.0,8.0,0
SKU099,2026-06-01,actual,11.0,11.0,11.0,11.0,0
SKU099,2026-06-08,actual,13.0,7.0,13.0,13.0,0
SKU099,2026-06-15,actual,4.0,5.0,4.0,4.0,0
SKU100,2024-07-01,actual,0.0,0.0,0.0,0.0,0
SKU100,2024-07-08,actual,8.0,0.0,8.0,8.0,0
SKU100,2024-07-15,actual,7.0,4.0,7.0,7.0,0
SKU100,2024-07-22,actual,8.0,5.0,8.0,8.0,0
SKU100,2024-07-29,actual,7.0,5.75,7.0,7.0,0
SKU100,2024-08-05,actual,10.0,7.5,10.0,10.0,0
SKU100,2024-08-12,actual,11.0,8.0,11.0,11.0,0
SKU100,2024-08-19,actual,3.0,9.0,3.0,3.0,0
SKU100,2024-08-26,actual,7.0,7.75,7.0,7.0,0
SKU100,2024-09-02,actual,2.0,7.75,2.0,2.0,0
SKU100,2024-09-09,actual,6.0,5.75,6.0,6.0,0
SKU100,2024-09-16,actual,11.0,4.5,11.0,11.0,0
SKU100,2024-09-23,actual,14.0,6.5,14.0,14.0,0
SKU100,2024-09-30,actual,9.0,8.25,9.0,9.0,0
SKU100,2024-10-07,actual,3.0,10.0,3.0,3.0,0
SKU100,2024-10-14,actual,3.0,9.25,3.0,3.0,0
SKU100,2024-10-21,actual,11.0,7.25,11.0,11.0,0
SKU100,2024-10-28,actual,5.0,6.5,5.0,5.0,0
SKU100,2024-11-04,actual,3.0,5.5,3.0,3.0,0
SKU100,2024-11-11,actual,5.0,5.5,5.0,5.0,0
SKU100,2024-11-18,actual,5.0,6.0,5.0,5.0,0
SKU100,2024-11-25,actual,3.0,4.5,3.0,3.0,0
SKU100,2024-12-02,actual,5.0,4.0,5.0,5.0,0
SKU100,2024-12-09,actual,9.0,4.5,9.0,9.0,0
SKU100,2024-12-16,actual,5.0,5.5,5.0,5.0,0
SKU100,2024-12-23,actual,5.0,5.5,5.0,5.0,0
SKU100,2024-12-30,actual,7.0,6.0,7.0,7.0,0
SKU100,2025-01-06,actual,8.0,6.5,8.0,8.0,0
SKU100,2025-01-13,actual,5.0,6.25,5.0,5.0,0
SKU100,2025-01-20,actual,17.0,6.25,17.0,17.0,0
SKU100,2025-01-27,actual,6.0,9.25,6.0,6.0,0
SKU100,2025-02-03,actual,6.0,9.0,6.0,6.0,0
SKU100,2025-02-10,actual,5.0,8.5,5.0,5.0,0
SKU100,2025-02-17,actual,7.0,8.5,7.0,7.0,0
SKU100,2025-02-24,actual,7.0,6.0,7.0,7.0,0
SKU100,2025-03-03,actual,9.0,6.25,9.0,9.0,0
SKU100,2025-03-10,actual,11.0,7.0,11.0,11.0,0
SKU100,2025-03-17,actual,8.0,8.5,8.0,8.0,0
SKU100,2025-03-24,actual,7.0,8.75,7.0,7.0,0
SKU100,2025-03-31,actual,6.0,8.75,6.0,6.0,0
SKU100,2025-04-07,actual,9.0,8.0,9.0,9.0,0
SKU100,2025-04-14,actual,12.0,7.5,12.0,12.0,0
SKU100,2025-04-21,actual,9.0,8.5,9.0,9.0,0
SKU100,2025-04-28,actual,20.0,9.0,20.0,20.0,0
SKU100,2025-05-05,actual,13.0,12.5,13.0,13.0,0
SKU100,2025-05-12,actual,5.0,13.5,5.0,5.0,0
SKU100,2025-05-19,actual,11.0,11.75,11.0,11.0,0
SKU100,2025-05-26,actual,10.0,12.25,10.0,10.0,0
SKU100,2025-06-02,actual,9.0,9.75,9.0,9.0,0
SKU100,2025-06-09,actual,6.0,8.75,6.0,6.0,0
SKU100,2025-06-16,actual,8.0,9.0,8.0,8.0,0
SKU100,2025-06-23,actual,13.0,8.25,13.0,13.0,0
SKU100,2025-06-30,actual,7.0,0.0,7.0,7.0,0
SKU100,2025-07-07,actual,8.0,8.0,8.0,8.0,0
SKU100,2025-07-14,actual,13.0,7.0,13.0,13.0,0
SKU100,2025-07-21,actual,9.0,8.0,9.0,9.0,0
SKU100,2025-07-28,actual,8.0,7.0,8.0,8.0,0
SKU100,2025-08-04,actual,10.0,10.0,10.0,10.0,0
SKU100,2025-08-11,actual,10.0,11.0,10.0,10.0,0
SKU100,2025-08-18,actual,3.0,3.0,3.0,3.0,0
SKU100,2025-08-25,actual,9.0,7.0,9.0,9.0,0
SKU100,2025-09-01,actual,6.0,2.0,6.0,6.0,0
SKU100,2025-09-08,actual,7.0,6.0,7.0,7.0,0
SKU100,2025-09-15,actual,10.0,11.0,10.0,10.0,0
SKU100,2025-09-22,actual,4.0,14.0,4.0,4.0,0
SKU100,2025-09-29,actual,7.0,9.0,7.0,7.0,0
SKU100,2025-10-06,actual,8.0,3.0,8.0,8.0,0
SKU100,2025-10-13,actual,2.0,3.0,2.0,2.0,0
SKU100,2025-10-20,actual,11.0,11.0,11.0,11.0,0
SKU100,2025-10-27,actual,7.0,5.0,7.0,7.0,0
SKU100,2025-11-03,actual,8.0,3.0,8.0,8.0,0
SKU100,2025-11-10,actual,7.0,5.0,7.0,7.0,0
SKU100,2025-11-17,actual,4.0,5.0,4.0,4.0,0
SKU100,2025-11-24,actual,3.0,3.0,3.0,3.0,0
SKU100,2025-12-01,actual,4.0,5.0,4.0,4.0,0
SKU100,2025-12-08,actual,1.0,9.0,1.0,1.0,0
SKU100,2025-12-15,actual,7.0,5.0,7.0,7.0,0
SKU100,2025-12-22,actual,9.0,5.0,9.0,9.0,0
SKU100,2025-12-29,actual,6.0,7.0,6.0,6.0,0
SKU100,2026-01-05,actual,4.0,8.0,4.0,4.0,0
SKU100,2026-01-12,actual,7.0,5.0,7.0,7.0,0
SKU100,2026-01-19,actual,6.0,17.0,6.0,6.0,0
SKU100,2026-01-26,actual,13.0,6.0,13.0,13.0,0
SKU100,2026-02-02,actual,7.0,6.0,7.0,7.0,0
SKU100,2026-02-09,actual,5.0,5.0,5.0,5.0,0
SKU100,2026-02-16,actual,11.0,7.0,11.0,11.0,0
SKU100,2026-02-23,actual,6.0,7.0,6.0,6.0,0
SKU100,2026-03-02,actual,10.0,9.0,10.0,10.0,0
SKU100,2026-03-09,actual,11.0,11.0,11.0,11.0,0
SKU100,2026-03-16,actual,10.0,8.0,10.0,10.0,0
SKU100,2026-03-23,actual,12.0,7.0,12.0,12.0,0
SKU100,2026-03-30,actual,6.0,6.0,6.0,6.0,0
SKU100,2026-04-06,actual,12.0,9.0,12.0,12.0,0
SKU100,2026-04-13,actual,14.0,12.0,14.0,14.0,0
SKU100,2026-04-20,actual,9.0,9.0,9.0,9.0,0
SKU100,2026-04-27,actual,14.0,20.0,14.0,14.0,0
SKU100,2026-05-04,actual,9.0,13.0,9.0,9.0,0
SKU100,2026-05-11,actual,7.0,5.0,7.0,7.0,0
SKU100,2026-05-18,actual,7.0,11.0,7.0,7.0,0
SKU100,2026-05-25,actual,13.0,10.0,13.0,13.0,0
SKU100,2026-06-01,actual,8.0,9.0,8.0,8.0,0
SKU100,2026-06-08,actual,8.0,6.0,8.0,8.0,0
SKU100,2026-06-15,actual,5.0,8.0,5.0,5.0,0
SKU101,2025-11-24,actual,10.0,0.0,10.0,10.0,0
SKU101,2025-12-01,actual,12.0,10.0,12.0,12.0,0
SKU101,2025-12-08,actual,14.0,11.0,14.0,14.0,0
SKU101,2025-12-15,actual,5.0,12.0,5.0,5.0,0
SKU101,2025-12-22,actual,28.0,10.25,28.0,28.0,0
SKU101,2025-12-29,actual,13.0,14.75,13.0,13.0,0
SKU101,2026-01-05,actual,14.0,15.0,14.0,14.0,0
SKU101,2026-01-12,actual,17.0,15.0,17.0,17.0,0
SKU101,2026-01-19,actual,15.0,18.0,15.0,15.0,0
SKU101,2026-01-26,actual,30.0,14.75,30.0,30.0,0
SKU101,2026-02-02,actual,14.0,19.0,14.0,14.0,0
SKU101,2026-02-09,actual,10.0,19.0,10.0,10.0,0
SKU101,2026-02-16,actual,20.0,17.25,20.0,20.0,0
SKU101,2026-02-23,actual,20.0,18.5,20.0,20.0,0
SKU101,2026-03-02,actual,19.0,16.0,19.0,19.0,0
SKU101,2026-03-09,actual,14.0,17.25,14.0,14.0,0
SKU101,2026-03-16,actual,21.0,18.25,21.0,21.0,0
SKU101,2026-03-23,actual,6.0,18.5,6.0,6.0,0
SKU101,2026-03-30,actual,15.0,15.0,15.0,15.0,0
SKU101,2026-04-06,actual,16.0,14.0,16.0,16.0,0
SKU101,2026-04-13,actual,13.0,14.5,13.0,13.0,0
SKU101,2026-04-20,actual,15.0,12.5,15.0,15.0,0
SKU101,2026-04-27,actual,22.0,14.75,22.0,22.0,0
SKU101,2026-05-04,actual,13.0,16.5,13.0,13.0,0
SKU101,2026-05-11,actual,12.0,15.75,12.0,12.0,0
SKU101,2026-05-18,actual,20.0,15.5,20.0,20.0,0
SKU101,2026-05-25,actual,9.0,16.75,9.0,9.0,0
SKU101,2026-06-01,actual,8.0,13.5,8.0,8.0,0
SKU101,2026-06-08,actual,9.0,12.25,9.0,9.0,0
SKU101,2026-06-15,actual,12.0,11.5,12.0,12.0,0
SKU102,2024-07-08,actual,35.0,0.0,35.0,35.0,0
SKU102,2024-07-15,actual,43.0,35.0,43.0,43.0,0
SKU102,2024-07-22,actual,31.0,39.0,31.0,31.0,0
SKU102,2024-07-29,actual,30.0,36.333333333333336,30.0,30.0,0
SKU102,2024-08-05,actual,32.0,34.75,32.0,32.0,0
SKU102,2024-08-12,actual,58.0,34.0,58.0,58.0,0
SKU102,2024-08-19,actual,32.0,37.75,32.0,32.0,0
SKU102,2024-08-26,actual,23.0,38.0,23.0,23.0,0
SKU102,2024-09-02,actual,27.0,36.25,27.0,27.0,0
SKU102,2024-09-09,actual,28.0,35.0,28.0,28.0,0
SKU102,2024-09-16,actual,27.0,27.5,27.0,27.0,0
SKU102,2024-09-23,actual,27.0,26.25,27.0,27.0,0
SKU102,2024-09-30,actual,22.0,27.25,22.0,22.0,0
SKU102,2024-10-07,actual,24.0,26.0,24.0,24.0,0
SKU102,2024-10-14,actual,28.0,25.0,28.0,28.0,0
SKU102,2024-10-21,actual,62.0,25.25,62.0,62.0,0
SKU102,2024-10-28,actual,26.0,34.0,26.0,26.0,0
SKU102,2024-11-04,actual,34.0,35.0,34.0,34.0,0
SKU102,2024-11-11,actual,32.0,37.5,32.0,32.0,0
SKU102,2024-11-18,actual,30.0,38.5,30.0,30.0,0
SKU102,2024-11-25,actual,34.0,30.5,34.0,34.0,0
SKU102,2024-12-02,actual,30.0,32.5,30.0,30.0,0
SKU102,2024-12-09,actual,37.0,31.5,37.0,37.0,0
SKU102,2024-12-16,actual,43.0,32.75,43.0,43.0,0
SKU102,2024-12-23,actual,75.0,36.0,75.0,75.0,0
SKU102,2024-12-30,actual,29.0,46.25,29.0,29.0,0
SKU102,2025-01-06,actual,37.0,46.0,37.0,37.0,0
SKU102,2025-01-13,actual,49.0,46.0,49.0,49.0,0
SKU102,2025-01-20,actual,84.0,47.5,84.0,84.0,0
SKU102,2025-01-27,actual,57.0,49.75,57.0,57.0,0
SKU102,2025-02-03,actual,43.0,56.75,43.0,43.0,0
SKU102,2025-02-10,actual,23.0,58.25,23.0,23.0,0
SKU102,2025-02-17,actual,55.0,51.75,55.0,55.0,0
SKU102,2025-02-24,actual,44.0,44.5,44.0,44.0,0
SKU102,2025-03-03,actual,39.0,41.25,39.0,39.0,0
SKU102,2025-03-10,actual,53.0,40.25,53.0,53.0,0
SKU102,2025-03-17,actual,32.0,47.75,32.0,32.0,0
SKU102,2025-03-24,actual,49.0,42.0,49.0,49.0,0
SKU102,2025-03-31,actual,52.0,43.25,52.0,52.0,0
SKU102,2025-04-07,actual,64.0,46.5,64.0,64.0,0
SKU102,2025-04-14,actual,45.0,49.25,45.0,45.0,0
SKU102,2025-04-21,actual,46.0,52.5,46.0,46.0,0
SKU102,2025-04-28,actual,65.0,51.75,65.0,65.0,0
SKU102,2025-05-05,actual,44.0,55.0,44.0,44.0,0
SKU102,2025-05-12,actual,43.0,50.0,43.0,43.0,0
SKU102,2025-05-19,actual,59.0,49.5,59.0,59.0,0
SKU102,2025-05-26,actual,42.0,52.75,42.0,42.0,0
SKU102,2025-06-02,actual,38.0,47.0,38.0,38.0,0
SKU102,2025-06-09,actual,44.0,45.5,44.0,44.0,0
SKU102,2025-06-16,actual,36.0,45.75,36.0,36.0,0
SKU102,2025-06-23,actual,49.0,40.0,49.0,49.0,0
SKU102,2025-06-30,actual,32.0,41.75,32.0,32.0,0
SKU102,2025-07-07,actual,38.0,35.0,38.0,38.0,0
SKU102,2025-07-14,actual,33.0,43.0,33.0,33.0,0
SKU102,2025-07-21,actual,38.0,31.0,38.0,38.0,0
SKU102,2025-07-28,actual,26.0,30.0,26.0,26.0,0
SKU102,2025-08-04,actual,31.0,32.0,31.0,31.0,0
SKU102,2025-08-11,actual,58.0,58.0,58.0,58.0,0
SKU102,2025-08-18,actual,28.0,32.0,28.0,28.0,0
SKU102,2025-08-25,actual,28.0,23.0,28.0,28.0,0
SKU102,2025-09-01,actual,33.0,27.0,33.0,33.0,0
SKU102,2025-09-08,actual,32.0,28.0,32.0,32.0,0
SKU102,2025-09-15,actual,30.0,27.0,30.0,30.0,0
SKU102,2025-09-22,actual,30.0,27.0,30.0,30.0,0
SKU102,2025-09-29,actual,20.0,22.0,20.0,20.0,0
SKU102,2025-10-06,actual,30.0,24.0,30.0,30.0,0
SKU102,2025-10-13,actual,19.0,28.0,19.0,19.0,0
SKU102,2025-10-20,actual,63.0,62.0,63.0,63.0,0
SKU102,2025-10-27,actual,39.0,26.0,39.0,39.0,0
SKU102,2025-11-03,actual,20.0,34.0,20.0,20.0,0
SKU102,2025-11-10,actual,37.0,32.0,37.0,37.0,0
SKU102,2025-11-17,actual,30.0,30.0,30.0,30.0,0
SKU102,2025-11-24,actual,23.0,34.0,23.0,23.0,0
SKU102,2025-12-01,actual,29.0,30.0,29.0,29.0,0
SKU102,2025-12-08,actual,31.0,37.0,31.0,31.0,0
SKU102,2025-12-15,actual,28.0,43.0,28.0,28.0,0
SKU102,2025-12-22,actual,74.0,75.0,74.0,74.0,0
SKU102,2025-12-29,actual,42.0,29.0,42.0,42.0,0
SKU102,2026-01-05,actual,28.0,37.0,28.0,28.0,0
SKU102,2026-01-12,actual,33.0,49.0,33.0,33.0,0
SKU102,2026-01-19,actual,55.0,84.0,55.0,55.0,0
SKU102,2026-01-26,actual,73.0,57.0,73.0,73.0,0
SKU102,2026-02-02,actual,38.0,43.0,38.0,38.0,0
SKU102,2026-02-09,actual,51.0,23.0,51.0,51.0,0
SKU102,2026-02-16,actual,41.0,55.0,41.0,41.0,0
SKU102,2026-02-23,actual,46.0,44.0,46.0,46.0,0
SKU102,2026-03-02,actual,46.0,39.0,46.0,46.0,0
SKU102,2026-03-09,actual,49.0,53.0,49.0,49.0,0
SKU102,2026-03-16,actual,60.0,32.0,60.0,60.0,0
SKU102,2026-03-23,actual,54.0,49.0,54.0,54.0,0
SKU102,2026-03-30,actual,53.0,52.0,53.0,53.0,0
SKU102,2026-04-06,actual,40.0,64.0,40.0,40.0,0
SKU102,2026-04-13,actual,43.0,45.0,43.0,43.0,0
SKU102,2026-04-20,actual,45.0,46.0,45.0,45.0,0
SKU102,2026-04-27,actual,78.0,65.0,78.0,78.0,0
SKU102,2026-05-04,actual,70.0,44.0,70.0,70.0,0
SKU102,2026-05-11,actual,59.0,43.0,59.0,59.0,0
SKU102,2026-05-18,actual,32.0,59.0,32.0,32.0,0
SKU102,2026-05-25,actual,38.0,42.0,38.0,38.0,0
SKU102,2026-06-01,actual,55.0,38.0,55.0,55.0,0
SKU102,2026-06-08,actual,42.0,44.0,42.0,42.0,0
SKU102,2026-06-15,actual,42.0,36.0,42.0,42.0,0
SKU103,2024-05-27,actual,11.0,0.0,11.0,11.0,0
SKU103,2024-06-03,actual,27.0,11.0,27.0,27.0,0
SKU103,2024-06-10,actual,26.0,19.0,26.0,26.0,0
SKU103,2024-06-17,actual,22.0,21.333333333333332,22.0,22.0,0
SKU103,2024-06-24,actual,29.0,21.5,29.0,29.0,0
SKU103,2024-07-01,actual,23.0,26.0,23.0,23.0,0
SKU103,2024-07-08,actual,23.0,25.0,23.0,23.0,0
SKU103,2024-07-15,actual,31.0,24.25,31.0,31.0,0
SKU103,2024-07-22,actual,22.0,26.5,22.0,22.0,0
SKU103,2024-07-29,actual,33.0,24.75,33.0,33.0,0
SKU103,2024-08-05,actual,36.0,27.25,36.0,36.0,0
SKU103,2024-08-12,actual,50.0,30.5,50.0,50.0,0
SKU103,2024-08-19,actual,39.0,35.25,39.0,39.0,0
SKU103,2024-08-26,actual,32.0,39.5,32.0,32.0,0
SKU103,2024-09-02,actual,37.0,39.25,37.0,37.0,0
SKU103,2024-09-09,actual,33.0,39.5,33.0,33.0,0
SKU103,2024-09-16,actual,38.0,35.25,38.0,38.0,0
SKU103,2024-09-23,actual,32.0,35.0,32.0,32.0,0
SKU103,2024-09-30,actual,42.0,35.0,42.0,42.0,0
SKU103,2024-10-07,actual,39.0,36.25,39.0,39.0,0
SKU103,2024-10-14,actual,56.0,37.75,56.0,56.0,0
SKU103,2024-10-21,actual,92.0,42.25,92.0,92.0,0
SKU103,2024-10-28,actual,43.0,57.25,43.0,43.0,0
SKU103,2024-11-04,actual,37.0,57.5,37.0,37.0,0
SKU103,2024-11-11,actual,35.0,57.0,35.0,35.0,0
SKU103,2024-11-18,actual,39.0,51.75,39.0,39.0,0
SKU103,2024-11-25,actual,47.0,38.5,47.0,47.0,0
SKU103,2024-12-02,actual,38.0,39.5,38.0,38.0,0
SKU103,2024-12-09,actual,47.0,39.75,47.0,47.0,0
SKU103,2024-12-16,actual,55.0,42.75,55.0,55.0,0
SKU103,2024-12-23,actual,119.0,46.75,119.0,119.0,0
SKU103,2024-12-30,actual,51.0,64.75,51.0,51.0,0
SKU103,2025-01-06,actual,69.0,68.0,69.0,69.0,0
SKU103,2025-01-13,actual,44.0,73.5,44.0,44.0,0
SKU103,2025-01-20,actual,91.0,70.75,91.0,91.0,0
SKU103,2025-01-27,actual,76.0,63.75,76.0,76.0,0
SKU103,2025-02-03,actual,71.0,70.0,71.0,71.0,0
SKU103,2025-02-10,actual,36.0,70.5,36.0,36.0,0
SKU103,2025-02-17,actual,56.0,68.5,56.0,56.0,0
SKU103,2025-02-24,actual,48.0,59.75,48.0,48.0,0
SKU103,2025-03-03,actual,35.0,52.75,35.0,35.0,0
SKU103,2025-03-10,actual,43.0,43.75,43.0,43.0,0
SKU103,2025-03-17,actual,56.0,45.5,56.0,56.0,0
SKU103,2025-03-24,actual,38.0,45.5,38.0,38.0,0
SKU103,2025-03-31,actual,37.0,43.0,37.0,37.0,0
SKU103,2025-04-07,actual,52.0,43.5,52.0,52.0,0
SKU103,2025-04-14,actual,41.0,45.75,41.0,41.0,0
SKU103,2025-04-21,actual,43.0,42.0,43.0,43.0,0
SKU103,2025-04-28,actual,70.0,43.25,70.0,70.0,0
SKU103,2025-05-05,actual,40.0,51.5,40.0,40.0,0
SKU103,2025-05-12,actual,32.0,48.5,32.0,32.0,0
SKU103,2025-05-19,actual,41.0,46.25,41.0,41.0,0
SKU103,2025-05-26,actual,42.0,11.0,42.0,42.0,0
SKU103,2025-06-02,actual,21.0,27.0,21.0,21.0,0
SKU103,2025-06-09,actual,32.0,26.0,32.0,32.0,0
SKU103,2025-06-16,actual,32.0,22.0,32.0,32.0,0
SKU103,2025-06-23,actual,34.0,29.0,34.0,34.0,0
SKU103,2025-06-30,actual,29.0,23.0,29.0,29.0,0
SKU103,2025-07-07,actual,23.0,23.0,23.0,23.0,0
SKU103,2025-07-14,actual,21.0,31.0,21.0,21.0,0
SKU103,2025-07-21,actual,34.0,22.0,34.0,34.0,0
SKU103,2025-07-28,actual,36.0,33.0,36.0,36.0,0
SKU103,2025-08-04,actual,27.0,36.0,27.0,27.0,0
SKU103,2025-08-11,actual,63.0,50.0,63.0,63.0,0
SKU103,2025-08-18,actual,32.0,39.0,32.0,32.0,0
SKU103,2025-08-25,actual,35.0,32.0,35.0,35.0,0
SKU103,2025-09-01,actual,35.0,37.0,35.0,35.0,0
SKU103,2025-09-08,actual,34.0,33.0,34.0,34.0,0
SKU103,2025-09-15,actual,31.0,38.0,31.0,31.0,0
SKU103,2025-09-22,actual,31.0,32.0,31.0,31.0,0
SKU103,2025-09-29,actual,18.0,42.0,18.0,18.0,0
SKU103,2025-10-06,actual,50.0,39.0,50.0,50.0,0
SKU103,2025-10-13,actual,52.0,56.0,52.0,52.0,0
SKU103,2025-10-20,actual,101.0,92.0,101.0,101.0,0
SKU103,2025-10-27,actual,31.0,43.0,31.0,31.0,0
SKU103,2025-11-03,actual,39.0,37.0,39.0,39.0,0
SKU103,2025-11-10,actual,47.0,35.0,47.0,47.0,0
SKU103,2025-11-17,actual,40.0,39.0,40.0,40.0,0
SKU103,2025-11-24,actual,52.0,47.0,52.0,52.0,0
SKU103,2025-12-01,actual,36.0,38.0,36.0,36.0,0
SKU103,2025-12-08,actual,50.0,47.0,50.0,50.0,0
SKU103,2025-12-15,actual,50.0,55.0,50.0,50.0,0
SKU103,2025-12-22,actual,94.0,119.0,94.0,94.0,0
SKU103,2025-12-29,actual,59.0,51.0,59.0,59.0,0
SKU103,2026-01-05,actual,58.0,69.0,58.0,58.0,0
SKU103,2026-01-12,actual,52.0,44.0,52.0,52.0,0
SKU103,2026-01-19,actual,71.0,91.0,71.0,71.0,0
SKU103,2026-01-26,actual,77.0,76.0,77.0,77.0,0
SKU103,2026-02-02,actual,61.0,71.0,61.0,61.0,0
SKU103,2026-02-09,actual,43.0,36.0,43.0,43.0,0
SKU103,2026-02-16,actual,48.0,56.0,48.0,48.0,0
SKU103,2026-02-23,actual,58.0,48.0,58.0,58.0,0
SKU103,2026-03-02,actual,46.0,35.0,46.0,46.0,0
SKU103,2026-03-09,actual,48.0,43.0,48.0,48.0,0
SKU103,2026-03-16,actual,57.0,56.0,57.0,57.0,0
SKU103,2026-03-23,actual,53.0,38.0,53.0,53.0,0
SKU103,2026-03-30,actual,39.0,37.0,39.0,39.0,0
SKU103,2026-04-06,actual,41.0,52.0,41.0,41.0,0
SKU103,2026-04-13,actual,39.0,41.0,39.0,39.0,0
SKU103,2026-04-20,actual,39.0,43.0,39.0,39.0,0
SKU103,2026-04-27,actual,68.0,70.0,68.0,68.0,0
SKU103,2026-05-04,actual,49.0,40.0,49.0,49.0,0
SKU103,2026-05-11,actual,26.0,32.0,26.0,26.0,0
SKU103,2026-05-18,actual,32.0,41.0,32.0,32.0,0
SKU103,2026-05-25,actual,25.0,42.0,25.0,25.0,0
SKU103,2026-06-01,actual,28.0,21.0,28.0,28.0,0
SKU103,2026-06-08,actual,35.0,32.0,35.0,35.0,0
SKU103,2026-06-15,actual,28.0,32.0,28.0,28.0,0
SKU104,2024-05-27,actual,2.0,0.0,2.0,2.0,0
SKU104,2024-06-03,actual,9.0,2.0,9.0,9.0,0
SKU104,2024-06-10,actual,5.0,5.5,5.0,5.0,0
SKU104,2024-06-17,actual,8.0,5.333333333333333,8.0,8.0,0
SKU104,2024-06-24,actual,15.0,6.0,15.0,15.0,0
SKU104,2024-07-01,actual,7.0,9.25,7.0,7.0,0
SKU104,2024-07-08,actual,4.0,8.75,4.0,4.0,0
SKU104,2024-07-15,actual,11.0,8.5,11.0,11.0,0
SKU104,2024-07-22,actual,11.0,9.25,11.0,11.0,0
SKU104,2024-07-29,actual,12.0,8.25,12.0,12.0,0
SKU104,2024-08-05,actual,6.0,9.5,6.0,6.0,0
SKU104,2024-08-12,actual,18.0,10.0,18.0,18.0,0
SKU104,2024-08-19,actual,12.0,11.75,12.0,12.0,0
SKU104,2024-08-26,actual,12.0,12.0,12.0,12.0,0
SKU104,2024-09-02,actual,8.0,12.0,8.0,8.0,0
SKU104,2024-09-09,actual,12.0,12.5,12.0,12.0,0
SKU104,2024-09-16,actual,9.0,11.0,9.0,9.0,0
SKU104,2024-09-23,actual,16.0,10.25,16.0,16.0,0
SKU104,2024-09-30,actual,4.0,11.25,4.0,4.0,0
SKU104,2024-10-07,actual,13.0,10.25,13.0,13.0,0
SKU104,2024-10-14,actual,13.0,10.5,13.0,13.0,0
SKU104,2024-10-21,actual,20.0,11.5,20.0,20.0,0
SKU104,2024-10-28,actual,13.0,12.5,13.0,13.0,0
SKU104,2024-11-04,actual,16.0,14.75,16.0,16.0,0
SKU104,2024-11-11,actual,18.0,15.5,18.0,18.0,0
SKU104,2024-11-18,actual,12.0,16.75,12.0,12.0,0
SKU104,2024-11-25,actual,18.0,14.75,18.0,18.0,0
SKU104,2024-12-02,actual,15.0,16.0,15.0,15.0,0
SKU104,2024-12-09,actual,19.0,15.75,19.0,19.0,0
SKU104,2024-12-16,actual,14.0,16.0,14.0,14.0,0
SKU104,2024-12-23,actual,18.0,16.5,18.0,18.0,0
SKU104,2024-12-30,actual,9.0,16.5,9.0,9.0,0
SKU104,2025-01-06,actual,19.0,15.0,19.0,19.0,0
SKU104,2025-01-13,actual,6.0,15.0,6.0,6.0,0
SKU104,2025-01-20,actual,19.0,13.0,19.0,19.0,0
SKU104,2025-01-27,actual,10.0,13.25,10.0,10.0,0
SKU104,2025-02-03,actual,14.0,13.5,14.0,14.0,0
SKU104,2025-02-10,actual,7.0,12.25,7.0,7.0,0
SKU104,2025-02-17,actual,12.0,12.5,12.0,12.0,0
SKU104,2025-02-24,actual,8.0,10.75,8.0,8.0,0
SKU104,2025-03-03,actual,5.0,10.25,5.0,5.0,0
SKU104,2025-03-10,actual,6.0,8.0,6.0,6.0,0
SKU104,2025-03-17,actual,14.0,7.75,14.0,14.0,0
SKU104,2025-03-24,actual,8.0,8.25,8.0,8.0,0
SKU104,2025-03-31,actual,14.0,8.25,14.0,14.0,0
SKU104,2025-04-07,actual,12.0,10.5,12.0,12.0,0
SKU104,2025-04-14,actual,7.0,12.0,7.0,7.0,0
SKU104,2025-04-21,actual,11.0,10.25,11.0,11.0,0
SKU104,2025-04-28,actual,18.0,11.0,18.0,18.0,0
SKU104,2025-05-05,actual,10.0,12.0,10.0,10.0,0
SKU104,2025-05-12,actual,6.0,11.5,6.0,6.0,0
SKU104,2025-05-19,actual,7.0,11.25,7.0,7.0,0
SKU104,2025-05-26,actual,13.0,2.0,13.0,13.0,0
SKU104,2025-06-02,actual,6.0,9.0,6.0,6.0,0
SKU104,2025-06-09,actual,10.0,5.0,10.0,10.0,0
SKU104,2025-06-16,actual,6.0,8.0,6.0,6.0,0
SKU104,2025-06-23,actual,5.0,15.0,5.0,5.0,0
SKU104,2025-06-30,actual,10.0,7.0,10.0,10.0,0
SKU104,2025-07-07,actual,8.0,4.0,8.0,8.0,0
SKU104,2025-07-14,actual,9.0,11.0,9.0,9.0,0
SKU104,2025-07-21,actual,13.0,11.0,13.0,13.0,0
SKU104,2025-07-28,actual,12.0,12.0,12.0,12.0,0
SKU104,2025-08-04,actual,10.0,6.0,10.0,10.0,0
SKU104,2025-08-11,actual,16.0,18.0,16.0,16.0,0
SKU104,2025-08-18,actual,15.0,12.0,15.0,15.0,0
SKU104,2025-08-25,actual,11.0,12.0,11.0,11.0,0
SKU104,2025-09-01,actual,12.0,8.0,12.0,12.0,0
SKU104,2025-09-08,actual,9.0,12.0,9.0,9.0,0
SKU104,2025-09-15,actual,12.0,9.0,12.0,12.0,0
SKU104,2025-09-22,actual,13.0,16.0,13.0,13.0,0
SKU104,2025-09-29,actual,16.0,4.0,16.0,16.0,0
SKU104,2025-10-06,actual,14.0,13.0,14.0,14.0,0
SKU104,2025-10-13,actual,15.0,13.0,15.0,15.0,0
SKU104,2025-10-20,actual,29.0,20.0,29.0,29.0,0
SKU104,2025-10-27,actual,11.0,13.0,11.0,11.0,0
SKU104,2025-11-03,actual,17.0,16.0,17.0,17.0,0
SKU104,2025-11-10,actual,14.0,18.0,14.0,14.0,0
SKU104,2025-11-17,actual,12.0,12.0,12.0,12.0,0
SKU104,2025-11-24,actual,15.0,18.0,15.0,15.0,0
SKU104,2025-12-01,actual,10.0,15.0,10.0,10.0,0
SKU104,2025-12-08,actual,12.0,19.0,12.0,12.0,0
SKU104,2025-12-15,actual,11.0,14.0,11.0,11.0,0
SKU104,2025-12-22,actual,22.0,18.0,22.0,22.0,0
SKU104,2025-12-29,actual,11.0,9.0,11.0,11.0,0
SKU104,2026-01-05,actual,10.0,19.0,10.0,10.0,0
SKU104,2026-01-12,actual,11.0,6.0,11.0,11.0,0
SKU104,2026-01-19,actual,19.0,19.0,19.0,19.0,0
SKU104,2026-01-26,actual,15.0,10.0,15.0,15.0,0
SKU104,2026-02-02,actual,10.0,14.0,10.0,10.0,0
SKU104,2026-02-09,actual,15.0,7.0,15.0,15.0,0
SKU104,2026-02-16,actual,15.0,12.0,15.0,15.0,0
SKU104,2026-02-23,actual,10.0,8.0,10.0,10.0,0
SKU104,2026-03-02,actual,8.0,5.0,8.0,8.0,0
SKU104,2026-03-09,actual,11.0,6.0,11.0,11.0,0
SKU104,2026-03-16,actual,10.0,14.0,10.0,10.0,0
SKU104,2026-03-23,actual,5.0,8.0,5.0,5.0,0
SKU104,2026-03-30,actual,8.0,14.0,8.0,8.0,0
SKU104,2026-04-06,actual,7.0,12.0,7.0,7.0,0
SKU104,2026-04-13,actual,10.0,7.0,10.0,10.0,0
SKU104,2026-04-20,actual,8.0,11.0,8.0,8.0,0
SKU104,2026-04-27,actual,13.0,18.0,13.0,13.0,0
SKU104,2026-05-04,actual,6.0,10.0,6.0,6.0,0
SKU104,2026-05-11,actual,9.0,6.0,9.0,9.0,0
SKU104,2026-05-18,actual,5.0,7.0,5.0,5.0,0
SKU104,2026-05-25,actual,10.0,13.0,10.0,10.0,0
SKU104,2026-06-01,actual,7.0,6.0,7.0,7.0,0
SKU104,2026-06-08,actual,9.0,10.0,9.0,9.0,0
SKU104,2026-06-15,actual,10.0,6.0,10.0,10.0,0
SKU105,2025-09-15,actual,17.0,0.0,17.0,17.0,0
SKU105,2025-09-22,actual,17.0,17.0,17.0,17.0,0
SKU105,2025-09-29,actual,22.0,17.0,22.0,22.0,0
SKU105,2025-10-06,actual,19.0,18.666666666666668,19.0,19.0,0
SKU105,2025-10-13,actual,21.0,18.75,21.0,21.0,0
SKU105,2025-10-20,actual,42.0,19.75,42.0,42.0,0
SKU105,2025-10-27,actual,23.0,26.0,23.0,23.0,0
SKU105,2025-11-03,actual,25.0,26.25,25.0,25.0,0
SKU105,2025-11-10,actual,27.0,27.75,27.0,27.0,0
SKU105,2025-11-17,actual,28.0,29.25,28.0,28.0,0
SKU105,2025-11-24,actual,20.0,25.75,20.0,20.0,0
SKU105,2025-12-01,actual,24.0,25.0,24.0,24.0,0
SKU105,2025-12-08,actual,23.0,24.75,23.0,23.0,0
SKU105,2025-12-15,actual,23.0,23.75,23.0,23.0,0
SKU105,2025-12-22,actual,39.0,22.5,39.0,39.0,0
SKU105,2025-12-29,actual,30.0,27.25,30.0,30.0,0
SKU105,2026-01-05,actual,30.0,28.75,30.0,30.0,0
SKU105,2026-01-12,actual,26.0,30.5,26.0,26.0,0
SKU105,2026-01-19,actual,29.0,31.25,29.0,29.0,0
SKU105,2026-01-26,actual,32.0,28.75,32.0,32.0,0
SKU105,2026-02-02,actual,34.0,29.25,34.0,34.0,0
SKU105,2026-02-09,actual,31.0,30.25,31.0,31.0,0
SKU105,2026-02-16,actual,21.0,31.5,21.0,21.0,0
SKU105,2026-02-23,actual,21.0,29.5,21.0,21.0,0
SKU105,2026-03-02,actual,29.0,26.75,29.0,29.0,0
SKU105,2026-03-09,actual,34.0,25.5,34.0,34.0,0
SKU105,2026-03-16,actual,23.0,26.25,23.0,23.0,0
SKU105,2026-03-23,actual,27.0,26.75,27.0,27.0,0
SKU105,2026-03-30,actual,26.0,28.25,26.0,26.0,0
SKU105,2026-04-06,actual,19.0,27.5,19.0,19.0,0
SKU105,2026-04-13,actual,16.0,23.75,16.0,16.0,0
SKU105,2026-04-20,actual,20.0,22.0,20.0,20.0,0
SKU105,2026-04-27,actual,29.0,20.25,29.0,29.0,0
SKU105,2026-05-04,actual,23.0,21.0,23.0,23.0,0
SKU105,2026-05-11,actual,19.0,22.0,19.0,19.0,0
SKU105,2026-05-18,actual,22.0,22.75,22.0,22.0,0
SKU105,2026-05-25,actual,21.0,23.25,21.0,21.0,0
SKU105,2026-06-01,actual,18.0,21.25,18.0,18.0,0
SKU105,2026-06-08,actual,24.0,20.0,24.0,24.0,0
SKU105,2026-06-15,actual,24.0,21.25,24.0,24.0,0
SKU106,2024-05-27,actual,2.0,0.0,2.0,2.0,0
SKU106,2024-06-03,actual,8.0,2.0,8.0,8.0,0
SKU106,2024-06-10,actual,7.0,5.0,7.0,7.0,0
SKU106,2024-06-17,actual,6.0,5.666666666666667,6.0,6.0,0
SKU106,2024-06-24,actual,5.0,5.75,5.0,5.0,0
SKU106,2024-07-01,actual,5.0,6.5,5.0,5.0,0
SKU106,2024-07-08,actual,6.0,5.75,6.0,6.0,0
SKU106,2024-07-15,actual,7.0,5.5,7.0,7.0,0
SKU106,2024-07-22,actual,12.0,5.75,12.0,12.0,0
SKU106,2024-07-29,actual,10.0,7.5,10.0,10.0,0
SKU106,2024-08-05,actual,13.0,8.75,13.0,13.0,0
SKU106,2024-08-12,actual,11.0,10.5,11.0,11.0,0
SKU106,2024-08-19,actual,9.0,11.5,9.0,9.0,0
SKU106,2024-08-26,actual,11.0,10.75,11.0,11.0,0
SKU106,2024-09-02,actual,13.0,11.0,13.0,13.0,0
SKU106,2024-09-09,actual,7.0,11.0,7.0,7.0,0
SKU106,2024-09-16,actual,5.0,10.0,5.0,5.0,0
SKU106,2024-09-23,actual,5.0,9.0,5.0,5.0,0
SKU106,2024-09-30,actual,11.0,7.5,11.0,11.0,0
SKU106,2024-10-07,actual,2.0,7.0,2.0,2.0,0
SKU106,2024-10-14,actual,7.0,5.75,7.0,7.0,0
SKU106,2024-10-21,actual,14.0,6.25,14.0,14.0,0
SKU106,2024-10-28,actual,8.0,8.5,8.0,8.0,0
SKU106,2024-11-04,actual,11.0,7.75,11.0,11.0,0
SKU106,2024-11-11,actual,5.0,10.0,5.0,5.0,0
SKU106,2024-11-18,actual,9.0,9.5,9.0,9.0,0
SKU106,2024-11-25,actual,5.0,8.25,5.0,5.0,0
SKU106,2024-12-02,actual,3.0,7.5,3.0,3.0,0
SKU106,2024-12-09,actual,6.0,5.5,6.0,6.0,0
SKU106,2024-12-16,actual,4.0,5.75,4.0,4.0,0
SKU106,2024-12-23,actual,10.0,4.5,10.0,10.0,0
SKU106,2024-12-30,actual,9.0,5.75,9.0,9.0,0
SKU106,2025-01-06,actual,4.0,7.25,4.0,4.0,0
SKU106,2025-01-13,actual,5.0,6.75,5.0,5.0,0
SKU106,2025-01-20,actual,5.0,7.0,5.0,5.0,0
SKU106,2025-01-27,actual,8.0,5.75,8.0,8.0,0
SKU106,2025-02-03,actual,3.0,5.5,3.0,3.0,0
SKU106,2025-02-10,actual,2.0,5.25,2.0,2.0,0
SKU106,2025-02-17,actual,10.0,4.5,10.0,10.0,0
SKU106,2025-02-24,actual,4.0,5.75,4.0,4.0,0
SKU106,2025-03-03,actual,7.0,4.75,7.0,7.0,0
SKU106,2025-03-10,actual,1.0,5.75,1.0,1.0,0
SKU106,2025-03-17,actual,6.0,5.5,6.0,6.0,0
SKU106,2025-03-24,actual,7.0,4.5,7.0,7.0,0
SKU106,2025-03-31,actual,7.0,5.25,7.0,7.0,0
SKU106,2025-04-07,actual,7.0,5.25,7.0,7.0,0
SKU106,2025-04-14,actual,8.0,6.75,8.0,8.0,0
SKU106,2025-04-21,actual,12.0,7.25,12.0,12.0,0
SKU106,2025-04-28,actual,11.0,8.5,11.0,11.0,0
SKU106,2025-05-05,actual,11.0,9.5,11.0,11.0,0
SKU106,2025-05-12,actual,10.0,10.5,10.0,10.0,0
SKU106,2025-05-19,actual,6.0,11.0,6.0,6.0,0
SKU106,2025-05-26,actual,5.0,2.0,5.0,5.0,0
SKU106,2025-06-02,actual,6.0,8.0,6.0,6.0,0
SKU106,2025-06-09,actual,14.0,7.0,14.0,14.0,0
SKU106,2025-06-16,actual,6.0,6.0,6.0,6.0,0
SKU106,2025-06-23,actual,10.0,5.0,10.0,10.0,0
SKU106,2025-06-30,actual,11.0,5.0,11.0,11.0,0
SKU106,2025-07-07,actual,14.0,6.0,14.0,14.0,0
SKU106,2025-07-14,actual,5.0,7.0,5.0,5.0,0
SKU106,2025-07-21,actual,10.0,12.0,10.0,10.0,0
SKU106,2025-07-28,actual,9.0,10.0,9.0,9.0,0
SKU106,2025-08-04,actual,10.0,13.0,10.0,10.0,0
SKU106,2025-08-11,actual,15.0,11.0,15.0,15.0,0
SKU106,2025-08-18,actual,16.0,9.0,16.0,16.0,0
SKU106,2025-08-25,actual,5.0,11.0,5.0,5.0,0
SKU106,2025-09-01,actual,9.0,13.0,9.0,9.0,0
SKU106,2025-09-08,actual,7.0,7.0,7.0,7.0,0
SKU106,2025-09-15,actual,6.0,5.0,6.0,6.0,0
SKU106,2025-09-22,actual,9.0,5.0,9.0,9.0,0
SKU106,2025-09-29,actual,8.0,11.0,8.0,8.0,0
SKU106,2025-10-06,actual,8.0,2.0,8.0,8.0,0
SKU106,2025-10-13,actual,8.0,7.0,8.0,8.0,0
SKU106,2025-10-20,actual,18.0,14.0,18.0,18.0,0
SKU106,2025-10-27,actual,6.0,8.0,6.0,6.0,0
SKU106,2025-11-03,actual,2.0,11.0,2.0,2.0,0
SKU106,2025-11-10,actual,6.0,5.0,6.0,6.0,0
SKU106,2025-11-17,actual,4.0,9.0,4.0,4.0,0
SKU106,2025-11-24,actual,5.0,5.0,5.0,5.0,0
SKU106,2025-12-01,actual,4.0,3.0,4.0,4.0,0
SKU106,2025-12-08,actual,5.0,6.0,5.0,5.0,0
SKU106,2025-12-15,actual,4.0,4.0,4.0,4.0,0
SKU106,2025-12-22,actual,6.0,10.0,6.0,6.0,0
SKU106,2025-12-29,actual,8.0,9.0,8.0,8.0,0
SKU106,2026-01-05,actual,8.0,4.0,8.0,8.0,0
SKU106,2026-01-12,actual,6.0,5.0,6.0,6.0,0
SKU106,2026-01-19,actual,10.0,5.0,10.0,10.0,0
SKU106,2026-01-26,actual,8.0,8.0,8.0,8.0,0
SKU106,2026-02-02,actual,3.0,3.0,3.0,3.0,0
SKU106,2026-02-09,actual,3.0,2.0,3.0,3.0,0
SKU106,2026-02-16,actual,5.0,10.0,5.0,5.0,0
SKU106,2026-02-23,actual,5.0,4.0,5.0,5.0,0
SKU106,2026-03-02,actual,3.0,7.0,3.0,3.0,0
SKU106,2026-03-09,actual,4.0,1.0,4.0,4.0,0
SKU106,2026-03-16,actual,5.0,6.0,5.0,5.0,0
SKU106,2026-03-23,actual,4.0,7.0,4.0,4.0,0
SKU106,2026-03-30,actual,5.0,7.0,5.0,5.0,0
SKU106,2026-04-06,actual,7.0,7.0,7.0,7.0,0
SKU106,2026-04-13,actual,7.0,8.0,7.0,7.0,0
SKU106,2026-04-20,actual,6.0,12.0,6.0,6.0,0
SKU106,2026-04-27,actual,6.0,11.0,6.0,6.0,0
SKU106,2026-05-04,actual,13.0,11.0,13.0,13.0,0
SKU106,2026-05-11,actual,12.0,10.0,12.0,12.0,0
SKU106,2026-05-18,actual,7.0,6.0,7.0,7.0,0
SKU106,2026-05-25,actual,9.0,5.0,9.0,9.0,0
SKU106,2026-06-01,actual,7.0,6.0,7.0,7.0,0
SKU106,2026-06-08,actual,8.0,14.0,8.0,8.0,0
SKU106,2026-06-15,actual,9.0,6.0,9.0,9.0,0
SKU107,2024-05-27,actual,2.0,0.0,2.0,2.0,0
SKU107,2024-06-03,actual,8.0,2.0,8.0,8.0,0
SKU107,2024-06-10,actual,6.0,5.0,6.0,6.0,0
SKU107,2024-06-17,actual,11.0,5.333333333333333,11.0,11.0,0
SKU107,2024-06-24,actual,8.0,6.75,8.0,8.0,0
SKU107,2024-07-01,actual,5.0,8.25,5.0,5.0,0
SKU107,2024-07-08,actual,8.0,7.5,8.0,8.0,0
SKU107,2024-07-15,actual,10.0,8.0,10.0,10.0,0
SKU107,2024-07-22,actual,8.0,7.75,8.0,8.0,0
SKU107,2024-07-29,actual,12.0,7.75,12.0,12.0,0
SKU107,2024-08-05,actual,12.0,9.5,12.0,12.0,0
SKU107,2024-08-12,actual,26.0,10.5,26.0,26.0,0
SKU107,2024-08-19,actual,14.0,14.5,14.0,14.0,0
SKU107,2024-08-26,actual,9.0,16.0,9.0,9.0,0
SKU107,2024-09-02,actual,12.0,15.25,12.0,12.0,0
SKU107,2024-09-09,actual,13.0,15.25,13.0,13.0,0
SKU107,2024-09-16,actual,14.0,12.0,14.0,14.0,0
SKU107,2024-09-23,actual,13.0,12.0,13.0,13.0,0
SKU107,2024-09-30,actual,12.0,13.0,12.0,12.0,0
SKU107,2024-10-07,actual,17.0,13.0,17.0,17.0,0
SKU107,2024-10-14,actual,13.0,14.0,13.0,13.0,0
SKU107,2024-10-21,actual,23.0,13.75,23.0,23.0,0
SKU107,2024-10-28,actual,12.0,16.25,12.0,12.0,0
SKU107,2024-11-04,actual,23.0,16.25,23.0,23.0,0
SKU107,2024-11-11,actual,12.0,17.75,12.0,12.0,0
SKU107,2024-11-18,actual,12.0,17.5,12.0,12.0,0
SKU107,2024-11-25,actual,23.0,14.75,23.0,23.0,0
SKU107,2024-12-02,actual,15.0,17.5,15.0,15.0,0
SKU107,2024-12-09,actual,13.0,15.5,13.0,13.0,0
SKU107,2024-12-16,actual,19.0,15.75,19.0,19.0,0
SKU107,2024-12-23,actual,17.0,17.5,17.0,17.0,0
SKU107,2024-12-30,actual,14.0,16.0,14.0,14.0,0
SKU107,2025-01-06,actual,14.0,15.75,14.0,14.0,0
SKU107,2025-01-13,actual,25.0,16.0,25.0,25.0,0
SKU107,2025-01-20,actual,23.0,17.5,23.0,23.0,0
SKU107,2025-01-27,actual,18.0,19.0,18.0,18.0,0
SKU107,2025-02-03,actual,13.0,20.0,13.0,13.0,0
SKU107,2025-02-10,actual,16.0,19.75,16.0,16.0,0
SKU107,2025-02-17,actual,8.0,17.5,8.0,8.0,0
SKU107,2025-02-24,actual,5.0,13.75,5.0,5.0,0
SKU107,2025-03-03,actual,9.0,10.5,9.0,9.0,0
SKU107,2025-03-10,actual,14.0,9.5,14.0,14.0,0
SKU107,2025-03-17,actual,14.0,9.0,14.0,14.0,0
SKU107,2025-03-24,actual,13.0,10.5,13.0,13.0,0
SKU107,2025-03-31,actual,10.0,12.5,10.0,10.0,0
SKU107,2025-04-07,actual,19.0,12.75,19.0,19.0,0
SKU107,2025-04-14,actual,13.0,14.0,13.0,13.0,0
SKU107,2025-04-21,actual,7.0,13.75,7.0,7.0,0
SKU107,2025-04-28,actual,13.0,12.25,13.0,13.0,0
SKU107,2025-05-05,actual,13.0,13.0,13.0,13.0,0
SKU107,2025-05-12,actual,15.0,11.5,15.0,15.0,0
SKU107,2025-05-19,actual,8.0,12.0,8.0,8.0,0
SKU107,2025-05-26,actual,8.0,2.0,8.0,8.0,0
SKU107,2025-06-02,actual,12.0,8.0,12.0,12.0,0
SKU107,2025-06-09,actual,8.0,6.0,8.0,8.0,0
SKU107,2025-06-16,actual,6.0,11.0,6.0,6.0,0
SKU107,2025-06-23,actual,4.0,8.0,4.0,4.0,0
SKU107,2025-06-30,actual,4.0,5.0,4.0,4.0,0
SKU107,2025-07-07,actual,9.0,8.0,9.0,9.0,0
SKU107,2025-07-14,actual,6.0,10.0,6.0,6.0,0
SKU107,2025-07-21,actual,9.0,8.0,9.0,9.0,0
SKU107,2025-07-28,actual,9.0,12.0,9.0,9.0,0
SKU107,2025-08-04,actual,8.0,12.0,8.0,8.0,0
SKU107,2025-08-11,actual,23.0,26.0,23.0,23.0,0
SKU107,2025-08-18,actual,9.0,14.0,9.0,9.0,0
SKU107,2025-08-25,actual,14.0,9.0,14.0,14.0,0
SKU107,2025-09-01,actual,17.0,12.0,17.0,17.0,0
SKU107,2025-09-08,actual,10.0,13.0,10.0,10.0,0
SKU107,2025-09-15,actual,12.0,14.0,12.0,12.0,0
SKU107,2025-09-22,actual,10.0,13.0,10.0,10.0,0
SKU107,2025-09-29,actual,7.0,12.0,7.0,7.0,0
SKU107,2025-10-06,actual,14.0,17.0,14.0,14.0,0
SKU107,2025-10-13,actual,12.0,13.0,12.0,12.0,0
SKU107,2025-10-20,actual,41.0,23.0,41.0,41.0,0
SKU107,2025-10-27,actual,10.0,12.0,10.0,10.0,0
SKU107,2025-11-03,actual,12.0,23.0,12.0,12.0,0
SKU107,2025-11-10,actual,15.0,12.0,15.0,15.0,0
SKU107,2025-11-17,actual,12.0,12.0,12.0,12.0,0
SKU107,2025-11-24,actual,19.0,23.0,19.0,19.0,0
SKU107,2025-12-01,actual,12.0,15.0,12.0,12.0,0
SKU107,2025-12-08,actual,15.0,13.0,15.0,15.0,0
SKU107,2025-12-15,actual,19.0,19.0,19.0,19.0,0
SKU107,2025-12-22,actual,35.0,17.0,35.0,35.0,0
SKU107,2025-12-29,actual,20.0,14.0,20.0,20.0,0
SKU107,2026-01-05,actual,12.0,14.0,12.0,12.0,0
SKU107,2026-01-12,actual,14.0,25.0,14.0,14.0,0
SKU107,2026-01-19,actual,26.0,23.0,26.0,26.0,0
SKU107,2026-01-26,actual,17.0,18.0,17.0,17.0,0
SKU107,2026-02-02,actual,17.0,13.0,17.0,17.0,0
SKU107,2026-02-09,actual,12.0,16.0,12.0,12.0,0
SKU107,2026-02-16,actual,16.0,8.0,16.0,16.0,0
SKU107,2026-02-23,actual,19.0,5.0,19.0,19.0,0
SKU107,2026-03-02,actual,10.0,9.0,10.0,10.0,0
SKU107,2026-03-09,actual,10.0,14.0,10.0,10.0,0
SKU107,2026-03-16,actual,12.0,14.0,12.0,12.0,0
SKU107,2026-03-23,actual,12.0,13.0,12.0,12.0,0
SKU107,2026-03-30,actual,7.0,10.0,7.0,7.0,0
SKU107,2026-04-06,actual,7.0,19.0,7.0,7.0,0
SKU107,2026-04-13,actual,12.0,13.0,12.0,12.0,0
SKU107,2026-04-20,actual,6.0,7.0,6.0,6.0,0
SKU107,2026-04-27,actual,8.0,13.0,8.0,8.0,0
SKU107,2026-05-04,actual,11.0,13.0,11.0,11.0,0
SKU107,2026-05-11,actual,10.0,15.0,10.0,10.0,0
SKU107,2026-05-18,actual,5.0,8.0,5.0,5.0,0
SKU107,2026-05-25,actual,13.0,8.0,13.0,13.0,0
SKU107,2026-06-01,actual,8.0,12.0,8.0,8.0,0
SKU107,2026-06-08,actual,11.0,8.0,11.0,11.0,0
SKU107,2026-06-15,actual,10.0,6.0,10.0,10.0,0
SKU108,2025-05-12,actual,12.0,0.0,12.0,12.0,0
SKU108,2025-05-19,actual,10.0,12.0,10.0,10.0,0
SKU108,2025-05-26,actual,9.0,11.0,9.0,9.0,0
SKU108,2025-06-02,actual,5.0,10.333333333333334,5.0,5.0,0
SKU108,2025-06-09,actual,12.0,9.0,12.0,12.0,0
SKU108,2025-06-16,actual,9.0,9.0,9.0,9.0,0
SKU108,2025-06-23,actual,3.0,8.75,3.0,3.0,0
SKU108,2025-06-30,actual,11.0,7.25,11.0,11.0,0
SKU108,2025-07-07,actual,4.0,8.75,4.0,4.0,0
SKU108,2025-07-14,actual,5.0,6.75,5.0,5.0,0
SKU108,2025-07-21,actual,8.0,5.75,8.0,8.0,0
SKU108,2025-07-28,actual,8.0,7.0,8.0,8.0,0
SKU108,2025-08-04,actual,5.0,6.25,5.0,5.0,0
SKU108,2025-08-11,actual,17.0,6.5,17.0,17.0,0
SKU108,2025-08-18,actual,9.0,9.5,9.0,9.0,0
SKU108,2025-08-25,actual,7.0,9.75,7.0,7.0,0
SKU108,2025-09-01,actual,11.0,9.5,11.0,11.0,0
SKU108,2025-09-08,actual,2.0,11.0,2.0,2.0,0
SKU108,2025-09-15,actual,5.0,7.25,5.0,5.0,0
SKU108,2025-09-22,actual,3.0,6.25,3.0,3.0,0
SKU108,2025-09-29,actual,5.0,5.25,5.0,5.0,0
SKU108,2025-10-06,actual,6.0,3.75,6.0,6.0,0
SKU108,2025-10-13,actual,8.0,4.75,8.0,8.0,0
SKU108,2025-10-20,actual,16.0,5.5,16.0,16.0,0
SKU108,2025-10-27,actual,11.0,8.75,11.0,11.0,0
SKU108,2025-11-03,actual,8.0,10.25,8.0,8.0,0
SKU108,2025-11-10,actual,8.0,10.75,8.0,8.0,0
SKU108,2025-11-17,actual,10.0,10.75,10.0,10.0,0
SKU108,2025-11-24,actual,7.0,9.25,7.0,7.0,0
SKU108,2025-12-01,actual,12.0,8.25,12.0,12.0,0
SKU108,2025-12-08,actual,9.0,9.25,9.0,9.0,0
SKU108,2025-12-15,actual,7.0,9.5,7.0,7.0,0
SKU108,2025-12-22,actual,21.0,8.75,21.0,21.0,0
SKU108,2025-12-29,actual,11.0,12.25,11.0,11.0,0
SKU108,2026-01-05,actual,12.0,12.0,12.0,12.0,0
SKU108,2026-01-12,actual,8.0,12.75,8.0,8.0,0
SKU108,2026-01-19,actual,13.0,13.0,13.0,13.0,0
SKU108,2026-01-26,actual,19.0,11.0,19.0,19.0,0
SKU108,2026-02-02,actual,11.0,13.0,11.0,11.0,0
SKU108,2026-02-09,actual,6.0,12.75,6.0,6.0,0
SKU108,2026-02-16,actual,11.0,12.25,11.0,11.0,0
SKU108,2026-02-23,actual,18.0,11.75,18.0,18.0,0
SKU108,2026-03-02,actual,2.0,11.5,2.0,2.0,0
SKU108,2026-03-09,actual,11.0,9.25,11.0,11.0,0
SKU108,2026-03-16,actual,7.0,10.5,7.0,7.0,0
SKU108,2026-03-23,actual,8.0,9.5,8.0,8.0,0
SKU108,2026-03-30,actual,10.0,7.0,10.0,10.0,0
SKU108,2026-04-06,actual,13.0,9.0,13.0,13.0,0
SKU108,2026-04-13,actual,12.0,9.5,12.0,12.0,0
SKU108,2026-04-20,actual,16.0,10.75,16.0,16.0,0
SKU108,2026-04-27,actual,14.0,12.75,14.0,14.0,0
SKU108,2026-05-04,actual,16.0,13.75,16.0,16.0,0
SKU108,2026-05-11,actual,12.0,12.0,12.0,12.0,0
SKU108,2026-05-18,actual,9.0,10.0,9.0,9.0,0
SKU108,2026-05-25,actual,8.0,9.0,8.0,8.0,0
SKU108,2026-06-01,actual,13.0,5.0,13.0,13.0,0
SKU108,2026-06-08,actual,11.0,12.0,11.0,11.0,0
SKU108,2026-06-15,actual,10.0,9.0,10.0,10.0,0
SKU109,2025-09-01,actual,4.0,0.0,4.0,4.0,0
SKU109,2025-09-08,actual,8.0,4.0,8.0,8.0,0
SKU109,2025-09-15,actual,7.0,6.0,7.0,7.0,0
SKU109,2025-09-22,actual,6.0,6.333333333333333,6.0,6.0,0
SKU109,2025-09-29,actual,7.0,6.25,7.0,7.0,0
SKU109,2025-10-06,actual,19.0,7.0,19.0,19.0,0
SKU109,2025-10-13,actual,11.0,9.75,11.0,11.0,0
SKU109,2025-10-20,actual,19.0,10.75,19.0,19.0,0
SKU109,2025-10-27,actual,7.0,14.0,7.0,7.0,0
SKU109,2025-11-03,actual,8.0,14.0,8.0,8.0,0
SKU109,2025-11-10,actual,10.0,11.25,10.0,10.0,0
SKU109,2025-11-17,actual,8.0,11.0,8.0,8.0,0
SKU109,2025-11-24,actual,9.0,8.25,9.0,9.0,0
SKU109,2025-12-01,actual,6.0,8.75,6.0,6.0,0
SKU109,2025-12-08,actual,12.0,8.25,12.0,12.0,0
SKU109,2025-12-15,actual,8.0,8.75,8.0,8.0,0
SKU109,2025-12-22,actual,15.0,8.75,15.0,15.0,0
SKU109,2025-12-29,actual,9.0,10.25,9.0,9.0,0
SKU109,2026-01-05,actual,5.0,11.0,5.0,5.0,0
SKU109,2026-01-12,actual,3.0,9.25,3.0,3.0,0
SKU109,2026-01-19,actual,4.0,8.0,4.0,4.0,0
SKU109,2026-01-26,actual,12.0,5.25,12.0,12.0,0
SKU109,2026-02-02,actual,4.0,6.0,4.0,4.0,0
SKU109,2026-02-09,actual,5.0,5.75,5.0,5.0,0
SKU109,2026-02-16,actual,4.0,6.25,4.0,4.0,0
SKU109,2026-02-23,actual,5.0,6.25,5.0,5.0,0
SKU109,2026-03-02,actual,5.0,4.5,5.0,5.0,0
SKU109,2026-03-09,actual,7.0,4.75,7.0,7.0,0
SKU109,2026-03-16,actual,4.0,5.25,4.0,4.0,0
SKU109,2026-03-23,actual,6.0,5.25,6.0,6.0,0
SKU109,2026-03-30,actual,6.0,5.5,6.0,6.0,0
SKU109,2026-04-06,actual,1.0,5.75,1.0,1.0,0
SKU109,2026-04-13,actual,8.0,4.25,8.0,8.0,0
SKU109,2026-04-20,actual,6.0,5.25,6.0,6.0,0
SKU109,2026-04-27,actual,8.0,5.25,8.0,8.0,0
SKU109,2026-05-04,actual,7.0,5.75,7.0,7.0,0
SKU109,2026-05-11,actual,5.0,7.25,5.0,5.0,0
SKU109,2026-05-18,actual,4.0,6.5,4.0,4.0,0
SKU109,2026-05-25,actual,7.0,6.0,7.0,7.0,0
SKU109,2026-06-01,actual,5.0,5.75,5.0,5.0,0
SKU109,2026-06-08,actual,9.0,5.25,9.0,9.0,0
SKU109,2026-06-15,actual,7.0,6.25,7.0,7.0,0
SKU110,2024-05-27,actual,21.0,0.0,21.0,21.0,0
SKU110,2024-06-03,actual,68.0,21.0,68.0,68.0,0
SKU110,2024-06-10,actual,54.0,44.5,54.0,54.0,0
SKU110,2024-06-17,actual,63.0,47.666666666666664,63.0,63.0,0
SKU110,2024-06-24,actual,57.0,51.5,57.0,57.0,0
SKU110,2024-07-01,actual,61.0,60.5,61.0,61.0,0
SKU110,2024-07-08,actual,56.0,58.75,56.0,56.0,0
SKU110,2024-07-15,actual,58.0,59.25,58.0,58.0,0
SKU110,2024-07-22,actual,77.0,58.0,77.0,77.0,0
SKU110,2024-07-29,actual,72.0,63.0,72.0,72.0,0
SKU110,2024-08-05,actual,89.0,65.75,89.0,89.0,0
SKU110,2024-08-12,actual,136.0,74.0,136.0,136.0,0
SKU110,2024-08-19,actual,74.0,93.5,74.0,74.0,0
SKU110,2024-08-26,actual,67.0,92.75,67.0,67.0,0
SKU110,2024-09-02,actual,92.0,91.5,92.0,92.0,0
SKU110,2024-09-09,actual,83.0,92.25,83.0,83.0,0
SKU110,2024-09-16,actual,89.0,79.0,89.0,89.0,0
SKU110,2024-09-23,actual,95.0,82.75,95.0,95.0,0
SKU110,2024-09-30,actual,95.0,89.75,95.0,95.0,0
SKU110,2024-10-07,actual,94.0,90.5,94.0,94.0,0
SKU110,2024-10-14,actual,131.0,93.25,131.0,131.0,0
SKU110,2024-10-21,actual,193.0,103.75,193.0,193.0,0
SKU110,2024-10-28,actual,107.0,128.25,107.0,107.0,0
SKU110,2024-11-04,actual,102.0,131.25,102.0,102.0,0
SKU110,2024-11-11,actual,114.0,133.25,114.0,114.0,0
SKU110,2024-11-18,actual,102.0,129.0,102.0,102.0,0
SKU110,2024-11-25,actual,121.0,106.25,121.0,121.0,0
SKU110,2024-12-02,actual,113.0,109.75,113.0,113.0,0
SKU110,2024-12-09,actual,103.0,112.5,103.0,103.0,0
SKU110,2024-12-16,actual,154.0,109.75,154.0,154.0,0
SKU110,2024-12-23,actual,246.0,122.75,246.0,246.0,0
SKU110,2024-12-30,actual,145.0,154.0,145.0,145.0,0
SKU110,2025-01-06,actual,117.0,162.0,117.0,117.0,0
SKU110,2025-01-13,actual,137.0,165.5,137.0,137.0,0
SKU110,2025-01-20,actual,197.0,161.25,197.0,197.0,0
SKU110,2025-01-27,actual,148.0,149.0,148.0,148.0,0
SKU110,2025-02-03,actual,105.0,149.75,105.0,105.0,0
SKU110,2025-02-10,actual,87.0,146.75,87.0,87.0,0
SKU110,2025-02-17,actual,97.0,134.25,97.0,97.0,0
SKU110,2025-02-24,actual,105.0,109.25,105.0,105.0,0
SKU110,2025-03-03,actual,93.0,98.5,93.0,93.0,0
SKU110,2025-03-10,actual,107.0,95.5,107.0,107.0,0
SKU110,2025-03-17,actual,91.0,100.5,91.0,91.0,0
SKU110,2025-03-24,actual,91.0,99.0,91.0,91.0,0
SKU110,2025-03-31,actual,72.0,95.5,72.0,72.0,0
SKU110,2025-04-07,actual,86.0,90.25,86.0,86.0,0
SKU110,2025-04-14,actual,58.0,85.0,58.0,58.0,0
SKU110,2025-04-21,actual,78.0,76.75,78.0,78.0,0
SKU110,2025-04-28,actual,120.0,73.5,120.0,120.0,0
SKU110,2025-05-05,actual,82.0,85.5,82.0,82.0,0
SKU110,2025-05-12,actual,65.0,84.5,65.0,65.0,0
SKU110,2025-05-19,actual,65.0,86.25,65.0,65.0,0
SKU110,2025-05-26,actual,60.0,21.0,60.0,60.0,0
SKU110,2025-06-02,actual,71.0,68.0,71.0,71.0,0
SKU110,2025-06-09,actual,63.0,54.0,63.0,63.0,0
SKU110,2025-06-16,actual,89.0,63.0,89.0,89.0,0
SKU110,2025-06-23,actual,59.0,57.0,59.0,59.0,0
SKU110,2025-06-30,actual,55.0,61.0,55.0,55.0,0
SKU110,2025-07-07,actual,63.0,56.0,63.0,63.0,0
SKU110,2025-07-14,actual,56.0,58.0,56.0,56.0,0
SKU110,2025-07-21,actual,70.0,77.0,70.0,70.0,0
SKU110,2025-07-28,actual,61.0,72.0,61.0,61.0,0
SKU110,2025-08-04,actual,55.0,89.0,55.0,55.0,0
SKU110,2025-08-11,actual,152.0,136.0,152.0,152.0,0
SKU110,2025-08-18,actual,83.0,74.0,83.0,83.0,0
SKU110,2025-08-25,actual,88.0,67.0,88.0,88.0,0
SKU110,2025-09-01,actual,82.0,92.0,82.0,82.0,0
SKU110,2025-09-08,actual,70.0,83.0,70.0,70.0,0
SKU110,2025-09-15,actual,71.0,89.0,71.0,71.0,0
SKU110,2025-09-22,actual,84.0,95.0,84.0,84.0,0
SKU110,2025-09-29,actual,123.0,95.0,123.0,123.0,0
SKU110,2025-10-06,actual,100.0,94.0,100.0,100.0,0
SKU110,2025-10-13,actual,115.0,131.0,115.0,115.0,0
SKU110,2025-10-20,actual,219.0,193.0,219.0,219.0,0
SKU110,2025-10-27,actual,100.0,107.0,100.0,100.0,0
SKU110,2025-11-03,actual,79.0,102.0,79.0,79.0,0
SKU110,2025-11-10,actual,106.0,114.0,106.0,106.0,0
SKU110,2025-11-17,actual,122.0,102.0,122.0,122.0,0
SKU110,2025-11-24,actual,140.0,121.0,140.0,140.0,0
SKU110,2025-12-01,actual,91.0,113.0,91.0,91.0,0
SKU110,2025-12-08,actual,102.0,103.0,102.0,102.0,0
SKU110,2025-12-15,actual,132.0,154.0,132.0,132.0,0
SKU110,2025-12-22,actual,246.0,246.0,246.0,246.0,0
SKU110,2025-12-29,actual,106.0,145.0,106.0,106.0,0
SKU110,2026-01-05,actual,111.0,117.0,111.0,111.0,0
SKU110,2026-01-12,actual,112.0,137.0,112.0,112.0,0
SKU110,2026-01-19,actual,161.0,197.0,161.0,161.0,0
SKU110,2026-01-26,actual,191.0,148.0,191.0,191.0,0
SKU110,2026-02-02,actual,114.0,105.0,114.0,114.0,0
SKU110,2026-02-09,actual,81.0,87.0,81.0,81.0,0
SKU110,2026-02-16,actual,103.0,97.0,103.0,103.0,0
SKU110,2026-02-23,actual,97.0,105.0,97.0,97.0,0
SKU110,2026-03-02,actual,89.0,93.0,89.0,89.0,0
SKU110,2026-03-09,actual,102.0,107.0,102.0,102.0,0
SKU110,2026-03-16,actual,103.0,91.0,103.0,103.0,0
SKU110,2026-03-23,actual,93.0,91.0,93.0,93.0,0
SKU110,2026-03-30,actual,95.0,72.0,95.0,95.0,0
SKU110,2026-04-06,actual,92.0,86.0,92.0,92.0,0
SKU110,2026-04-13,actual,83.0,58.0,83.0,83.0,0
SKU110,2026-04-20,actual,73.0,78.0,73.0,73.0,0
SKU110,2026-04-27,actual,115.0,120.0,115.0,115.0,0
SKU110,2026-05-04,actual,108.0,82.0,108.0,108.0,0
SKU110,2026-05-11,actual,70.0,65.0,70.0,70.0,0
SKU110,2026-05-18,actual,64.0,65.0,64.0,64.0,0
SKU110,2026-05-25,actual,64.0,60.0,64.0,64.0,0
SKU110,2026-06-01,actual,65.0,71.0,65.0,65.0,0
SKU110,2026-06-08,actual,71.0,63.0,71.0,71.0,0
SKU110,2026-06-15,actual,60.0,89.0,60.0,60.0,0
SKU111,2024-05-27,actual,4.0,0.0,4.0,4.0,0
SKU111,2024-06-03,actual,2.0,4.0,2.0,2.0,0
SKU111,2024-06-10,actual,6.0,3.0,6.0,6.0,0
SKU111,2024-06-17,actual,9.0,4.0,9.0,9.0,0
SKU111,2024-06-24,actual,6.0,5.25,6.0,6.0,0
SKU111,2024-07-01,actual,1.0,5.75,1.0,1.0,0
SKU111,2024-07-08,actual,5.0,5.5,5.0,5.0,0
SKU111,2024-07-15,actual,6.0,5.25,6.0,6.0,0
SKU111,2024-07-22,actual,6.0,4.5,6.0,6.0,0
SKU111,2024-07-29,actual,3.0,4.5,3.0,3.0,0
SKU111,2024-08-05,actual,2.0,5.0,2.0,2.0,0
SKU111,2024-08-12,actual,13.0,4.25,13.0,13.0,0
SKU111,2024-08-19,actual,8.0,6.0,8.0,8.0,0
SKU111,2024-08-26,actual,9.0,6.5,9.0,9.0,0
SKU111,2024-09-02,actual,4.0,8.0,4.0,4.0,0
SKU111,2024-09-09,actual,3.0,8.5,3.0,3.0,0
SKU111,2024-09-16,actual,4.0,6.0,4.0,4.0,0
SKU111,2024-09-23,actual,5.0,5.0,5.0,5.0,0
SKU111,2024-09-30,actual,6.0,4.0,6.0,6.0,0
SKU111,2024-10-07,actual,7.0,4.5,7.0,7.0,0
SKU111,2024-10-14,actual,13.0,5.5,13.0,13.0,0
SKU111,2024-10-21,actual,8.0,7.75,8.0,8.0,0
SKU111,2024-10-28,actual,6.0,8.5,6.0,6.0,0
SKU111,2024-11-04,actual,3.0,8.5,3.0,3.0,0
SKU111,2024-11-11,actual,6.0,7.5,6.0,6.0,0
SKU111,2024-11-18,actual,6.0,5.75,6.0,6.0,0
SKU111,2024-11-25,actual,1.0,5.25,1.0,1.0,0
SKU111,2024-12-02,actual,9.0,4.0,9.0,9.0,0
SKU111,2024-12-09,actual,8.0,5.5,8.0,8.0,0
SKU111,2024-12-16,actual,15.0,6.0,15.0,15.0,0
SKU111,2024-12-23,actual,16.0,8.25,16.0,16.0,0
SKU111,2024-12-30,actual,8.0,12.0,8.0,8.0,0
SKU111,2025-01-06,actual,6.0,11.75,6.0,6.0,0
SKU111,2025-01-13,actual,8.0,11.25,8.0,8.0,0
SKU111,2025-01-20,actual,14.0,9.5,14.0,14.0,0
SKU111,2025-01-27,actual,8.0,9.0,8.0,8.0,0
SKU111,2025-02-03,actual,7.0,9.0,7.0,7.0,0
SKU111,2025-02-10,actual,11.0,9.25,11.0,11.0,0
SKU111,2025-02-17,actual,4.0,10.0,4.0,4.0,0
SKU111,2025-02-24,actual,7.0,7.5,7.0,7.0,0
SKU111,2025-03-03,actual,9.0,7.25,9.0,9.0,0
SKU111,2025-03-10,actual,11.0,7.75,11.0,11.0,0
SKU111,2025-03-17,actual,9.0,7.75,9.0,9.0,0
SKU111,2025-03-24,actual,13.0,9.0,13.0,13.0,0
SKU111,2025-03-31,actual,5.0,10.5,5.0,5.0,0
SKU111,2025-04-07,actual,10.0,9.5,10.0,10.0,0
SKU111,2025-04-14,actual,4.0,9.25,4.0,4.0,0
SKU111,2025-04-21,actual,2.0,8.0,2.0,2.0,0
SKU111,2025-04-28,actual,12.0,5.25,12.0,12.0,0
SKU111,2025-05-05,actual,6.0,7.0,6.0,6.0,0
SKU111,2025-05-12,actual,8.0,6.0,8.0,8.0,0
SKU111,2025-05-19,actual,8.0,7.0,8.0,8.0,0
SKU111,2025-05-26,actual,5.0,4.0,5.0,5.0,0
SKU111,2025-06-02,actual,2.0,2.0,2.0,2.0,0
SKU111,2025-06-09,actual,5.0,6.0,5.0,5.0,0
SKU111,2025-06-16,actual,6.0,9.0,6.0,6.0,0
SKU111,2025-06-23,actual,2.0,6.0,2.0,2.0,0
SKU111,2025-06-30,actual,4.0,1.0,4.0,4.0,0
SKU111,2025-07-07,actual,8.0,5.0,8.0,8.0,0
SKU111,2025-07-14,actual,3.0,6.0,3.0,3.0,0
SKU111,2025-07-21,actual,1.0,6.0,1.0,1.0,0
SKU111,2025-07-28,actual,5.0,3.0,5.0,5.0,0
SKU111,2025-08-04,actual,10.0,2.0,10.0,10.0,0
SKU111,2025-08-11,actual,13.0,13.0,13.0,13.0,0
SKU111,2025-08-18,actual,3.0,8.0,3.0,3.0,0
SKU111,2025-08-25,actual,5.0,9.0,5.0,5.0,0
SKU111,2025-09-01,actual,9.0,4.0,9.0,9.0,0
SKU111,2025-09-08,actual,1.0,3.0,1.0,1.0,0
SKU111,2025-09-15,actual,10.0,4.0,10.0,10.0,0
SKU111,2025-09-22,actual,4.0,5.0,4.0,4.0,0
SKU111,2025-09-29,actual,8.0,6.0,8.0,8.0,0
SKU111,2025-10-06,actual,7.0,7.0,7.0,7.0,0
SKU111,2025-10-13,actual,6.0,13.0,6.0,6.0,0
SKU111,2025-10-20,actual,11.0,8.0,11.0,11.0,0
SKU111,2025-10-27,actual,8.0,6.0,8.0,8.0,0
SKU111,2025-11-03,actual,7.0,3.0,7.0,7.0,0
SKU111,2025-11-10,actual,12.0,6.0,12.0,12.0,0
SKU111,2025-11-17,actual,8.0,6.0,8.0,8.0,0
SKU111,2025-11-24,actual,8.0,1.0,8.0,8.0,0
SKU111,2025-12-01,actual,4.0,9.0,4.0,4.0,0
SKU111,2025-12-08,actual,11.0,8.0,11.0,11.0,0
SKU111,2025-12-15,actual,7.0,15.0,7.0,7.0,0
SKU111,2025-12-22,actual,19.0,16.0,19.0,19.0,0
SKU111,2025-12-29,actual,11.0,8.0,11.0,11.0,0
SKU111,2026-01-05,actual,10.0,6.0,10.0,10.0,0
SKU111,2026-01-12,actual,7.0,8.0,7.0,7.0,0
SKU111,2026-01-19,actual,12.0,14.0,12.0,12.0,0
SKU111,2026-01-26,actual,17.0,8.0,17.0,17.0,0
SKU111,2026-02-02,actual,8.0,7.0,8.0,8.0,0
SKU111,2026-02-09,actual,10.0,11.0,10.0,10.0,0
SKU111,2026-02-16,actual,12.0,4.0,12.0,12.0,0
SKU111,2026-02-23,actual,8.0,7.0,8.0,8.0,0
SKU111,2026-03-02,actual,6.0,9.0,6.0,6.0,0
SKU111,2026-03-09,actual,9.0,11.0,9.0,9.0,0
SKU111,2026-03-16,actual,6.0,9.0,6.0,6.0,0
SKU111,2026-03-23,actual,8.0,13.0,8.0,8.0,0
SKU111,2026-03-30,actual,3.0,5.0,3.0,3.0,0
SKU111,2026-04-06,actual,5.0,10.0,5.0,5.0,0
SKU111,2026-04-13,actual,6.0,4.0,6.0,6.0,0
SKU111,2026-04-20,actual,10.0,2.0,10.0,10.0,0
SKU111,2026-04-27,actual,4.0,12.0,4.0,4.0,0
SKU111,2026-05-04,actual,13.0,6.0,13.0,13.0,0
SKU111,2026-05-11,actual,9.0,8.0,9.0,9.0,0
SKU111,2026-05-18,actual,6.0,8.0,6.0,6.0,0
SKU111,2026-05-25,actual,1.0,5.0,1.0,1.0,0
SKU111,2026-06-01,actual,5.0,2.0,5.0,5.0,0
SKU111,2026-06-08,actual,5.0,5.0,5.0,5.0,0
SKU111,2026-06-15,actual,3.0,6.0,3.0,3.0,0
SKU112,2024-07-15,actual,10.0,0.0,10.0,10.0,0
SKU112,2024-07-22,actual,22.0,10.0,22.0,22.0,0
SKU112,2024-07-29,actual,11.0,16.0,11.0,11.0,0
SKU112,2024-08-05,actual,17.0,14.333333333333334,17.0,17.0,0
SKU112,2024-08-12,actual,22.0,15.0,22.0,22.0,0
SKU112,2024-08-19,actual,18.0,18.0,18.0,18.0,0
SKU112,2024-08-26,actual,14.0,17.0,14.0,14.0,0
SKU112,2024-09-02,actual,17.0,17.75,17.0,17.0,0
SKU112,2024-09-09,actual,22.0,17.75,22.0,22.0,0
SKU112,2024-09-16,actual,17.0,17.75,17.0,17.0,0
SKU112,2024-09-23,actual,16.0,17.5,16.0,16.0,0
SKU112,2024-09-30,actual,30.0,18.0,30.0,30.0,0
SKU112,2024-10-07,actual,23.0,21.25,23.0,23.0,0
SKU112,2024-10-14,actual,27.0,21.5,27.0,27.0,0
SKU112,2024-10-21,actual,25.0,24.0,25.0,25.0,0
SKU112,2024-10-28,actual,21.0,26.25,21.0,21.0,0
SKU112,2024-11-04,actual,21.0,24.0,21.0,21.0,0
SKU112,2024-11-11,actual,19.0,23.5,19.0,19.0,0
SKU112,2024-11-18,actual,24.0,21.5,24.0,24.0,0
SKU112,2024-11-25,actual,35.0,21.25,35.0,35.0,0
SKU112,2024-12-02,actual,21.0,24.75,21.0,21.0,0
SKU112,2024-12-09,actual,32.0,24.75,32.0,32.0,0
SKU112,2024-12-16,actual,35.0,28.0,35.0,35.0,0
SKU112,2024-12-23,actual,39.0,30.75,39.0,39.0,0
SKU112,2024-12-30,actual,19.0,31.75,19.0,19.0,0
SKU112,2025-01-06,actual,30.0,31.25,30.0,30.0,0
SKU112,2025-01-13,actual,29.0,30.75,29.0,29.0,0
SKU112,2025-01-20,actual,34.0,29.25,34.0,34.0,0
SKU112,2025-01-27,actual,19.0,28.0,19.0,19.0,0
SKU112,2025-02-03,actual,32.0,28.0,32.0,32.0,0
SKU112,2025-02-10,actual,24.0,28.5,24.0,24.0,0
SKU112,2025-02-17,actual,29.0,27.25,29.0,29.0,0
SKU112,2025-02-24,actual,24.0,26.0,24.0,24.0,0
SKU112,2025-03-03,actual,23.0,27.25,23.0,23.0,0
SKU112,2025-03-10,actual,28.0,25.0,28.0,28.0,0
SKU112,2025-03-17,actual,17.0,26.0,17.0,17.0,0
SKU112,2025-03-24,actual,22.0,23.0,22.0,22.0,0
SKU112,2025-03-31,actual,18.0,22.5,18.0,18.0,0
SKU112,2025-04-07,actual,16.0,21.25,16.0,16.0,0
SKU112,2025-04-14,actual,12.0,18.25,12.0,12.0,0
SKU112,2025-04-21,actual,13.0,17.0,13.0,13.0,0
SKU112,2025-04-28,actual,32.0,14.75,32.0,32.0,0
SKU112,2025-05-05,actual,17.0,18.25,17.0,17.0,0
SKU112,2025-05-12,actual,19.0,18.5,19.0,19.0,0
SKU112,2025-05-19,actual,21.0,20.25,21.0,21.0,0
SKU112,2025-05-26,actual,7.0,22.25,7.0,7.0,0
SKU112,2025-06-02,actual,17.0,16.0,17.0,17.0,0
SKU112,2025-06-09,actual,14.0,16.0,14.0,14.0,0
SKU112,2025-06-16,actual,10.0,14.75,10.0,10.0,0
SKU112,2025-06-23,actual,8.0,12.0,8.0,8.0,0
SKU112,2025-06-30,actual,15.0,12.25,15.0,15.0,0
SKU112,2025-07-07,actual,15.0,11.75,15.0,15.0,0
SKU112,2025-07-14,actual,12.0,10.0,12.0,12.0,0
SKU112,2025-07-21,actual,13.0,22.0,13.0,13.0,0
SKU112,2025-07-28,actual,9.0,11.0,9.0,9.0,0
SKU112,2025-08-04,actual,19.0,17.0,19.0,19.0,0
SKU112,2025-08-11,actual,24.0,22.0,24.0,24.0,0
SKU112,2025-08-18,actual,18.0,18.0,18.0,18.0,0
SKU112,2025-08-25,actual,19.0,14.0,19.0,19.0,0
SKU112,2025-09-01,actual,18.0,17.0,18.0,18.0,0
SKU112,2025-09-08,actual,15.0,22.0,15.0,15.0,0
SKU112,2025-09-15,actual,16.0,17.0,16.0,16.0,0
SKU112,2025-09-22,actual,9.0,16.0,9.0,9.0,0
SKU112,2025-09-29,actual,22.0,30.0,22.0,22.0,0
SKU112,2025-10-06,actual,23.0,23.0,23.0,23.0,0
SKU112,2025-10-13,actual,35.0,27.0,35.0,35.0,0
SKU112,2025-10-20,actual,28.0,25.0,28.0,28.0,0
SKU112,2025-10-27,actual,26.0,21.0,26.0,26.0,0
SKU112,2025-11-03,actual,24.0,21.0,24.0,24.0,0
SKU112,2025-11-10,actual,34.0,19.0,34.0,34.0,0
SKU112,2025-11-17,actual,27.0,24.0,27.0,27.0,0
SKU112,2025-11-24,actual,23.0,35.0,23.0,23.0,0
SKU112,2025-12-01,actual,12.0,21.0,12.0,12.0,0
SKU112,2025-12-08,actual,18.0,32.0,18.0,18.0,0
SKU112,2025-12-15,actual,27.0,35.0,27.0,27.0,0
SKU112,2025-12-22,actual,41.0,39.0,41.0,41.0,0
SKU112,2025-12-29,actual,29.0,19.0,29.0,29.0,0
SKU112,2026-01-05,actual,40.0,30.0,40.0,40.0,0
SKU112,2026-01-12,actual,23.0,29.0,23.0,23.0,0
SKU112,2026-01-19,actual,34.0,34.0,34.0,34.0,0
SKU112,2026-01-26,actual,41.0,19.0,41.0,41.0,0
SKU112,2026-02-02,actual,30.0,32.0,30.0,30.0,0
SKU112,2026-02-09,actual,19.0,24.0,19.0,19.0,0
SKU112,2026-02-16,actual,29.0,29.0,29.0,29.0,0
SKU112,2026-02-23,actual,22.0,24.0,22.0,22.0,0
SKU112,2026-03-02,actual,26.0,23.0,26.0,26.0,0
SKU112,2026-03-09,actual,23.0,28.0,23.0,23.0,0
SKU112,2026-03-16,actual,29.0,17.0,29.0,29.0,0
SKU112,2026-03-23,actual,22.0,22.0,22.0,22.0,0
SKU112,2026-03-30,actual,20.0,18.0,20.0,20.0,0
SKU112,2026-04-06,actual,29.0,16.0,29.0,29.0,0
SKU112,2026-04-13,actual,14.0,12.0,14.0,14.0,0
SKU112,2026-04-20,actual,20.0,13.0,20.0,20.0,0
SKU112,2026-04-27,actual,22.0,32.0,22.0,22.0,0
SKU112,2026-05-04,actual,22.0,17.0,22.0,22.0,0
SKU112,2026-05-11,actual,13.0,19.0,13.0,13.0,0
SKU112,2026-05-18,actual,21.0,21.0,21.0,21.0,0
SKU112,2026-05-25,actual,12.0,7.0,12.0,12.0,0
SKU112,2026-06-01,actual,12.0,17.0,12.0,12.0,0
SKU112,2026-06-08,actual,16.0,14.0,16.0,16.0,0
SKU112,2026-06-15,actual,13.0,10.0,13.0,13.0,0
SKU113,2024-12-16,actual,3.0,0.0,3.0,3.0,0
SKU113,2024-12-23,actual,10.0,3.0,10.0,10.0,0
SKU113,2024-12-30,actual,4.0,6.5,4.0,4.0,0
SKU113,2025-01-06,actual,7.0,5.666666666666667,7.0,7.0,0
SKU113,2025-01-13,actual,7.0,6.0,7.0,7.0,0
SKU113,2025-01-20,actual,8.0,7.0,8.0,8.0,0
SKU113,2025-01-27,actual,13.0,6.5,13.0,13.0,0
SKU113,2025-02-03,actual,5.0,8.75,5.0,5.0,0
SKU113,2025-02-10,actual,9.0,8.25,9.0,9.0,0
SKU113,2025-02-17,actual,7.0,8.75,7.0,7.0,0
SKU113,2025-02-24,actual,11.0,8.5,11.0,11.0,0
SKU113,2025-03-03,actual,6.0,8.0,6.0,6.0,0
SKU113,2025-03-10,actual,11.0,8.25,11.0,11.0,0
SKU113,2025-03-17,actual,3.0,8.75,3.0,3.0,0
SKU113,2025-03-24,actual,6.0,7.75,6.0,6.0,0
SKU113,2025-03-31,actual,8.0,6.5,8.0,8.0,0
SKU113,2025-04-07,actual,2.0,7.0,2.0,2.0,0
SKU113,2025-04-14,actual,7.0,4.75,7.0,7.0,0
SKU113,2025-04-21,actual,6.0,5.75,6.0,6.0,0
SKU113,2025-04-28,actual,12.0,5.75,12.0,12.0,0
SKU113,2025-05-05,actual,8.0,6.75,8.0,8.0,0
SKU113,2025-05-12,actual,8.0,8.25,8.0,8.0,0
SKU113,2025-05-19,actual,6.0,8.5,6.0,6.0,0
SKU113,2025-05-26,actual,12.0,8.5,12.0,12.0,0
SKU113,2025-06-02,actual,8.0,8.5,8.0,8.0,0
SKU113,2025-06-09,actual,9.0,8.5,9.0,9.0,0
SKU113,2025-06-16,actual,3.0,8.75,3.0,3.0,0
SKU113,2025-06-23,actual,5.0,8.0,5.0,5.0,0
SKU113,2025-06-30,actual,5.0,6.25,5.0,5.0,0
SKU113,2025-07-07,actual,7.0,5.5,7.0,7.0,0
SKU113,2025-07-14,actual,4.0,5.0,4.0,4.0,0
SKU113,2025-07-21,actual,1.0,5.25,1.0,1.0,0
SKU113,2025-07-28,actual,2.0,4.25,2.0,2.0,0
SKU113,2025-08-04,actual,3.0,3.5,3.0,3.0,0
SKU113,2025-08-11,actual,7.0,2.5,7.0,7.0,0
SKU113,2025-08-18,actual,7.0,3.25,7.0,7.0,0
SKU113,2025-08-25,actual,4.0,4.75,4.0,4.0,0
SKU113,2025-09-01,actual,4.0,5.25,4.0,4.0,0
SKU113,2025-09-08,actual,6.0,5.5,6.0,6.0,0
SKU113,2025-09-15,actual,2.0,5.25,2.0,2.0,0
SKU113,2025-09-22,actual,7.0,4.0,7.0,7.0,0
SKU113,2025-09-29,actual,4.0,4.75,4.0,4.0,0
SKU113,2025-10-06,actual,3.0,4.75,3.0,3.0,0
SKU113,2025-10-13,actual,8.0,4.0,8.0,8.0,0
SKU113,2025-10-20,actual,13.0,5.5,13.0,13.0,0
SKU113,2025-10-27,actual,5.0,7.0,5.0,5.0,0
SKU113,2025-11-03,actual,5.0,7.25,5.0,5.0,0
SKU113,2025-11-10,actual,5.0,7.75,5.0,5.0,0
SKU113,2025-11-17,actual,4.0,7.0,4.0,4.0,0
SKU113,2025-11-24,actual,4.0,4.75,4.0,4.0,0
SKU113,2025-12-01,actual,3.0,4.5,3.0,3.0,0
SKU113,2025-12-08,actual,7.0,4.0,7.0,7.0,0
SKU113,2025-12-15,actual,3.0,3.0,3.0,3.0,0
SKU113,2025-12-22,actual,19.0,10.0,19.0,19.0,0
SKU113,2025-12-29,actual,8.0,4.0,8.0,8.0,0
SKU113,2026-01-05,actual,8.0,7.0,8.0,8.0,0
SKU113,2026-01-12,actual,7.0,7.0,7.0,7.0,0
SKU113,2026-01-19,actual,8.0,8.0,8.0,8.0,0
SKU113,2026-01-26,actual,14.0,13.0,14.0,14.0,0
SKU113,2026-02-02,actual,7.0,5.0,7.0,7.0,0
SKU113,2026-02-09,actual,9.0,9.0,9.0,9.0,0
SKU113,2026-02-16,actual,16.0,7.0,16.0,16.0,0
SKU113,2026-02-23,actual,15.0,11.0,15.0,15.0,0
SKU113,2026-03-02,actual,10.0,6.0,10.0,10.0,0
SKU113,2026-03-09,actual,10.0,11.0,10.0,10.0,0
SKU113,2026-03-16,actual,5.0,3.0,5.0,5.0,0
SKU113,2026-03-23,actual,5.0,6.0,5.0,5.0,0
SKU113,2026-03-30,actual,7.0,8.0,7.0,7.0,0
SKU113,2026-04-06,actual,9.0,2.0,9.0,9.0,0
SKU113,2026-04-13,actual,5.0,7.0,5.0,5.0,0
SKU113,2026-04-20,actual,5.0,6.0,5.0,5.0,0
SKU113,2026-04-27,actual,12.0,12.0,12.0,12.0,0
SKU113,2026-05-04,actual,8.0,8.0,8.0,8.0,0
SKU113,2026-05-11,actual,5.0,8.0,5.0,5.0,0
SKU113,2026-05-18,actual,9.0,6.0,9.0,9.0,0
SKU113,2026-05-25,actual,8.0,12.0,8.0,8.0,0
SKU113,2026-06-01,actual,12.0,8.0,12.0,12.0,0
SKU113,2026-06-08,actual,2.0,9.0,2.0,2.0,0
SKU113,2026-06-15,actual,7.0,3.0,7.0,7.0,0
SKU114,2025-06-02,actual,13.0,0.0,13.0,13.0,0
SKU114,2025-06-09,actual,3.0,13.0,3.0,3.0,0
SKU114,2025-06-16,actual,12.0,8.0,12.0,12.0,0
SKU114,2025-06-23,actual,11.0,9.333333333333334,11.0,11.0,0
SKU114,2025-06-30,actual,7.0,9.75,7.0,7.0,0
SKU114,2025-07-07,actual,11.0,8.25,11.0,11.0,0
SKU114,2025-07-14,actual,13.0,10.25,13.0,13.0,0
SKU114,2025-07-21,actual,9.0,10.5,9.0,9.0,0
SKU114,2025-07-28,actual,10.0,10.0,10.0,10.0,0
SKU114,2025-08-04,actual,13.0,10.75,13.0,13.0,0
SKU114,2025-08-11,actual,22.0,11.25,22.0,22.0,0
SKU114,2025-08-18,actual,19.0,13.5,19.0,19.0,0
SKU114,2025-08-25,actual,17.0,16.0,17.0,17.0,0
SKU114,2025-09-01,actual,8.0,17.75,8.0,8.0,0
SKU114,2025-09-08,actual,16.0,16.5,16.0,16.0,0
SKU114,2025-09-15,actual,8.0,15.0,8.0,8.0,0
SKU114,2025-09-22,actual,11.0,12.25,11.0,11.0,0
SKU114,2025-09-29,actual,15.0,10.75,15.0,15.0,0
SKU114,2025-10-06,actual,12.0,12.5,12.0,12.0,0
SKU114,2025-10-13,actual,14.0,11.5,14.0,14.0,0
SKU114,2025-10-20,actual,25.0,13.0,25.0,25.0,0
SKU114,2025-10-27,actual,10.0,16.5,10.0,10.0,0
SKU114,2025-11-03,actual,11.0,15.25,11.0,11.0,0
SKU114,2025-11-10,actual,14.0,15.0,14.0,14.0,0
SKU114,2025-11-17,actual,13.0,15.0,13.0,13.0,0
SKU114,2025-11-24,actual,13.0,12.0,13.0,13.0,0
SKU114,2025-12-01,actual,11.0,12.75,11.0,11.0,0
SKU114,2025-12-08,actual,10.0,12.75,10.0,10.0,0
SKU114,2025-12-15,actual,11.0,11.75,11.0,11.0,0
SKU114,2025-12-22,actual,34.0,11.25,34.0,34.0,0
SKU114,2025-12-29,actual,11.0,16.5,11.0,11.0,0
SKU114,2026-01-05,actual,6.0,16.5,6.0,6.0,0
SKU114,2026-01-12,actual,11.0,15.5,11.0,11.0,0
SKU114,2026-01-19,actual,16.0,15.5,16.0,16.0,0
SKU114,2026-01-26,actual,15.0,11.0,15.0,15.0,0
SKU114,2026-02-02,actual,6.0,12.0,6.0,6.0,0
SKU114,2026-02-09,actual,12.0,12.0,12.0,12.0,0
SKU114,2026-02-16,actual,3.0,12.25,3.0,3.0,0
SKU114,2026-02-23,actual,9.0,9.0,9.0,9.0,0
SKU114,2026-03-02,actual,4.0,7.5,4.0,4.0,0
SKU114,2026-03-09,actual,8.0,7.0,8.0,8.0,0
SKU114,2026-03-16,actual,6.0,6.0,6.0,6.0,0
SKU114,2026-03-23,actual,9.0,6.75,9.0,9.0,0
SKU114,2026-03-30,actual,4.0,6.75,4.0,4.0,0
SKU114,2026-04-06,actual,6.0,6.75,6.0,6.0,0
SKU114,2026-04-13,actual,8.0,6.25,8.0,8.0,0
SKU114,2026-04-20,actual,12.0,6.75,12.0,12.0,0
SKU114,2026-04-27,actual,11.0,7.5,11.0,11.0,0
SKU114,2026-05-04,actual,8.0,9.25,8.0,8.0,0
SKU114,2026-05-11,actual,5.0,9.75,5.0,5.0,0
SKU114,2026-05-18,actual,6.0,9.0,6.0,6.0,0
SKU114,2026-05-25,actual,3.0,7.5,3.0,3.0,0
SKU114,2026-06-01,actual,7.0,13.0,7.0,7.0,0
SKU114,2026-06-08,actual,12.0,3.0,12.0,12.0,0
SKU114,2026-06-15,actual,10.0,12.0,10.0,10.0,0
SKU115,2024-11-25,actual,25.0,0.0,25.0,25.0,0
SKU115,2024-12-02,actual,37.0,25.0,37.0,37.0,0
SKU115,2024-12-09,actual,51.0,31.0,51.0,51.0,0
SKU115,2024-12-16,actual,54.0,37.666666666666664,54.0,54.0,0
SKU115,2024-12-23,actual,77.0,41.75,77.0,77.0,0
SKU115,2024-12-30,actual,36.0,54.75,36.0,36.0,0
SKU115,2025-01-06,actual,40.0,54.5,40.0,40.0,0
SKU115,2025-01-13,actual,45.0,51.75,45.0,45.0,0
SKU115,2025-01-20,actual,72.0,49.5,72.0,72.0,0
SKU115,2025-01-27,actual,38.0,48.25,38.0,38.0,0
SKU115,2025-02-03,actual,31.0,48.75,31.0,31.0,0
SKU115,2025-02-10,actual,35.0,46.5,35.0,35.0,0
SKU115,2025-02-17,actual,35.0,44.0,35.0,35.0,0
SKU115,2025-02-24,actual,27.0,34.75,27.0,27.0,0
SKU115,2025-03-03,actual,25.0,32.0,25.0,25.0,0
SKU115,2025-03-10,actual,31.0,30.5,31.0,31.0,0
SKU115,2025-03-17,actual,29.0,29.5,29.0,29.0,0
SKU115,2025-03-24,actual,30.0,28.0,30.0,30.0,0
SKU115,2025-03-31,actual,19.0,28.75,19.0,19.0,0
SKU115,2025-04-07,actual,22.0,27.25,22.0,22.0,0
SKU115,2025-04-14,actual,22.0,25.0,22.0,22.0,0
SKU115,2025-04-21,actual,18.0,23.25,18.0,18.0,0
SKU115,2025-04-28,actual,41.0,20.25,41.0,41.0,0
SKU115,2025-05-05,actual,30.0,25.75,30.0,30.0,0
SKU115,2025-05-12,actual,20.0,27.75,20.0,20.0,0
SKU115,2025-05-19,actual,19.0,27.25,19.0,19.0,0
SKU115,2025-05-26,actual,23.0,27.5,23.0,23.0,0
SKU115,2025-06-02,actual,22.0,23.0,22.0,22.0,0
SKU115,2025-06-09,actual,33.0,21.0,33.0,33.0,0
SKU115,2025-06-16,actual,20.0,24.25,20.0,20.0,0
SKU115,2025-06-23,actual,29.0,24.5,29.0,29.0,0
SKU115,2025-06-30,actual,27.0,26.0,27.0,27.0,0
SKU115,2025-07-07,actual,29.0,27.25,29.0,29.0,0
SKU115,2025-07-14,actual,30.0,26.25,30.0,30.0,0
SKU115,2025-07-21,actual,23.0,28.75,23.0,23.0,0
SKU115,2025-07-28,actual,24.0,27.25,24.0,24.0,0
SKU115,2025-08-04,actual,45.0,26.5,45.0,45.0,0
SKU115,2025-08-11,actual,57.0,30.5,57.0,57.0,0
SKU115,2025-08-18,actual,34.0,37.25,34.0,34.0,0
SKU115,2025-08-25,actual,50.0,40.0,50.0,50.0,0
SKU115,2025-09-01,actual,31.0,46.5,31.0,31.0,0
SKU115,2025-09-08,actual,31.0,43.0,31.0,31.0,0
SKU115,2025-09-15,actual,37.0,36.5,37.0,37.0,0
SKU115,2025-09-22,actual,41.0,37.25,41.0,41.0,0
SKU115,2025-09-29,actual,49.0,35.0,49.0,49.0,0
SKU115,2025-10-06,actual,43.0,39.5,43.0,43.0,0
SKU115,2025-10-13,actual,40.0,42.5,40.0,40.0,0
SKU115,2025-10-20,actual,100.0,43.25,100.0,100.0,0
SKU115,2025-10-27,actual,48.0,58.0,48.0,48.0,0
SKU115,2025-11-03,actual,55.0,57.75,55.0,55.0,0
SKU115,2025-11-10,actual,50.0,60.75,50.0,50.0,0
SKU115,2025-11-17,actual,43.0,63.25,43.0,43.0,0
SKU115,2025-11-24,actual,45.0,25.0,45.0,45.0,0
SKU115,2025-12-01,actual,47.0,37.0,47.0,47.0,0
SKU115,2025-12-08,actual,45.0,51.0,45.0,45.0,0
SKU115,2025-12-15,actual,35.0,54.0,35.0,35.0,0
SKU115,2025-12-22,actual,107.0,77.0,107.0,107.0,0
SKU115,2025-12-29,actual,51.0,36.0,51.0,51.0,0
SKU115,2026-01-05,actual,50.0,40.0,50.0,50.0,0
SKU115,2026-01-12,actual,52.0,45.0,52.0,52.0,0
SKU115,2026-01-19,actual,48.0,72.0,48.0,48.0,0
SKU115,2026-01-26,actual,65.0,38.0,65.0,65.0,0
SKU115,2026-02-02,actual,45.0,31.0,45.0,45.0,0
SKU115,2026-02-09,actual,34.0,35.0,34.0,34.0,0
SKU115,2026-02-16,actual,31.0,35.0,31.0,31.0,0
SKU115,2026-02-23,actual,29.0,27.0,29.0,29.0,0
SKU115,2026-03-02,actual,27.0,25.0,27.0,27.0,0
SKU115,2026-03-09,actual,26.0,31.0,26.0,26.0,0
SKU115,2026-03-16,actual,30.0,29.0,30.0,30.0,0
SKU115,2026-03-23,actual,36.0,30.0,36.0,36.0,0
SKU115,2026-03-30,actual,34.0,19.0,34.0,34.0,0
SKU115,2026-04-06,actual,27.0,22.0,27.0,27.0,0
SKU115,2026-04-13,actual,23.0,22.0,23.0,23.0,0
SKU115,2026-04-20,actual,22.0,18.0,22.0,22.0,0
SKU115,2026-04-27,actual,40.0,41.0,40.0,40.0,0
SKU115,2026-05-04,actual,30.0,30.0,30.0,30.0,0
SKU115,2026-05-11,actual,26.0,20.0,26.0,26.0,0
SKU115,2026-05-18,actual,23.0,19.0,23.0,23.0,0
SKU115,2026-05-25,actual,27.0,23.0,27.0,27.0,0
SKU115,2026-06-01,actual,20.0,22.0,20.0,20.0,0
SKU115,2026-06-08,actual,32.0,33.0,32.0,32.0,0
SKU115,2026-06-15,actual,25.0,20.0,25.0,25.0,0
SKU116,2025-10-06,actual,16.0,0.0,16.0,16.0,0
SKU116,2025-10-13,actual,10.0,16.0,10.0,10.0,0
SKU116,2025-10-20,actual,45.0,13.0,45.0,45.0,0
SKU116,2025-10-27,actual,17.0,23.666666666666668,17.0,17.0,0
SKU116,2025-11-03,actual,15.0,22.0,15.0,15.0,0
SKU116,2025-11-10,actual,13.0,21.75,13.0,13.0,0
SKU116,2025-11-17,actual,17.0,22.5,17.0,17.0,0
SKU116,2025-11-24,actual,9.0,15.5,9.0,9.0,0
SKU116,2025-12-01,actual,9.0,13.5,9.0,9.0,0
SKU116,2025-12-08,actual,10.0,12.0,10.0,10.0,0
SKU116,2025-12-15,actual,7.0,11.25,7.0,7.0,0
SKU116,2025-12-22,actual,22.0,8.75,22.0,22.0,0
SKU116,2025-12-29,actual,4.0,12.0,4.0,4.0,0
SKU116,2026-01-05,actual,11.0,10.75,11.0,11.0,0
SKU116,2026-01-12,actual,10.0,11.0,10.0,10.0,0
SKU116,2026-01-19,actual,19.0,11.75,19.0,19.0,0
SKU116,2026-01-26,actual,14.0,11.0,14.0,14.0,0
SKU116,2026-02-02,actual,8.0,13.5,8.0,8.0,0
SKU116,2026-02-09,actual,7.0,12.75,7.0,7.0,0
SKU116,2026-02-16,actual,10.0,12.0,10.0,10.0,0
SKU116,2026-02-23,actual,8.0,9.75,8.0,8.0,0
SKU116,2026-03-02,actual,7.0,8.25,7.0,7.0,0
SKU116,2026-03-09,actual,5.0,8.0,5.0,5.0,0
SKU116,2026-03-16,actual,9.0,7.5,9.0,9.0,0
SKU116,2026-03-23,actual,6.0,7.25,6.0,6.0,0
SKU116,2026-03-30,actual,8.0,6.75,8.0,8.0,0
SKU116,2026-04-06,actual,12.0,7.0,12.0,12.0,0
SKU116,2026-04-13,actual,7.0,8.75,7.0,7.0,0
SKU116,2026-04-20,actual,10.0,8.25,10.0,10.0,0
SKU116,2026-04-27,actual,11.0,9.25,11.0,11.0,0
SKU116,2026-05-04,actual,10.0,10.0,10.0,10.0,0
SKU116,2026-05-11,actual,5.0,9.5,5.0,5.0,0
SKU116,2026-05-18,actual,7.0,9.0,7.0,7.0,0
SKU116,2026-05-25,actual,8.0,8.25,8.0,8.0,0
SKU116,2026-06-01,actual,11.0,7.5,11.0,11.0,0
SKU116,2026-06-08,actual,7.0,7.75,7.0,7.0,0
SKU116,2026-06-15,actual,6.0,8.25,6.0,6.0,0
SKU117,2024-09-02,actual,1.0,0.0,1.0,1.0,0
SKU117,2024-09-09,actual,12.0,1.0,12.0,12.0,0
SKU117,2024-09-16,actual,6.0,6.5,6.0,6.0,0
SKU117,2024-09-23,actual,9.0,6.333333333333333,9.0,9.0,0
SKU117,2024-09-30,actual,9.0,7.0,9.0,9.0,0
SKU117,2024-10-07,actual,12.0,9.0,12.0,12.0,0
SKU117,2024-10-14,actual,11.0,9.0,11.0,11.0,0
SKU117,2024-10-21,actual,29.0,10.25,29.0,29.0,0
SKU117,2024-10-28,actual,9.0,15.25,9.0,9.0,0
SKU117,2024-11-04,actual,12.0,15.25,12.0,12.0,0
SKU117,2024-11-11,actual,10.0,15.25,10.0,10.0,0
SKU117,2024-11-18,actual,15.0,15.0,15.0,15.0,0
SKU117,2024-11-25,actual,15.0,11.5,15.0,15.0,0
SKU117,2024-12-02,actual,13.0,13.0,13.0,13.0,0
SKU117,2024-12-09,actual,15.0,13.25,15.0,15.0,0
SKU117,2024-12-16,actual,23.0,14.5,23.0,23.0,0
SKU117,2024-12-23,actual,31.0,16.5,31.0,31.0,0
SKU117,2024-12-30,actual,19.0,20.5,19.0,19.0,0
SKU117,2025-01-06,actual,11.0,22.0,11.0,11.0,0
SKU117,2025-01-13,actual,16.0,21.0,16.0,16.0,0
SKU117,2025-01-20,actual,20.0,19.25,20.0,20.0,0
SKU117,2025-01-27,actual,17.0,16.5,17.0,17.0,0
SKU117,2025-02-03,actual,9.0,16.0,9.0,9.0,0
SKU117,2025-02-10,actual,13.0,15.5,13.0,13.0,0
SKU117,2025-02-17,actual,14.0,14.75,14.0,14.0,0
SKU117,2025-02-24,actual,13.0,13.25,13.0,13.0,0
SKU117,2025-03-03,actual,19.0,12.25,19.0,19.0,0
SKU117,2025-03-10,actual,12.0,14.75,12.0,12.0,0
SKU117,2025-03-17,actual,14.0,14.5,14.0,14.0,0
SKU117,2025-03-24,actual,7.0,14.5,7.0,7.0,0
SKU117,2025-03-31,actual,14.0,13.0,14.0,14.0,0
SKU117,2025-04-07,actual,13.0,11.75,13.0,13.0,0
SKU117,2025-04-14,actual,9.0,12.0,9.0,9.0,0
SKU117,2025-04-21,actual,5.0,10.75,5.0,5.0,0
SKU117,2025-04-28,actual,15.0,10.25,15.0,15.0,0
SKU117,2025-05-05,actual,16.0,10.5,16.0,16.0,0
SKU117,2025-05-12,actual,5.0,11.25,5.0,5.0,0
SKU117,2025-05-19,actual,6.0,10.25,6.0,6.0,0
SKU117,2025-05-26,actual,5.0,10.5,5.0,5.0,0
SKU117,2025-06-02,actual,7.0,8.0,7.0,7.0,0
SKU117,2025-06-09,actual,10.0,5.75,10.0,10.0,0
SKU117,2025-06-16,actual,9.0,7.0,9.0,9.0,0
SKU117,2025-06-23,actual,7.0,7.75,7.0,7.0,0
SKU117,2025-06-30,actual,4.0,8.25,4.0,4.0,0
SKU117,2025-07-07,actual,10.0,7.5,10.0,10.0,0
SKU117,2025-07-14,actual,9.0,7.5,9.0,9.0,0
SKU117,2025-07-21,actual,15.0,7.5,15.0,15.0,0
SKU117,2025-07-28,actual,13.0,9.5,13.0,13.0,0
SKU117,2025-08-04,actual,4.0,11.75,4.0,4.0,0
SKU117,2025-08-11,actual,24.0,10.25,24.0,24.0,0
SKU117,2025-08-18,actual,7.0,14.0,7.0,7.0,0
SKU117,2025-08-25,actual,7.0,12.0,7.0,7.0,0
SKU117,2025-09-01,actual,10.0,1.0,10.0,10.0,0
SKU117,2025-09-08,actual,12.0,12.0,12.0,12.0,0
SKU117,2025-09-15,actual,10.0,6.0,10.0,10.0,0
SKU117,2025-09-22,actual,11.0,9.0,11.0,11.0,0
SKU117,2025-09-29,actual,17.0,9.0,17.0,17.0,0
SKU117,2025-10-06,actual,10.0,12.0,10.0,10.0,0
SKU117,2025-10-13,actual,17.0,11.0,17.0,17.0,0
SKU117,2025-10-20,actual,24.0,29.0,24.0,24.0,0
SKU117,2025-10-27,actual,9.0,9.0,9.0,9.0,0
SKU117,2025-11-03,actual,13.0,12.0,13.0,13.0,0
SKU117,2025-11-10,actual,11.0,10.0,11.0,11.0,0
SKU117,2025-11-17,actual,21.0,15.0,21.0,21.0,0
SKU117,2025-11-24,actual,10.0,15.0,10.0,10.0,0
SKU117,2025-12-01,actual,11.0,13.0,11.0,11.0,0
SKU117,2025-12-08,actual,12.0,15.0,12.0,12.0,0
SKU117,2025-12-15,actual,11.0,23.0,11.0,11.0,0
SKU117,2025-12-22,actual,27.0,31.0,27.0,27.0,0
SKU117,2025-12-29,actual,26.0,19.0,26.0,26.0,0
SKU117,2026-01-05,actual,17.0,11.0,17.0,17.0,0
SKU117,2026-01-12,actual,18.0,16.0,18.0,18.0,0
SKU117,2026-01-19,actual,25.0,20.0,25.0,25.0,0
SKU117,2026-01-26,actual,25.0,17.0,25.0,25.0,0
SKU117,2026-02-02,actual,16.0,9.0,16.0,16.0,0
SKU117,2026-02-09,actual,7.0,13.0,7.0,7.0,0
SKU117,2026-02-16,actual,11.0,14.0,11.0,11.0,0
SKU117,2026-02-23,actual,9.0,13.0,9.0,9.0,0
SKU117,2026-03-02,actual,10.0,19.0,10.0,10.0,0
SKU117,2026-03-09,actual,7.0,12.0,7.0,7.0,0
SKU117,2026-03-16,actual,14.0,14.0,14.0,14.0,0
SKU117,2026-03-23,actual,17.0,7.0,17.0,17.0,0
SKU117,2026-03-30,actual,14.0,14.0,14.0,14.0,0
SKU117,2026-04-06,actual,18.0,13.0,18.0,18.0,0
SKU117,2026-04-13,actual,16.0,9.0,16.0,16.0,0
SKU117,2026-04-20,actual,8.0,5.0,8.0,8.0,0
SKU117,2026-04-27,actual,12.0,15.0,12.0,12.0,0
SKU117,2026-05-04,actual,12.0,16.0,12.0,12.0,0
SKU117,2026-05-11,actual,12.0,5.0,12.0,12.0,0
SKU117,2026-05-18,actual,6.0,6.0,6.0,6.0,0
SKU117,2026-05-25,actual,13.0,5.0,13.0,13.0,0
SKU117,2026-06-01,actual,8.0,7.0,8.0,8.0,0
SKU117,2026-06-08,actual,4.0,10.0,4.0,4.0,0
SKU117,2026-06-15,actual,10.0,9.0,10.0,10.0,0
SKU118,2024-05-27,actual,17.0,0.0,17.0,17.0,0
SKU118,2024-06-03,actual,59.0,17.0,59.0,59.0,0
SKU118,2024-06-10,actual,55.0,38.0,55.0,55.0,0
SKU118,2024-06-17,actual,41.0,43.666666666666664,41.0,41.0,0
SKU118,2024-06-24,actual,47.0,43.0,47.0,47.0,0
SKU118,2024-07-01,actual,39.0,50.5,39.0,39.0,0
SKU118,2024-07-08,actual,37.0,45.5,37.0,37.0,0
SKU118,2024-07-15,actual,33.0,41.0,33.0,33.0,0
SKU118,2024-07-22,actual,32.0,39.0,32.0,32.0,0
SKU118,2024-07-29,actual,35.0,35.25,35.0,35.0,0
SKU118,2024-08-05,actual,39.0,34.25,39.0,39.0,0
SKU118,2024-08-12,actual,66.0,34.75,66.0,66.0,0
SKU118,2024-08-19,actual,37.0,43.0,37.0,37.0,0
SKU118,2024-08-26,actual,25.0,44.25,25.0,25.0,0
SKU118,2024-09-02,actual,29.0,41.75,29.0,29.0,0
SKU118,2024-09-09,actual,34.0,39.25,34.0,34.0,0
SKU118,2024-09-16,actual,38.0,31.25,38.0,38.0,0
SKU118,2024-09-23,actual,42.0,31.5,42.0,42.0,0
SKU118,2024-09-30,actual,34.0,35.75,34.0,34.0,0
SKU118,2024-10-07,actual,33.0,37.0,33.0,33.0,0
SKU118,2024-10-14,actual,42.0,36.75,42.0,42.0,0
SKU118,2024-10-21,actual,72.0,37.75,72.0,72.0,0
SKU118,2024-10-28,actual,32.0,45.25,32.0,32.0,0
SKU118,2024-11-04,actual,38.0,44.75,38.0,38.0,0
SKU118,2024-11-11,actual,40.0,46.0,40.0,40.0,0
SKU118,2024-11-18,actual,49.0,45.5,49.0,49.0,0
SKU118,2024-11-25,actual,28.0,39.75,28.0,28.0,0
SKU118,2024-12-02,actual,36.0,38.75,36.0,36.0,0
SKU118,2024-12-09,actual,28.0,38.25,28.0,28.0,0
SKU118,2024-12-16,actual,50.0,35.25,50.0,50.0,0
SKU118,2024-12-23,actual,69.0,35.5,69.0,69.0,0
SKU118,2024-12-30,actual,40.0,45.75,40.0,40.0,0
SKU118,2025-01-06,actual,46.0,46.75,46.0,46.0,0
SKU118,2025-01-13,actual,49.0,51.25,49.0,49.0,0
SKU118,2025-01-20,actual,90.0,51.0,90.0,90.0,0
SKU118,2025-01-27,actual,60.0,56.25,60.0,60.0,0
SKU118,2025-02-03,actual,59.0,61.25,59.0,59.0,0
SKU118,2025-02-10,actual,59.0,64.5,59.0,59.0,0
SKU118,2025-02-17,actual,45.0,67.0,45.0,45.0,0
SKU118,2025-02-24,actual,49.0,55.75,49.0,49.0,0
SKU118,2025-03-03,actual,55.0,53.0,55.0,55.0,0
SKU118,2025-03-10,actual,60.0,52.0,60.0,60.0,0
SKU118,2025-03-17,actual,58.0,52.25,58.0,58.0,0
SKU118,2025-03-24,actual,54.0,55.5,54.0,54.0,0
SKU118,2025-03-31,actual,72.0,56.75,72.0,72.0,0
SKU118,2025-04-07,actual,56.0,61.0,56.0,56.0,0
SKU118,2025-04-14,actual,64.0,60.0,64.0,64.0,0
SKU118,2025-04-21,actual,50.0,61.5,50.0,50.0,0
SKU118,2025-04-28,actual,107.0,60.5,107.0,107.0,0
SKU118,2025-05-05,actual,67.0,69.25,67.0,67.0,0
SKU118,2025-05-12,actual,53.0,72.0,53.0,53.0,0
SKU118,2025-05-19,actual,55.0,69.25,55.0,55.0,0
SKU118,2025-05-26,actual,38.0,17.0,38.0,38.0,0
SKU118,2025-06-02,actual,38.0,59.0,38.0,38.0,0
SKU118,2025-06-09,actual,52.0,55.0,52.0,52.0,0
SKU118,2025-06-16,actual,41.0,41.0,41.0,41.0,0
SKU118,2025-06-23,actual,41.0,47.0,41.0,41.0,0
SKU118,2025-06-30,actual,38.0,39.0,38.0,38.0,0
SKU118,2025-07-07,actual,41.0,37.0,41.0,41.0,0
SKU118,2025-07-14,actual,51.0,33.0,51.0,51.0,0
SKU118,2025-07-21,actual,43.0,32.0,43.0,43.0,0
SKU118,2025-07-28,actual,35.0,35.0,35.0,35.0,0
SKU118,2025-08-04,actual,30.0,39.0,30.0,30.0,0
SKU118,2025-08-11,actual,69.0,66.0,69.0,69.0,0
SKU118,2025-08-18,actual,39.0,37.0,39.0,39.0,0
SKU118,2025-08-25,actual,35.0,25.0,35.0,35.0,0
SKU118,2025-09-01,actual,23.0,29.0,23.0,23.0,0
SKU118,2025-09-08,actual,39.0,34.0,39.0,39.0,0
SKU118,2025-09-15,actual,34.0,38.0,34.0,34.0,0
SKU118,2025-09-22,actual,27.0,42.0,27.0,27.0,0
SKU118,2025-09-29,actual,34.0,34.0,34.0,34.0,0
SKU118,2025-10-06,actual,22.0,33.0,22.0,22.0,0
SKU118,2025-10-13,actual,30.0,42.0,30.0,30.0,0
SKU118,2025-10-20,actual,98.0,72.0,98.0,98.0,0
SKU118,2025-10-27,actual,36.0,32.0,36.0,36.0,0
SKU118,2025-11-03,actual,38.0,38.0,38.0,38.0,0
SKU118,2025-11-10,actual,34.0,40.0,34.0,34.0,0
SKU118,2025-11-17,actual,49.0,49.0,49.0,49.0,0
SKU118,2025-11-24,actual,46.0,28.0,46.0,46.0,0
SKU118,2025-12-01,actual,40.0,36.0,40.0,40.0,0
SKU118,2025-12-08,actual,38.0,28.0,38.0,38.0,0
SKU118,2025-12-15,actual,45.0,50.0,45.0,45.0,0
SKU118,2025-12-22,actual,91.0,69.0,91.0,91.0,0
SKU118,2025-12-29,actual,38.0,40.0,38.0,38.0,0
SKU118,2026-01-05,actual,48.0,46.0,48.0,48.0,0
SKU118,2026-01-12,actual,51.0,49.0,51.0,51.0,0
SKU118,2026-01-19,actual,89.0,90.0,89.0,89.0,0
SKU118,2026-01-26,actual,90.0,60.0,90.0,90.0,0
SKU118,2026-02-02,actual,51.0,59.0,51.0,51.0,0
SKU118,2026-02-09,actual,37.0,59.0,37.0,37.0,0
SKU118,2026-02-16,actual,54.0,45.0,54.0,54.0,0
SKU118,2026-02-23,actual,76.0,49.0,76.0,76.0,0
SKU118,2026-03-02,actual,74.0,55.0,74.0,74.0,0
SKU118,2026-03-09,actual,50.0,60.0,50.0,50.0,0
SKU118,2026-03-16,actual,56.0,58.0,56.0,56.0,0
SKU118,2026-03-23,actual,64.0,54.0,64.0,64.0,0
SKU118,2026-03-30,actual,56.0,72.0,56.0,56.0,0
SKU118,2026-04-06,actual,51.0,56.0,51.0,51.0,0
SKU118,2026-04-13,actual,53.0,64.0,53.0,53.0,0
SKU118,2026-04-20,actual,48.0,50.0,48.0,48.0,0
SKU118,2026-04-27,actual,77.0,107.0,77.0,77.0,0
SKU118,2026-05-04,actual,84.0,67.0,84.0,84.0,0
SKU118,2026-05-11,actual,55.0,53.0,55.0,55.0,0
SKU118,2026-05-18,actual,53.0,55.0,53.0,53.0,0
SKU118,2026-05-25,actual,58.0,38.0,58.0,58.0,0
SKU118,2026-06-01,actual,66.0,38.0,66.0,66.0,0
SKU118,2026-06-08,actual,44.0,52.0,44.0,44.0,0
SKU118,2026-06-15,actual,50.0,41.0,50.0,50.0,0
SKU119,2025-10-06,actual,7.0,0.0,7.0,7.0,0
SKU119,2025-10-13,actual,44.0,7.0,44.0,44.0,0
SKU119,2025-10-20,actual,72.0,25.5,72.0,72.0,0
SKU119,2025-10-27,actual,44.0,41.0,44.0,44.0,0
SKU119,2025-11-03,actual,38.0,41.75,38.0,38.0,0
SKU119,2025-11-10,actual,46.0,49.5,46.0,46.0,0
SKU119,2025-11-17,actual,48.0,50.0,48.0,48.0,0
SKU119,2025-11-24,actual,47.0,44.0,47.0,47.0,0
SKU119,2025-12-01,actual,56.0,44.75,56.0,56.0,0
SKU119,2025-12-08,actual,61.0,49.25,61.0,61.0,0
SKU119,2025-12-15,actual,63.0,53.0,63.0,63.0,0
SKU119,2025-12-22,actual,98.0,56.75,98.0,98.0,0
SKU119,2025-12-29,actual,55.0,69.5,55.0,55.0,0
SKU119,2026-01-05,actual,59.0,69.25,59.0,59.0,0
SKU119,2026-01-12,actual,65.0,68.75,65.0,65.0,0
SKU119,2026-01-19,actual,66.0,69.25,66.0,66.0,0
SKU119,2026-01-26,actual,79.0,61.25,79.0,79.0,0
SKU119,2026-02-02,actual,60.0,67.25,60.0,60.0,0
SKU119,2026-02-09,actual,66.0,67.5,66.0,66.0,0
SKU119,2026-02-16,actual,68.0,67.75,68.0,68.0,0
SKU119,2026-02-23,actual,56.0,68.25,56.0,56.0,0
SKU119,2026-03-02,actual,68.0,62.5,68.0,68.0,0
SKU119,2026-03-09,actual,49.0,64.5,49.0,49.0,0
SKU119,2026-03-16,actual,72.0,60.25,72.0,72.0,0
SKU119,2026-03-23,actual,62.0,61.25,62.0,62.0,0
SKU119,2026-03-30,actual,57.0,62.75,57.0,57.0,0
SKU119,2026-04-06,actual,70.0,60.0,70.0,70.0,0
SKU119,2026-04-13,actual,73.0,65.25,73.0,73.0,0
SKU119,2026-04-20,actual,55.0,65.5,55.0,55.0,0
SKU119,2026-04-27,actual,80.0,63.75,80.0,80.0,0
SKU119,2026-05-04,actual,62.0,69.5,62.0,62.0,0
SKU119,2026-05-11,actual,51.0,67.5,51.0,51.0,0
SKU119,2026-05-18,actual,60.0,62.0,60.0,60.0,0
SKU119,2026-05-25,actual,42.0,63.25,42.0,42.0,0
SKU119,2026-06-01,actual,38.0,53.75,38.0,38.0,0
SKU119,2026-06-08,actual,49.0,47.75,49.0,49.0,0
SKU119,2026-06-15,actual,52.0,47.25,52.0,52.0,0
SKU120,2024-05-27,actual,8.0,0.0,8.0,8.0,0
SKU120,2024-06-03,actual,32.0,8.0,32.0,32.0,0
SKU120,2024-06-10,actual,17.0,20.0,17.0,17.0,0
SKU120,2024-06-17,actual,25.0,19.0,25.0,25.0,0
SKU120,2024-06-24,actual,13.0,20.5,13.0,13.0,0
SKU120,2024-07-01,actual,16.0,21.75,16.0,16.0,0
SKU120,2024-07-08,actual,21.0,17.75,21.0,21.0,0
SKU120,2024-07-15,actual,21.0,18.75,21.0,21.0,0
SKU120,2024-07-22,actual,26.0,17.75,26.0,26.0,0
SKU120,2024-07-29,actual,16.0,21.0,16.0,16.0,0
SKU120,2024-08-05,actual,21.0,21.0,21.0,21.0,0
SKU120,2024-08-12,actual,43.0,21.0,43.0,43.0,0
SKU120,2024-08-19,actual,26.0,26.5,26.0,26.0,0
SKU120,2024-08-26,actual,24.0,26.5,24.0,24.0,0
SKU120,2024-09-02,actual,20.0,28.5,20.0,20.0,0
SKU120,2024-09-09,actual,21.0,28.25,21.0,21.0,0
SKU120,2024-09-16,actual,17.0,22.75,17.0,17.0,0
SKU120,2024-09-23,actual,15.0,20.5,15.0,15.0,0
SKU120,2024-09-30,actual,22.0,18.25,22.0,22.0,0
SKU120,2024-10-07,actual,14.0,18.75,14.0,14.0,0
SKU120,2024-10-14,actual,18.0,17.0,18.0,18.0,0
SKU120,2024-10-21,actual,31.0,17.25,31.0,31.0,0
SKU120,2024-10-28,actual,16.0,21.25,16.0,16.0,0
SKU120,2024-11-04,actual,13.0,19.75,13.0,13.0,0
SKU120,2024-11-11,actual,14.0,19.5,14.0,14.0,0
SKU120,2024-11-18,actual,17.0,18.5,17.0,17.0,0
SKU120,2024-11-25,actual,17.0,15.0,17.0,17.0,0
SKU120,2024-12-02,actual,12.0,15.25,12.0,12.0,0
SKU120,2024-12-09,actual,11.0,15.0,11.0,11.0,0
SKU120,2024-12-16,actual,14.0,14.25,14.0,14.0,0
SKU120,2024-12-23,actual,20.0,13.5,20.0,20.0,0
SKU120,2024-12-30,actual,8.0,14.25,8.0,8.0,0
SKU120,2025-01-06,actual,17.0,13.25,17.0,17.0,0
SKU120,2025-01-13,actual,12.0,14.75,12.0,12.0,0
SKU120,2025-01-20,actual,19.0,14.25,19.0,19.0,0
SKU120,2025-01-27,actual,11.0,14.0,11.0,11.0,0
SKU120,2025-02-03,actual,21.0,14.75,21.0,21.0,0
SKU120,2025-02-10,actual,19.0,15.75,19.0,19.0,0
SKU120,2025-02-17,actual,9.0,17.5,9.0,9.0,0
SKU120,2025-02-24,actual,8.0,15.0,8.0,8.0,0
SKU120,2025-03-03,actual,11.0,14.25,11.0,11.0,0
SKU120,2025-03-10,actual,9.0,11.75,9.0,9.0,0
SKU120,2025-03-17,actual,18.0,9.25,18.0,18.0,0
SKU120,2025-03-24,actual,15.0,11.5,15.0,15.0,0
SKU120,2025-03-31,actual,20.0,13.25,20.0,20.0,0
SKU120,2025-04-07,actual,22.0,15.5,22.0,22.0,0
SKU120,2025-04-14,actual,19.0,18.75,19.0,19.0,0
SKU120,2025-04-21,actual,14.0,19.0,14.0,14.0,0
SKU120,2025-04-28,actual,29.0,18.75,29.0,29.0,0
SKU120,2025-05-05,actual,27.0,21.0,27.0,27.0,0
SKU120,2025-05-12,actual,19.0,22.25,19.0,19.0,0
SKU120,2025-05-19,actual,19.0,22.25,19.0,19.0,0
SKU120,2025-05-26,actual,17.0,8.0,17.0,17.0,0
SKU120,2025-06-02,actual,19.0,32.0,19.0,19.0,0
SKU120,2025-06-09,actual,16.0,17.0,16.0,16.0,0
SKU120,2025-06-16,actual,19.0,25.0,19.0,19.0,0
SKU120,2025-06-23,actual,18.0,13.0,18.0,18.0,0
SKU120,2025-06-30,actual,21.0,16.0,21.0,21.0,0
SKU120,2025-07-07,actual,16.0,21.0,16.0,16.0,0
SKU120,2025-07-14,actual,26.0,21.0,26.0,26.0,0
SKU120,2025-07-21,actual,22.0,26.0,22.0,22.0,0
SKU120,2025-07-28,actual,23.0,16.0,23.0,23.0,0
SKU120,2025-08-04,actual,21.0,21.0,21.0,21.0,0
SKU120,2025-08-11,actual,49.0,43.0,49.0,49.0,0
SKU120,2025-08-18,actual,23.0,26.0,23.0,23.0,0
SKU120,2025-08-25,actual,24.0,24.0,24.0,24.0,0
SKU120,2025-09-01,actual,18.0,20.0,18.0,18.0,0
SKU120,2025-09-08,actual,24.0,21.0,24.0,24.0,0
SKU120,2025-09-15,actual,17.0,17.0,17.0,17.0,0
SKU120,2025-09-22,actual,21.0,15.0,21.0,21.0,0
SKU120,2025-09-29,actual,20.0,22.0,20.0,20.0,0
SKU120,2025-10-06,actual,21.0,14.0,21.0,21.0,0
SKU120,2025-10-13,actual,27.0,18.0,27.0,27.0,0
SKU120,2025-10-20,actual,31.0,31.0,31.0,31.0,0
SKU120,2025-10-27,actual,23.0,16.0,23.0,23.0,0
SKU120,2025-11-03,actual,13.0,13.0,13.0,13.0,0
SKU120,2025-11-10,actual,24.0,14.0,24.0,24.0,0
SKU120,2025-11-17,actual,22.0,17.0,22.0,22.0,0
SKU120,2025-11-24,actual,10.0,17.0,10.0,10.0,0
SKU120,2025-12-01,actual,10.0,12.0,10.0,10.0,0
SKU120,2025-12-08,actual,15.0,11.0,15.0,15.0,0
SKU120,2025-12-15,actual,13.0,14.0,13.0,13.0,0
SKU120,2025-12-22,actual,22.0,20.0,22.0,22.0,0
SKU120,2025-12-29,actual,12.0,8.0,12.0,12.0,0
SKU120,2026-01-05,actual,14.0,17.0,14.0,14.0,0
SKU120,2026-01-12,actual,9.0,12.0,9.0,9.0,0
SKU120,2026-01-19,actual,23.0,19.0,23.0,23.0,0
SKU120,2026-01-26,actual,15.0,11.0,15.0,15.0,0
SKU120,2026-02-02,actual,10.0,21.0,10.0,10.0,0
SKU120,2026-02-09,actual,7.0,19.0,7.0,7.0,0
SKU120,2026-02-16,actual,11.0,9.0,11.0,11.0,0
SKU120,2026-02-23,actual,12.0,8.0,12.0,12.0,0
SKU120,2026-03-02,actual,14.0,11.0,14.0,14.0,0
SKU120,2026-03-09,actual,7.0,9.0,7.0,7.0,0
SKU120,2026-03-16,actual,9.0,18.0,9.0,9.0,0
SKU120,2026-03-23,actual,14.0,15.0,14.0,14.0,0
SKU120,2026-03-30,actual,18.0,20.0,18.0,18.0,0
SKU120,2026-04-06,actual,15.0,22.0,15.0,15.0,0
SKU120,2026-04-13,actual,21.0,19.0,21.0,21.0,0
SKU120,2026-04-20,actual,21.0,14.0,21.0,21.0,0
SKU120,2026-04-27,actual,22.0,29.0,22.0,22.0,0
SKU120,2026-05-04,actual,25.0,27.0,25.0,25.0,0
SKU120,2026-05-11,actual,15.0,19.0,15.0,15.0,0
SKU120,2026-05-18,actual,8.0,19.0,8.0,8.0,0
SKU120,2026-05-25,actual,15.0,17.0,15.0,15.0,0
SKU120,2026-06-01,actual,25.0,19.0,25.0,25.0,0
SKU120,2026-06-08,actual,20.0,16.0,20.0,20.0,0
SKU120,2026-06-15,actual,21.0,19.0,21.0,21.0,0
SKU121,2024-08-12,actual,17.0,0.0,17.0,17.0,0
SKU121,2024-08-19,actual,11.0,17.0,11.0,11.0,0
SKU121,2024-08-26,actual,16.0,14.0,16.0,16.0,0
SKU121,2024-09-02,actual,23.0,14.666666666666666,23.0,23.0,0
SKU121,2024-09-09,actual,12.0,16.75,12.0,12.0,0
SKU121,2024-09-16,actual,15.0,15.5,15.0,15.0,0
SKU121,2024-09-23,actual,11.0,16.5,11.0,11.0,0
SKU121,2024-09-30,actual,24.0,15.25,24.0,24.0,0
SKU121,2024-10-07,actual,11.0,15.5,11.0,11.0,0
SKU121,2024-10-14,actual,24.0,15.25,24.0,24.0,0
SKU121,2024-10-21,actual,40.0,17.5,40.0,40.0,0
SKU121,2024-10-28,actual,22.0,24.75,22.0,22.0,0
SKU121,2024-11-04,actual,21.0,24.25,21.0,21.0,0
SKU121,2024-11-11,actual,18.0,26.75,18.0,18.0,0
SKU121,2024-11-18,actual,27.0,25.25,27.0,27.0,0
SKU121,2024-11-25,actual,19.0,22.0,19.0,19.0,0
SKU121,2024-12-02,actual,29.0,21.25,29.0,29.0,0
SKU121,2024-12-09,actual,25.0,23.25,25.0,25.0,0
SKU121,2024-12-16,actual,31.0,25.0,31.0,31.0,0
SKU121,2024-12-23,actual,39.0,26.0,39.0,39.0,0
SKU121,2024-12-30,actual,22.0,31.0,22.0,22.0,0
SKU121,2025-01-06,actual,30.0,29.25,30.0,30.0,0
SKU121,2025-01-13,actual,26.0,30.5,26.0,26.0,0
SKU121,2025-01-20,actual,37.0,29.25,37.0,37.0,0
SKU121,2025-01-27,actual,32.0,28.75,32.0,32.0,0
SKU121,2025-02-03,actual,28.0,31.25,28.0,28.0,0
SKU121,2025-02-10,actual,24.0,30.75,24.0,24.0,0
SKU121,2025-02-17,actual,21.0,30.25,21.0,21.0,0
SKU121,2025-02-24,actual,20.0,26.25,20.0,20.0,0
SKU121,2025-03-03,actual,21.0,23.25,21.0,21.0,0
SKU121,2025-03-10,actual,33.0,21.5,33.0,33.0,0
SKU121,2025-03-17,actual,30.0,23.75,30.0,30.0,0
SKU121,2025-03-24,actual,21.0,26.0,21.0,21.0,0
SKU121,2025-03-31,actual,20.0,26.25,20.0,20.0,0
SKU121,2025-04-07,actual,16.0,26.0,16.0,16.0,0
SKU121,2025-04-14,actual,21.0,21.75,21.0,21.0,0
SKU121,2025-04-21,actual,23.0,19.5,23.0,23.0,0
SKU121,2025-04-28,actual,20.0,20.0,20.0,20.0,0
SKU121,2025-05-05,actual,28.0,20.0,28.0,28.0,0
SKU121,2025-05-12,actual,18.0,23.0,18.0,18.0,0
SKU121,2025-05-19,actual,14.0,22.25,14.0,14.0,0
SKU121,2025-05-26,actual,20.0,20.0,20.0,20.0,0
SKU121,2025-06-02,actual,16.0,20.0,16.0,16.0,0
SKU121,2025-06-09,actual,18.0,17.0,18.0,18.0,0
SKU121,2025-06-16,actual,13.0,17.0,13.0,13.0,0
SKU121,2025-06-23,actual,16.0,16.75,16.0,16.0,0
SKU121,2025-06-30,actual,14.0,15.75,14.0,14.0,0
SKU121,2025-07-07,actual,13.0,15.25,13.0,13.0,0
SKU121,2025-07-14,actual,12.0,14.0,12.0,12.0,0
SKU121,2025-07-21,actual,17.0,13.75,17.0,17.0,0
SKU121,2025-07-28,actual,16.0,14.0,16.0,16.0,0
SKU121,2025-08-04,actual,15.0,14.5,15.0,15.0,0
SKU121,2025-08-11,actual,17.0,17.0,17.0,17.0,0
SKU121,2025-08-18,actual,24.0,11.0,24.0,24.0,0
SKU121,2025-08-25,actual,14.0,16.0,14.0,14.0,0
SKU121,2025-09-01,actual,11.0,23.0,11.0,11.0,0
SKU121,2025-09-08,actual,18.0,12.0,18.0,18.0,0
SKU121,2025-09-15,actual,7.0,15.0,7.0,7.0,0
SKU121,2025-09-22,actual,17.0,11.0,17.0,17.0,0
SKU121,2025-09-29,actual,20.0,24.0,20.0,20.0,0
SKU121,2025-10-06,actual,21.0,11.0,21.0,21.0,0
SKU121,2025-10-13,actual,19.0,24.0,19.0,19.0,0
SKU121,2025-10-20,actual,37.0,40.0,37.0,37.0,0
SKU121,2025-10-27,actual,13.0,22.0,13.0,13.0,0
SKU121,2025-11-03,actual,19.0,21.0,19.0,19.0,0
SKU121,2025-11-10,actual,31.0,18.0,31.0,31.0,0
SKU121,2025-11-17,actual,23.0,27.0,23.0,23.0,0
SKU121,2025-11-24,actual,28.0,19.0,28.0,28.0,0
SKU121,2025-12-01,actual,21.0,29.0,21.0,21.0,0
SKU121,2025-12-08,actual,21.0,25.0,21.0,21.0,0
SKU121,2025-12-15,actual,28.0,31.0,28.0,28.0,0
SKU121,2025-12-22,actual,41.0,39.0,41.0,41.0,0
SKU121,2025-12-29,actual,27.0,22.0,27.0,27.0,0
SKU121,2026-01-05,actual,34.0,30.0,34.0,34.0,0
SKU121,2026-01-12,actual,22.0,26.0,22.0,22.0,0
SKU121,2026-01-19,actual,30.0,37.0,30.0,30.0,0
SKU121,2026-01-26,actual,38.0,32.0,38.0,38.0,0
SKU121,2026-02-02,actual,23.0,28.0,23.0,23.0,0
SKU121,2026-02-09,actual,28.0,24.0,28.0,28.0,0
SKU121,2026-02-16,actual,20.0,21.0,20.0,20.0,0
SKU121,2026-02-23,actual,23.0,20.0,23.0,23.0,0
SKU121,2026-03-02,actual,20.0,21.0,20.0,20.0,0
SKU121,2026-03-09,actual,28.0,33.0,28.0,28.0,0
SKU121,2026-03-16,actual,23.0,30.0,23.0,23.0,0
SKU121,2026-03-23,actual,28.0,21.0,28.0,28.0,0
SKU121,2026-03-30,actual,30.0,20.0,30.0,30.0,0
SKU121,2026-04-06,actual,20.0,16.0,20.0,20.0,0
SKU121,2026-04-13,actual,18.0,21.0,18.0,18.0,0
SKU121,2026-04-20,actual,22.0,23.0,22.0,22.0,0
SKU121,2026-04-27,actual,17.0,20.0,17.0,17.0,0
SKU121,2026-05-04,actual,27.0,28.0,27.0,27.0,0
SKU121,2026-05-11,actual,17.0,18.0,17.0,17.0,0
SKU121,2026-05-18,actual,13.0,14.0,13.0,13.0,0
SKU121,2026-05-25,actual,16.0,20.0,16.0,16.0,0
SKU121,2026-06-01,actual,16.0,16.0,16.0,16.0,0
SKU121,2026-06-08,actual,17.0,18.0,17.0,17.0,0
SKU121,2026-06-15,actual,9.0,13.0,9.0,9.0,0
SKU122,2024-05-27,actual,3.0,0.0,3.0,3.0,0
SKU122,2024-06-03,actual,27.0,3.0,27.0,27.0,0
SKU122,2024-06-10,actual,22.0,15.0,22.0,22.0,0
SKU122,2024-06-17,actual,19.0,17.333333333333332,19.0,19.0,0
SKU122,2024-06-24,actual,27.0,17.75,27.0,27.0,0
SKU122,2024-07-01,actual,21.0,23.75,21.0,21.0,0
SKU122,2024-07-08,actual,16.0,22.25,16.0,16.0,0
SKU122,2024-07-15,actual,21.0,20.75,21.0,21.0,0
SKU122,2024-07-22,actual,28.0,21.25,28.0,28.0,0
SKU122,2024-07-29,actual,27.0,21.5,27.0,27.0,0
SKU122,2024-08-05,actual,14.0,23.0,14.0,14.0,0
SKU122,2024-08-12,actual,29.0,22.5,29.0,29.0,0
SKU122,2024-08-19,actual,25.0,24.5,25.0,25.0,0
SKU122,2024-08-26,actual,17.0,23.75,17.0,17.0,0
SKU122,2024-09-02,actual,11.0,21.25,11.0,11.0,0
SKU122,2024-09-09,actual,26.0,20.5,26.0,26.0,0
SKU122,2024-09-16,actual,19.0,19.75,19.0,19.0,0
SKU122,2024-09-23,actual,16.0,18.25,16.0,16.0,0
SKU122,2024-09-30,actual,19.0,18.0,19.0,19.0,0
SKU122,2024-10-07,actual,19.0,20.0,19.0,19.0,0
SKU122,2024-10-14,actual,20.0,18.25,20.0,20.0,0
SKU122,2024-10-21,actual,28.0,18.5,28.0,28.0,0
SKU122,2024-10-28,actual,6.0,21.5,6.0,6.0,0
SKU122,2024-11-04,actual,12.0,18.25,12.0,12.0,0
SKU122,2024-11-11,actual,9.0,16.5,9.0,9.0,0
SKU122,2024-11-18,actual,20.0,13.75,20.0,20.0,0
SKU122,2024-11-25,actual,10.0,11.75,10.0,10.0,0
SKU122,2024-12-02,actual,15.0,12.75,15.0,15.0,0
SKU122,2024-12-09,actual,11.0,13.5,11.0,11.0,0
SKU122,2024-12-16,actual,9.0,14.0,9.0,9.0,0
SKU122,2024-12-23,actual,16.0,11.25,16.0,16.0,0
SKU122,2024-12-30,actual,11.0,12.75,11.0,11.0,0
SKU122,2025-01-06,actual,8.0,11.75,8.0,8.0,0
SKU122,2025-01-13,actual,11.0,11.0,11.0,11.0,0
SKU122,2025-01-20,actual,18.0,11.5,18.0,18.0,0
SKU122,2025-01-27,actual,13.0,12.0,13.0,13.0,0
SKU122,2025-02-03,actual,14.0,12.5,14.0,14.0,0
SKU122,2025-02-10,actual,12.0,14.0,12.0,12.0,0
SKU122,2025-02-17,actual,14.0,14.25,14.0,14.0,0
SKU122,2025-02-24,actual,8.0,13.25,8.0,8.0,0
SKU122,2025-03-03,actual,9.0,12.0,9.0,9.0,0
SKU122,2025-03-10,actual,14.0,10.75,14.0,14.0,0
SKU122,2025-03-17,actual,11.0,11.25,11.0,11.0,0
SKU122,2025-03-24,actual,18.0,10.5,18.0,18.0,0
SKU122,2025-03-31,actual,10.0,13.0,10.0,10.0,0
SKU122,2025-04-07,actual,17.0,13.25,17.0,17.0,0
SKU122,2025-04-14,actual,12.0,14.0,12.0,12.0,0
SKU122,2025-04-21,actual,15.0,14.25,15.0,15.0,0
SKU122,2025-04-28,actual,25.0,13.5,25.0,25.0,0
SKU122,2025-05-05,actual,17.0,17.25,17.0,17.0,0
SKU122,2025-05-12,actual,18.0,17.25,18.0,18.0,0
SKU122,2025-05-19,actual,19.0,18.75,19.0,19.0,0
SKU122,2025-05-26,actual,24.0,3.0,24.0,24.0,0
SKU122,2025-06-02,actual,20.0,27.0,20.0,20.0,0
SKU122,2025-06-09,actual,27.0,22.0,27.0,27.0,0
SKU122,2025-06-16,actual,21.0,19.0,21.0,21.0,0
SKU122,2025-06-23,actual,22.0,27.0,22.0,22.0,0
SKU122,2025-06-30,actual,20.0,21.0,20.0,20.0,0
SKU122,2025-07-07,actual,20.0,16.0,20.0,20.0,0
SKU122,2025-07-14,actual,23.0,21.0,23.0,23.0,0
SKU122,2025-07-21,actual,19.0,28.0,19.0,19.0,0
SKU122,2025-07-28,actual,19.0,27.0,19.0,19.0,0
SKU122,2025-08-04,actual,16.0,14.0,16.0,16.0,0
SKU122,2025-08-11,actual,34.0,29.0,34.0,34.0,0
SKU122,2025-08-18,actual,17.0,25.0,17.0,17.0,0
SKU122,2025-08-25,actual,16.0,17.0,16.0,16.0,0
SKU122,2025-09-01,actual,12.0,11.0,12.0,12.0,0
SKU122,2025-09-08,actual,16.0,26.0,16.0,16.0,0
SKU122,2025-09-15,actual,24.0,19.0,24.0,24.0,0
SKU122,2025-09-22,actual,14.0,16.0,14.0,14.0,0
SKU122,2025-09-29,actual,11.0,19.0,11.0,11.0,0
SKU122,2025-10-06,actual,14.0,19.0,14.0,14.0,0
SKU122,2025-10-13,actual,11.0,20.0,11.0,11.0,0
SKU122,2025-10-20,actual,33.0,28.0,33.0,33.0,0
SKU122,2025-10-27,actual,8.0,6.0,8.0,8.0,0
SKU122,2025-11-03,actual,13.0,12.0,13.0,13.0,0
SKU122,2025-11-10,actual,10.0,9.0,10.0,10.0,0
SKU122,2025-11-17,actual,13.0,20.0,13.0,13.0,0
SKU122,2025-11-24,actual,6.0,10.0,6.0,6.0,0
SKU122,2025-12-01,actual,8.0,15.0,8.0,8.0,0
SKU122,2025-12-08,actual,8.0,11.0,8.0,8.0,0
SKU122,2025-12-15,actual,6.0,9.0,6.0,6.0,0
SKU122,2025-12-22,actual,24.0,16.0,24.0,24.0,0
SKU122,2025-12-29,actual,12.0,11.0,12.0,12.0,0
SKU122,2026-01-05,actual,8.0,8.0,8.0,8.0,0
SKU122,2026-01-12,actual,5.0,11.0,5.0,5.0,0
SKU122,2026-01-19,actual,10.0,18.0,10.0,10.0,0
SKU122,2026-01-26,actual,12.0,13.0,12.0,12.0,0
SKU122,2026-02-02,actual,11.0,14.0,11.0,11.0,0
SKU122,2026-02-09,actual,11.0,12.0,11.0,11.0,0
SKU122,2026-02-16,actual,13.0,14.0,13.0,13.0,0
SKU122,2026-02-23,actual,19.0,8.0,19.0,19.0,0
SKU122,2026-03-02,actual,6.0,9.0,6.0,6.0,0
SKU122,2026-03-09,actual,15.0,14.0,15.0,15.0,0
SKU122,2026-03-16,actual,13.0,11.0,13.0,13.0,0
SKU122,2026-03-23,actual,19.0,18.0,19.0,19.0,0
SKU122,2026-03-30,actual,16.0,10.0,16.0,16.0,0
SKU122,2026-04-06,actual,16.0,17.0,16.0,16.0,0
SKU122,2026-04-13,actual,18.0,12.0,18.0,18.0,0
SKU122,2026-04-20,actual,19.0,15.0,19.0,19.0,0
SKU122,2026-04-27,actual,23.0,25.0,23.0,23.0,0
SKU122,2026-05-04,actual,18.0,17.0,18.0,18.0,0
SKU122,2026-05-11,actual,18.0,18.0,18.0,18.0,0
SKU122,2026-05-18,actual,15.0,19.0,15.0,15.0,0
SKU122,2026-05-25,actual,10.0,24.0,10.0,10.0,0
SKU122,2026-06-01,actual,16.0,20.0,16.0,16.0,0
SKU122,2026-06-08,actual,18.0,27.0,18.0,18.0,0
SKU122,2026-06-15,actual,25.0,21.0,25.0,25.0,0
SKU123,2025-12-29,actual,1.0,0.0,1.0,1.0,0
SKU123,2026-01-05,actual,5.0,1.0,5.0,5.0,0
SKU123,2026-01-12,actual,2.0,3.0,2.0,2.0,0
SKU123,2026-01-19,actual,2.0,2.6666666666666665,2.0,2.0,0
SKU123,2026-01-26,actual,10.0,2.5,10.0,10.0,0
SKU123,2026-02-02,actual,7.0,4.75,7.0,7.0,0
SKU123,2026-02-09,actual,7.0,5.25,7.0,7.0,0
SKU123,2026-02-16,actual,6.0,6.5,6.0,6.0,0
SKU123,2026-02-23,actual,5.0,7.5,5.0,5.0,0
SKU123,2026-03-02,actual,7.0,6.25,7.0,7.0,0
SKU123,2026-03-09,actual,6.0,6.25,6.0,6.0,0
SKU123,2026-03-16,actual,4.0,6.0,4.0,4.0,0
SKU123,2026-03-23,actual,9.0,5.5,9.0,9.0,0
SKU123,2026-03-30,actual,9.0,6.5,9.0,9.0,0
SKU123,2026-04-06,actual,2.0,7.0,2.0,2.0,0
SKU123,2026-04-13,actual,5.0,6.0,5.0,5.0,0
SKU123,2026-04-20,actual,3.0,6.25,3.0,3.0,0
SKU123,2026-04-27,actual,2.0,4.75,2.0,2.0,0
SKU123,2026-05-04,actual,6.0,3.0,6.0,6.0,0
SKU123,2026-05-11,actual,7.0,4.0,7.0,7.0,0
SKU123,2026-05-18,actual,4.0,4.5,4.0,4.0,0
SKU123,2026-05-25,actual,6.0,4.75,6.0,6.0,0
SKU123,2026-06-01,actual,7.0,5.75,7.0,7.0,0
SKU123,2026-06-08,actual,6.0,6.0,6.0,6.0,0
SKU123,2026-06-15,actual,5.0,5.75,5.0,5.0,0
SKU124,2025-08-25,actual,28.0,0.0,28.0,28.0,0
SKU124,2025-09-01,actual,14.0,28.0,14.0,14.0,0
SKU124,2025-09-08,actual,13.0,21.0,13.0,13.0,0
SKU124,2025-09-15,actual,19.0,18.333333333333332,19.0,19.0,0
SKU124,2025-09-22,actual,19.0,18.5,19.0,19.0,0
SKU124,2025-09-29,actual,18.0,16.25,18.0,18.0,0
SKU124,2025-10-06,actual,13.0,17.25,13.0,13.0,0
SKU124,2025-10-13,actual,17.0,17.25,17.0,17.0,0
SKU124,2025-10-20,actual,29.0,16.75,29.0,29.0,0
SKU124,2025-10-27,actual,13.0,19.25,13.0,13.0,0
SKU124,2025-11-03,actual,13.0,18.0,13.0,13.0,0
SKU124,2025-11-10,actual,14.0,18.0,14.0,14.0,0
SKU124,2025-11-17,actual,8.0,17.25,8.0,8.0,0
SKU124,2025-11-24,actual,10.0,12.0,10.0,10.0,0
SKU124,2025-12-01,actual,6.0,11.25,6.0,6.0,0
SKU124,2025-12-08,actual,11.0,9.5,11.0,11.0,0
SKU124,2025-12-15,actual,12.0,8.75,12.0,12.0,0
SKU124,2025-12-22,actual,14.0,9.75,14.0,14.0,0
SKU124,2025-12-29,actual,9.0,10.75,9.0,9.0,0
SKU124,2026-01-05,actual,5.0,11.5,5.0,5.0,0
SKU124,2026-01-12,actual,10.0,10.0,10.0,10.0,0
SKU124,2026-01-19,actual,16.0,9.5,16.0,16.0,0
SKU124,2026-01-26,actual,10.0,10.0,10.0,10.0,0
SKU124,2026-02-02,actual,10.0,10.25,10.0,10.0,0
SKU124,2026-02-09,actual,19.0,11.5,19.0,19.0,0
SKU124,2026-02-16,actual,12.0,13.75,12.0,12.0,0
SKU124,2026-02-23,actual,18.0,12.75,18.0,18.0,0
SKU124,2026-03-02,actual,12.0,14.75,12.0,12.0,0
SKU124,2026-03-09,actual,17.0,15.25,17.0,17.0,0
SKU124,2026-03-16,actual,14.0,14.75,14.0,14.0,0
SKU124,2026-03-23,actual,15.0,15.25,15.0,15.0,0
SKU124,2026-03-30,actual,19.0,14.5,19.0,19.0,0
SKU124,2026-04-06,actual,23.0,16.25,23.0,23.0,0
SKU124,2026-04-13,actual,16.0,17.75,16.0,16.0,0
SKU124,2026-04-20,actual,10.0,18.25,10.0,10.0,0
SKU124,2026-04-27,actual,31.0,17.0,31.0,31.0,0
SKU124,2026-05-04,actual,22.0,20.0,22.0,22.0,0
SKU124,2026-05-11,actual,13.0,19.75,13.0,13.0,0
SKU124,2026-05-18,actual,19.0,19.0,19.0,19.0,0
SKU124,2026-05-25,actual,16.0,21.25,16.0,16.0,0
SKU124,2026-06-01,actual,16.0,17.5,16.0,16.0,0
SKU124,2026-06-08,actual,12.0,16.0,12.0,12.0,0
SKU124,2026-06-15,actual,30.0,15.75,30.0,30.0,0
SKU125,2026-01-26,actual,6.0,0.0,6.0,6.0,0
SKU125,2026-02-02,actual,13.0,6.0,13.0,13.0,0
SKU125,2026-02-09,actual,13.0,9.5,13.0,13.0,0
SKU125,2026-02-16,actual,15.0,10.666666666666666,15.0,15.0,0
SKU125,2026-02-23,actual,14.0,11.75,14.0,14.0,0
SKU125,2026-03-02,actual,11.0,13.75,11.0,11.0,0
SKU125,2026-03-09,actual,12.0,13.25,12.0,12.0,0
SKU125,2026-03-16,actual,10.0,13.0,10.0,10.0,0
SKU125,2026-03-23,actual,17.0,11.75,17.0,17.0,0
SKU125,2026-03-30,actual,18.0,12.5,18.0,18.0,0
SKU125,2026-04-06,actual,17.0,14.25,17.0,17.0,0
SKU125,2026-04-13,actual,15.0,15.5,15.0,15.0,0
SKU125,2026-04-20,actual,11.0,16.75,11.0,11.0,0
SKU125,2026-04-27,actual,13.0,15.25,13.0,13.0,0
SKU125,2026-05-04,actual,14.0,14.0,14.0,14.0,0
SKU125,2026-05-11,actual,9.0,13.25,9.0,9.0,0
SKU125,2026-05-18,actual,7.0,11.75,7.0,7.0,0
SKU125,2026-05-25,actual,5.0,10.75,5.0,5.0,0
SKU125,2026-06-01,actual,18.0,8.75,18.0,18.0,0
SKU125,2026-06-08,actual,14.0,9.75,14.0,14.0,0
SKU125,2026-06-15,actual,6.0,11.0,6.0,6.0,0
SKU126,2024-05-27,actual,2.0,0.0,2.0,2.0,0
SKU126,2024-06-03,actual,16.0,2.0,16.0,16.0,0
SKU126,2024-06-10,actual,16.0,9.0,16.0,16.0,0
SKU126,2024-06-17,actual,14.0,11.333333333333334,14.0,14.0,0
SKU126,2024-06-24,actual,12.0,12.0,12.0,12.0,0
SKU126,2024-07-01,actual,11.0,14.5,11.0,11.0,0
SKU126,2024-07-08,actual,10.0,13.25,10.0,10.0,0
SKU126,2024-07-15,actual,10.0,11.75,10.0,10.0,0
SKU126,2024-07-22,actual,6.0,10.75,6.0,6.0,0
SKU126,2024-07-29,actual,10.0,9.25,10.0,10.0,0
SKU126,2024-08-05,actual,6.0,9.0,6.0,6.0,0
SKU126,2024-08-12,actual,30.0,8.0,30.0,30.0,0
SKU126,2024-08-19,actual,8.0,13.0,8.0,8.0,0
SKU126,2024-08-26,actual,13.0,13.5,13.0,13.0,0
SKU126,2024-09-02,actual,8.0,14.25,8.0,8.0,0
SKU126,2024-09-09,actual,20.0,14.75,20.0,20.0,0
SKU126,2024-09-16,actual,14.0,12.25,14.0,14.0,0
SKU126,2024-09-23,actual,19.0,13.75,19.0,19.0,0
SKU126,2024-09-30,actual,14.0,15.25,14.0,14.0,0
SKU126,2024-10-07,actual,18.0,16.75,18.0,18.0,0
SKU126,2024-10-14,actual,15.0,16.25,15.0,15.0,0
SKU126,2024-10-21,actual,32.0,16.5,32.0,32.0,0
SKU126,2024-10-28,actual,18.0,19.75,18.0,18.0,0
SKU126,2024-11-04,actual,17.0,20.75,17.0,17.0,0
SKU126,2024-11-11,actual,20.0,20.5,20.0,20.0,0
SKU126,2024-11-18,actual,15.0,21.75,15.0,15.0,0
SKU126,2024-11-25,actual,14.0,17.5,14.0,14.0,0
SKU126,2024-12-02,actual,15.0,16.5,15.0,15.0,0
SKU126,2024-12-09,actual,19.0,16.0,19.0,19.0,0
SKU126,2024-12-16,actual,22.0,15.75,22.0,22.0,0
SKU126,2024-12-23,actual,46.0,17.5,46.0,46.0,0
SKU126,2024-12-30,actual,20.0,25.5,20.0,20.0,0
SKU126,2025-01-06,actual,16.0,26.75,16.0,16.0,0
SKU126,2025-01-13,actual,24.0,26.0,24.0,24.0,0
SKU126,2025-01-20,actual,34.0,26.5,34.0,34.0,0
SKU126,2025-01-27,actual,26.0,23.5,26.0,26.0,0
SKU126,2025-02-03,actual,18.0,25.0,18.0,18.0,0
SKU126,2025-02-10,actual,16.0,25.5,16.0,16.0,0
SKU126,2025-02-17,actual,23.0,23.5,23.0,23.0,0
SKU126,2025-02-24,actual,22.0,20.75,22.0,22.0,0
SKU126,2025-03-03,actual,26.0,19.75,26.0,26.0,0
SKU126,2025-03-10,actual,25.0,21.75,25.0,25.0,0
SKU126,2025-03-17,actual,31.0,24.0,31.0,31.0,0
SKU126,2025-03-24,actual,14.0,26.0,14.0,14.0,0
SKU126,2025-03-31,actual,15.0,24.0,15.0,15.0,0
SKU126,2025-04-07,actual,15.0,21.25,15.0,15.0,0
SKU126,2025-04-14,actual,15.0,18.75,15.0,15.0,0
SKU126,2025-04-21,actual,14.0,14.75,14.0,14.0,0
SKU126,2025-04-28,actual,26.0,14.75,26.0,26.0,0
SKU126,2025-05-05,actual,22.0,17.5,22.0,22.0,0
SKU126,2025-05-12,actual,16.0,19.25,16.0,16.0,0
SKU126,2025-05-19,actual,14.0,19.5,14.0,14.0,0
SKU126,2025-05-26,actual,15.0,2.0,15.0,15.0,0
SKU126,2025-06-02,actual,14.0,16.0,14.0,14.0,0
SKU126,2025-06-09,actual,17.0,16.0,17.0,17.0,0
SKU126,2025-06-16,actual,10.0,14.0,10.0,10.0,0
SKU126,2025-06-23,actual,12.0,12.0,12.0,12.0,0
SKU126,2025-06-30,actual,10.0,11.0,10.0,10.0,0
SKU126,2025-07-07,actual,14.0,10.0,14.0,14.0,0
SKU126,2025-07-14,actual,16.0,10.0,16.0,16.0,0
SKU126,2025-07-21,actual,10.0,6.0,10.0,10.0,0
SKU126,2025-07-28,actual,13.0,10.0,13.0,13.0,0
SKU126,2025-08-04,actual,9.0,6.0,9.0,9.0,0
SKU126,2025-08-11,actual,19.0,30.0,19.0,19.0,0
SKU126,2025-08-18,actual,12.0,8.0,12.0,12.0,0
SKU126,2025-08-25,actual,14.0,13.0,14.0,14.0,0
SKU126,2025-09-01,actual,18.0,8.0,18.0,18.0,0
SKU126,2025-09-08,actual,15.0,20.0,15.0,15.0,0
SKU126,2025-09-15,actual,17.0,14.0,17.0,17.0,0
SKU126,2025-09-22,actual,13.0,19.0,13.0,13.0,0
SKU126,2025-09-29,actual,16.0,14.0,16.0,16.0,0
SKU126,2025-10-06,actual,12.0,18.0,12.0,12.0,0
SKU126,2025-10-13,actual,14.0,15.0,14.0,14.0,0
SKU126,2025-10-20,actual,40.0,32.0,40.0,40.0,0
SKU126,2025-10-27,actual,21.0,18.0,21.0,21.0,0
SKU126,2025-11-03,actual,16.0,17.0,16.0,16.0,0
SKU126,2025-11-10,actual,15.0,20.0,15.0,15.0,0
SKU126,2025-11-17,actual,14.0,15.0,14.0,14.0,0
SKU126,2025-11-24,actual,20.0,14.0,20.0,20.0,0
SKU126,2025-12-01,actual,14.0,15.0,14.0,14.0,0
SKU126,2025-12-08,actual,18.0,19.0,18.0,18.0,0
SKU126,2025-12-15,actual,19.0,22.0,19.0,19.0,0
SKU126,2025-12-22,actual,59.0,46.0,59.0,59.0,0
SKU126,2025-12-29,actual,27.0,20.0,27.0,27.0,0
SKU126,2026-01-05,actual,11.0,16.0,11.0,11.0,0
SKU126,2026-01-12,actual,26.0,24.0,26.0,26.0,0
SKU126,2026-01-19,actual,31.0,34.0,31.0,31.0,0
SKU126,2026-01-26,actual,38.0,26.0,38.0,38.0,0
SKU126,2026-02-02,actual,21.0,18.0,21.0,21.0,0
SKU126,2026-02-09,actual,21.0,16.0,21.0,21.0,0
SKU126,2026-02-16,actual,25.0,23.0,25.0,25.0,0
SKU126,2026-02-23,actual,20.0,22.0,20.0,20.0,0
SKU126,2026-03-02,actual,19.0,26.0,19.0,19.0,0
SKU126,2026-03-09,actual,18.0,25.0,18.0,18.0,0
SKU126,2026-03-16,actual,25.0,31.0,25.0,25.0,0
SKU126,2026-03-23,actual,24.0,14.0,24.0,24.0,0
SKU126,2026-03-30,actual,18.0,15.0,18.0,18.0,0
SKU126,2026-04-06,actual,13.0,15.0,13.0,13.0,0
SKU126,2026-04-13,actual,19.0,15.0,19.0,19.0,0
SKU126,2026-04-20,actual,8.0,14.0,8.0,8.0,0
SKU126,2026-04-27,actual,33.0,26.0,33.0,33.0,0
SKU126,2026-05-04,actual,27.0,22.0,27.0,27.0,0
SKU126,2026-05-11,actual,16.0,16.0,16.0,16.0,0
SKU126,2026-05-18,actual,10.0,14.0,10.0,10.0,0
SKU126,2026-05-25,actual,13.0,15.0,13.0,13.0,0
SKU126,2026-06-01,actual,10.0,14.0,10.0,10.0,0
SKU126,2026-06-08,actual,13.0,17.0,13.0,13.0,0
SKU126,2026-06-15,actual,9.0,10.0,9.0,9.0,0
SKU127,2024-05-27,actual,9.0,0.0,9.0,9.0,0
SKU127,2024-06-03,actual,55.0,9.0,55.0,55.0,0
SKU127,2024-06-10,actual,44.0,32.0,44.0,44.0,0
SKU127,2024-06-17,actual,44.0,36.0,44.0,44.0,0
SKU127,2024-06-24,actual,48.0,38.0,48.0,48.0,0
SKU127,2024-07-01,actual,52.0,47.75,52.0,52.0,0
SKU127,2024-07-08,actual,62.0,47.0,62.0,62.0,0
SKU127,2024-07-15,actual,41.0,51.5,41.0,41.0,0
SKU127,2024-07-22,actual,49.0,50.75,49.0,49.0,0
SKU127,2024-07-29,actual,46.0,51.0,46.0,46.0,0
SKU127,2024-08-05,actual,58.0,49.5,58.0,58.0,0
SKU127,2024-08-12,actual,70.0,48.5,70.0,70.0,0
SKU127,2024-08-19,actual,51.0,55.75,51.0,51.0,0
SKU127,2024-08-26,actual,42.0,56.25,42.0,42.0,0
SKU127,2024-09-02,actual,46.0,55.25,46.0,46.0,0
SKU127,2024-09-09,actual,47.0,52.25,47.0,47.0,0
SKU127,2024-09-16,actual,37.0,46.5,37.0,37.0,0
SKU127,2024-09-23,actual,42.0,43.0,42.0,42.0,0
SKU127,2024-09-30,actual,39.0,43.0,39.0,39.0,0
SKU127,2024-10-07,actual,39.0,41.25,39.0,39.0,0
SKU127,2024-10-14,actual,36.0,39.25,36.0,36.0,0
SKU127,2024-10-21,actual,71.0,39.0,71.0,71.0,0
SKU127,2024-10-28,actual,35.0,46.25,35.0,35.0,0
SKU127,2024-11-04,actual,33.0,45.25,33.0,33.0,0
SKU127,2024-11-11,actual,29.0,43.75,29.0,29.0,0
SKU127,2024-11-18,actual,28.0,42.0,28.0,28.0,0
SKU127,2024-11-25,actual,13.0,31.25,13.0,13.0,0
SKU127,2024-12-02,actual,26.0,25.75,26.0,26.0,0
SKU127,2024-12-09,actual,23.0,24.0,23.0,23.0,0
SKU127,2024-12-16,actual,36.0,22.5,36.0,36.0,0
SKU127,2024-12-23,actual,53.0,24.5,53.0,53.0,0
SKU127,2024-12-30,actual,26.0,34.5,26.0,26.0,0
SKU127,2025-01-06,actual,11.0,34.5,11.0,11.0,0
SKU127,2025-01-13,actual,31.0,31.5,31.0,31.0,0
SKU127,2025-01-20,actual,42.0,30.25,42.0,42.0,0
SKU127,2025-01-27,actual,30.0,27.5,30.0,30.0,0
SKU127,2025-02-03,actual,34.0,28.5,34.0,34.0,0
SKU127,2025-02-10,actual,24.0,34.25,24.0,24.0,0
SKU127,2025-02-17,actual,24.0,32.5,24.0,24.0,0
SKU127,2025-02-24,actual,40.0,28.0,40.0,40.0,0
SKU127,2025-03-03,actual,25.0,30.5,25.0,25.0,0
SKU127,2025-03-10,actual,29.0,28.25,29.0,29.0,0
SKU127,2025-03-17,actual,33.0,29.5,33.0,33.0,0
SKU127,2025-03-24,actual,29.0,31.75,29.0,29.0,0
SKU127,2025-03-31,actual,32.0,29.0,32.0,32.0,0
SKU127,2025-04-07,actual,34.0,30.75,34.0,34.0,0
SKU127,2025-04-14,actual,39.0,32.0,39.0,39.0,0
SKU127,2025-04-21,actual,44.0,33.5,44.0,44.0,0
SKU127,2025-04-28,actual,63.0,37.25,63.0,63.0,0
SKU127,2025-05-05,actual,43.0,45.0,43.0,43.0,0
SKU127,2025-05-12,actual,51.0,47.25,51.0,51.0,0
SKU127,2025-05-19,actual,41.0,50.25,41.0,41.0,0
SKU127,2025-05-26,actual,48.0,9.0,48.0,48.0,0
SKU127,2025-06-02,actual,47.0,55.0,47.0,47.0,0
SKU127,2025-06-09,actual,39.0,44.0,39.0,39.0,0
SKU127,2025-06-16,actual,48.0,44.0,48.0,48.0,0
SKU127,2025-06-23,actual,38.0,48.0,38.0,38.0,0
SKU127,2025-06-30,actual,29.0,52.0,29.0,29.0,0
SKU127,2025-07-07,actual,50.0,62.0,50.0,50.0,0
SKU127,2025-07-14,actual,41.0,41.0,41.0,41.0,0
SKU127,2025-07-21,actual,44.0,49.0,44.0,44.0,0
SKU127,2025-07-28,actual,35.0,46.0,35.0,35.0,0
SKU127,2025-08-04,actual,46.0,58.0,46.0,46.0,0
SKU127,2025-08-11,actual,84.0,70.0,84.0,84.0,0
SKU127,2025-08-18,actual,53.0,51.0,53.0,53.0,0
SKU127,2025-08-25,actual,51.0,42.0,51.0,51.0,0
SKU127,2025-09-01,actual,45.0,46.0,45.0,45.0,0
SKU127,2025-09-08,actual,40.0,47.0,40.0,40.0,0
SKU127,2025-09-15,actual,37.0,37.0,37.0,37.0,0
SKU127,2025-09-22,actual,38.0,42.0,38.0,38.0,0
SKU127,2025-09-29,actual,40.0,39.0,40.0,40.0,0
SKU127,2025-10-06,actual,31.0,39.0,31.0,31.0,0
SKU127,2025-10-13,actual,40.0,36.0,40.0,40.0,0
SKU127,2025-10-20,actual,88.0,71.0,88.0,88.0,0
SKU127,2025-10-27,actual,33.0,35.0,33.0,33.0,0
SKU127,2025-11-03,actual,25.0,33.0,25.0,25.0,0
SKU127,2025-11-10,actual,27.0,29.0,27.0,27.0,0
SKU127,2025-11-17,actual,25.0,28.0,25.0,25.0,0
SKU127,2025-11-24,actual,30.0,13.0,30.0,30.0,0
SKU127,2025-12-01,actual,24.0,26.0,24.0,24.0,0
SKU127,2025-12-08,actual,24.0,23.0,24.0,24.0,0
SKU127,2025-12-15,actual,21.0,36.0,21.0,21.0,0
SKU127,2025-12-22,actual,67.0,53.0,67.0,67.0,0
SKU127,2025-12-29,actual,33.0,26.0,33.0,33.0,0
SKU127,2026-01-05,actual,25.0,11.0,25.0,25.0,0
SKU127,2026-01-12,actual,33.0,31.0,33.0,33.0,0
SKU127,2026-01-19,actual,36.0,42.0,36.0,36.0,0
SKU127,2026-01-26,actual,33.0,30.0,33.0,33.0,0
SKU127,2026-02-02,actual,24.0,34.0,24.0,24.0,0
SKU127,2026-02-09,actual,19.0,24.0,19.0,19.0,0
SKU127,2026-02-16,actual,29.0,24.0,29.0,29.0,0
SKU127,2026-02-23,actual,34.0,40.0,34.0,34.0,0
SKU127,2026-03-02,actual,31.0,25.0,31.0,31.0,0
SKU127,2026-03-09,actual,19.0,29.0,19.0,19.0,0
SKU127,2026-03-16,actual,40.0,33.0,40.0,40.0,0
SKU127,2026-03-23,actual,30.0,29.0,30.0,30.0,0
SKU127,2026-03-30,actual,43.0,32.0,43.0,43.0,0
SKU127,2026-04-06,actual,38.0,34.0,38.0,38.0,0
SKU127,2026-04-13,actual,30.0,39.0,30.0,30.0,0
SKU127,2026-04-20,actual,28.0,44.0,28.0,28.0,0
SKU127,2026-04-27,actual,63.0,63.0,63.0,63.0,0
SKU127,2026-05-04,actual,56.0,43.0,56.0,56.0,0
SKU127,2026-05-11,actual,46.0,51.0,46.0,46.0,0
SKU127,2026-05-18,actual,55.0,41.0,55.0,55.0,0
SKU127,2026-05-25,actual,35.0,48.0,35.0,35.0,0
SKU127,2026-06-01,actual,34.0,47.0,34.0,34.0,0
SKU127,2026-06-08,actual,40.0,39.0,40.0,40.0,0
SKU127,2026-06-15,actual,51.0,48.0,51.0,51.0,0
SKU128,2024-11-04,actual,10.0,0.0,10.0,10.0,0
SKU128,2024-11-11,actual,21.0,10.0,21.0,21.0,0
SKU128,2024-11-18,actual,12.0,15.5,12.0,12.0,0
SKU128,2024-11-25,actual,20.0,14.333333333333334,20.0,20.0,0
SKU128,2024-12-02,actual,27.0,15.75,27.0,27.0,0
SKU128,2024-12-09,actual,16.0,20.0,16.0,16.0,0
SKU128,2024-12-16,actual,23.0,18.75,23.0,23.0,0
SKU128,2024-12-23,actual,35.0,21.5,35.0,35.0,0
SKU128,2024-12-30,actual,39.0,25.25,39.0,39.0,0
SKU128,2025-01-06,actual,26.0,28.25,26.0,26.0,0
SKU128,2025-01-13,actual,26.0,30.75,26.0,26.0,0
SKU128,2025-01-20,actual,36.0,31.5,36.0,36.0,0
SKU128,2025-01-27,actual,20.0,31.75,20.0,20.0,0
SKU128,2025-02-03,actual,33.0,27.0,33.0,33.0,0
SKU128,2025-02-10,actual,32.0,28.75,32.0,32.0,0
SKU128,2025-02-17,actual,26.0,30.25,26.0,26.0,0
SKU128,2025-02-24,actual,30.0,27.75,30.0,30.0,0
SKU128,2025-03-03,actual,34.0,30.25,34.0,34.0,0
SKU128,2025-03-10,actual,37.0,30.5,37.0,37.0,0
SKU128,2025-03-17,actual,34.0,31.75,34.0,34.0,0
SKU128,2025-03-24,actual,18.0,33.75,18.0,18.0,0
SKU128,2025-03-31,actual,26.0,30.75,26.0,26.0,0
SKU128,2025-04-07,actual,33.0,28.75,33.0,33.0,0
SKU128,2025-04-14,actual,38.0,27.75,38.0,38.0,0
SKU128,2025-04-21,actual,32.0,28.75,32.0,32.0,0
SKU128,2025-04-28,actual,38.0,32.25,38.0,38.0,0
SKU128,2025-05-05,actual,32.0,35.25,32.0,32.0,0
SKU128,2025-05-12,actual,38.0,35.0,38.0,38.0,0
SKU128,2025-05-19,actual,49.0,35.0,49.0,49.0,0
SKU128,2025-05-26,actual,31.0,39.25,31.0,31.0,0
SKU128,2025-06-02,actual,23.0,37.5,23.0,23.0,0
SKU128,2025-06-09,actual,43.0,35.25,43.0,43.0,0
SKU128,2025-06-16,actual,34.0,36.5,34.0,34.0,0
SKU128,2025-06-23,actual,41.0,32.75,41.0,41.0,0
SKU128,2025-06-30,actual,27.0,35.25,27.0,27.0,0
SKU128,2025-07-07,actual,19.0,36.25,19.0,19.0,0
SKU128,2025-07-14,actual,26.0,30.25,26.0,26.0,0
SKU128,2025-07-21,actual,26.0,28.25,26.0,26.0,0
SKU128,2025-07-28,actual,23.0,24.5,23.0,23.0,0
SKU128,2025-08-04,actual,17.0,23.5,17.0,17.0,0
SKU128,2025-08-11,actual,35.0,23.0,35.0,35.0,0
SKU128,2025-08-18,actual,17.0,25.25,17.0,17.0,0
SKU128,2025-08-25,actual,19.0,23.0,19.0,19.0,0
SKU128,2025-09-01,actual,22.0,22.0,22.0,22.0,0
SKU128,2025-09-08,actual,18.0,23.25,18.0,18.0,0
SKU128,2025-09-15,actual,18.0,19.0,18.0,18.0,0
SKU128,2025-09-22,actual,13.0,19.25,13.0,13.0,0
SKU128,2025-09-29,actual,12.0,17.75,12.0,12.0,0
SKU128,2025-10-06,actual,27.0,15.25,27.0,27.0,0
SKU128,2025-10-13,actual,14.0,17.5,14.0,14.0,0
SKU128,2025-10-20,actual,27.0,16.5,27.0,27.0,0
SKU128,2025-10-27,actual,25.0,20.0,25.0,25.0,0
SKU128,2025-11-03,actual,13.0,10.0,13.0,13.0,0
SKU128,2025-11-10,actual,19.0,21.0,19.0,19.0,0
SKU128,2025-11-17,actual,16.0,12.0,16.0,16.0,0
SKU128,2025-11-24,actual,13.0,20.0,13.0,13.0,0
SKU128,2025-12-01,actual,16.0,27.0,16.0,16.0,0
SKU128,2025-12-08,actual,25.0,16.0,25.0,25.0,0
SKU128,2025-12-15,actual,26.0,23.0,26.0,26.0,0
SKU128,2025-12-22,actual,33.0,35.0,33.0,33.0,0
SKU128,2025-12-29,actual,32.0,39.0,32.0,32.0,0
SKU128,2026-01-05,actual,33.0,26.0,33.0,33.0,0
SKU128,2026-01-12,actual,32.0,26.0,32.0,32.0,0
SKU128,2026-01-19,actual,27.0,36.0,27.0,27.0,0
SKU128,2026-01-26,actual,40.0,20.0,40.0,40.0,0
SKU128,2026-02-02,actual,18.0,33.0,18.0,18.0,0
SKU128,2026-02-09,actual,28.0,32.0,28.0,28.0,0
SKU128,2026-02-16,actual,22.0,26.0,22.0,22.0,0
SKU128,2026-02-23,actual,33.0,30.0,33.0,33.0,0
SKU128,2026-03-02,actual,27.0,34.0,27.0,27.0,0
SKU128,2026-03-09,actual,33.0,37.0,33.0,33.0,0
SKU128,2026-03-16,actual,37.0,34.0,37.0,37.0,0
SKU128,2026-03-23,actual,29.0,18.0,29.0,29.0,0
SKU128,2026-03-30,actual,21.0,26.0,21.0,21.0,0
SKU128,2026-04-06,actual,29.0,33.0,29.0,29.0,0
SKU128,2026-04-13,actual,25.0,38.0,25.0,25.0,0
SKU128,2026-04-20,actual,28.0,32.0,28.0,28.0,0
SKU128,2026-04-27,actual,45.0,38.0,45.0,45.0,0
SKU128,2026-05-04,actual,34.0,32.0,34.0,34.0,0
SKU128,2026-05-11,actual,36.0,38.0,36.0,36.0,0
SKU128,2026-05-18,actual,24.0,49.0,24.0,24.0,0
SKU128,2026-05-25,actual,25.0,31.0,25.0,25.0,0
SKU128,2026-06-01,actual,27.0,23.0,27.0,27.0,0
SKU128,2026-06-08,actual,32.0,43.0,32.0,32.0,0
SKU128,2026-06-15,actual,21.0,34.0,21.0,21.0,0
SKU129,2025-07-07,actual,14.0,0.0,14.0,14.0,0
SKU129,2025-07-14,actual,10.0,14.0,10.0,10.0,0
SKU129,2025-07-21,actual,13.0,12.0,13.0,13.0,0
SKU129,2025-07-28,actual,12.0,12.333333333333334,12.0,12.0,0
SKU129,2025-08-04,actual,15.0,12.25,15.0,15.0,0
SKU129,2025-08-11,actual,27.0,12.5,27.0,27.0,0
SKU129,2025-08-18,actual,12.0,16.75,12.0,12.0,0
SKU129,2025-08-25,actual,10.0,16.5,10.0,10.0,0
SKU129,2025-09-01,actual,11.0,16.0,11.0,11.0,0
SKU129,2025-09-08,actual,12.0,15.0,12.0,12.0,0
SKU129,2025-09-15,actual,8.0,11.25,8.0,8.0,0
SKU129,2025-09-22,actual,9.0,10.25,9.0,9.0,0
SKU129,2025-09-29,actual,5.0,10.0,5.0,5.0,0
SKU129,2025-10-06,actual,8.0,8.5,8.0,8.0,0
SKU129,2025-10-13,actual,12.0,7.5,12.0,12.0,0
SKU129,2025-10-20,actual,15.0,8.5,15.0,15.0,0
SKU129,2025-10-27,actual,7.0,10.0,7.0,7.0,0
SKU129,2025-11-03,actual,4.0,10.5,4.0,4.0,0
SKU129,2025-11-10,actual,9.0,9.5,9.0,9.0,0
SKU129,2025-11-17,actual,11.0,8.75,11.0,11.0,0
SKU129,2025-11-24,actual,9.0,7.75,9.0,9.0,0
SKU129,2025-12-01,actual,11.0,8.25,11.0,11.0,0
SKU129,2025-12-08,actual,5.0,10.0,5.0,5.0,0
SKU129,2025-12-15,actual,13.0,9.0,13.0,13.0,0
SKU129,2025-12-22,actual,13.0,9.5,13.0,13.0,0
SKU129,2025-12-29,actual,6.0,10.5,6.0,6.0,0
SKU129,2026-01-05,actual,9.0,9.25,9.0,9.0,0
SKU129,2026-01-12,actual,7.0,10.25,7.0,7.0,0
SKU129,2026-01-19,actual,10.0,8.75,10.0,10.0,0
SKU129,2026-01-26,actual,9.0,8.0,9.0,9.0,0
SKU129,2026-02-02,actual,7.0,8.75,7.0,7.0,0
SKU129,2026-02-09,actual,6.0,8.25,6.0,6.0,0
SKU129,2026-02-16,actual,9.0,8.0,9.0,9.0,0
SKU129,2026-02-23,actual,5.0,7.75,5.0,5.0,0
SKU129,2026-03-02,actual,11.0,6.75,11.0,11.0,0
SKU129,2026-03-09,actual,10.0,7.75,10.0,10.0,0
SKU129,2026-03-16,actual,6.0,8.75,6.0,6.0,0
SKU129,2026-03-23,actual,12.0,8.0,12.0,12.0,0
SKU129,2026-03-30,actual,9.0,9.75,9.0,9.0,0
SKU129,2026-04-06,actual,11.0,9.25,11.0,11.0,0
SKU129,2026-04-13,actual,7.0,9.5,7.0,7.0,0
SKU129,2026-04-20,actual,8.0,9.75,8.0,8.0,0
SKU129,2026-04-27,actual,16.0,8.75,16.0,16.0,0
SKU129,2026-05-04,actual,16.0,10.5,16.0,16.0,0
SKU129,2026-05-11,actual,11.0,11.75,11.0,11.0,0
SKU129,2026-05-18,actual,13.0,12.75,13.0,13.0,0
SKU129,2026-05-25,actual,16.0,14.0,16.0,16.0,0
SKU129,2026-06-01,actual,13.0,14.0,13.0,13.0,0
SKU129,2026-06-08,actual,13.0,13.25,13.0,13.0,0
SKU129,2026-06-15,actual,13.0,13.75,13.0,13.0,0
SKU130,2025-03-03,actual,6.0,0.0,6.0,6.0,0
SKU130,2025-03-10,actual,14.0,6.0,14.0,14.0,0
SKU130,2025-03-17,actual,14.0,10.0,14.0,14.0,0
SKU130,2025-03-24,actual,15.0,11.333333333333334,15.0,15.0,0
SKU130,2025-03-31,actual,19.0,12.25,19.0,19.0,0
SKU130,2025-04-07,actual,8.0,15.5,8.0,8.0,0
SKU130,2025-04-14,actual,17.0,14.0,17.0,17.0,0
SKU130,2025-04-21,actual,12.0,14.75,12.0,12.0,0
SKU130,2025-04-28,actual,28.0,14.0,28.0,28.0,0
SKU130,2025-05-05,actual,18.0,16.25,18.0,18.0,0
SKU130,2025-05-12,actual,15.0,18.75,15.0,15.0,0
SKU130,2025-05-19,actual,15.0,18.25,15.0,15.0,0
SKU130,2025-05-26,actual,22.0,19.0,22.0,22.0,0
SKU130,2025-06-02,actual,18.0,17.5,18.0,18.0,0
SKU130,2025-06-09,actual,15.0,17.5,15.0,15.0,0
SKU130,2025-06-16,actual,13.0,17.5,13.0,13.0,0
SKU130,2025-06-23,actual,18.0,17.0,18.0,18.0,0
SKU130,2025-06-30,actual,21.0,16.0,21.0,21.0,0
SKU130,2025-07-07,actual,19.0,16.75,19.0,19.0,0
SKU130,2025-07-14,actual,17.0,17.75,17.0,17.0,0
SKU130,2025-07-21,actual,21.0,18.75,21.0,21.0,0
SKU130,2025-07-28,actual,12.0,19.5,12.0,12.0,0
SKU130,2025-08-04,actual,12.0,17.25,12.0,12.0,0
SKU130,2025-08-11,actual,23.0,15.5,23.0,23.0,0
SKU130,2025-08-18,actual,18.0,17.0,18.0,18.0,0
SKU130,2025-08-25,actual,14.0,16.25,14.0,14.0,0
SKU130,2025-09-01,actual,12.0,16.75,12.0,12.0,0
SKU130,2025-09-08,actual,6.0,16.75,6.0,6.0,0
SKU130,2025-09-15,actual,14.0,12.5,14.0,14.0,0
SKU130,2025-09-22,actual,11.0,11.5,11.0,11.0,0
SKU130,2025-09-29,actual,18.0,10.75,18.0,18.0,0
SKU130,2025-10-06,actual,14.0,12.25,14.0,14.0,0
SKU130,2025-10-13,actual,10.0,14.25,10.0,10.0,0
SKU130,2025-10-20,actual,15.0,13.25,15.0,15.0,0
SKU130,2025-10-27,actual,11.0,14.25,11.0,11.0,0
SKU130,2025-11-03,actual,6.0,12.5,6.0,6.0,0
SKU130,2025-11-10,actual,6.0,10.5,6.0,6.0,0
SKU130,2025-11-17,actual,10.0,9.5,10.0,10.0,0
SKU130,2025-11-24,actual,4.0,8.25,4.0,4.0,0
SKU130,2025-12-01,actual,9.0,6.5,9.0,9.0,0
SKU130,2025-12-08,actual,7.0,7.25,7.0,7.0,0
SKU130,2025-12-15,actual,10.0,7.5,10.0,10.0,0
SKU130,2025-12-22,actual,17.0,7.5,17.0,17.0,0
SKU130,2025-12-29,actual,10.0,10.75,10.0,10.0,0
SKU130,2026-01-05,actual,11.0,11.0,11.0,11.0,0
SKU130,2026-01-12,actual,10.0,12.0,10.0,10.0,0
SKU130,2026-01-19,actual,17.0,12.0,17.0,17.0,0
SKU130,2026-01-26,actual,15.0,12.0,15.0,15.0,0
SKU130,2026-02-02,actual,12.0,13.25,12.0,12.0,0
SKU130,2026-02-09,actual,9.0,13.5,9.0,9.0,0
SKU130,2026-02-16,actual,9.0,13.25,9.0,9.0,0
SKU130,2026-02-23,actual,13.0,11.25,13.0,13.0,0
SKU130,2026-03-02,actual,20.0,6.0,20.0,20.0,0
SKU130,2026-03-09,actual,17.0,14.0,17.0,17.0,0
SKU130,2026-03-16,actual,12.0,14.0,12.0,12.0,0
SKU130,2026-03-23,actual,19.0,15.0,19.0,19.0,0
SKU130,2026-03-30,actual,17.0,19.0,17.0,17.0,0
SKU130,2026-04-06,actual,22.0,8.0,22.0,22.0,0
SKU130,2026-04-13,actual,24.0,17.0,24.0,24.0,0
SKU130,2026-04-20,actual,19.0,12.0,19.0,19.0,0
SKU130,2026-04-27,actual,18.0,28.0,18.0,18.0,0
SKU130,2026-05-04,actual,21.0,18.0,21.0,21.0,0
SKU130,2026-05-11,actual,27.0,15.0,27.0,27.0,0
SKU130,2026-05-18,actual,18.0,15.0,18.0,18.0,0
SKU130,2026-05-25,actual,16.0,22.0,16.0,16.0,0
SKU130,2026-06-01,actual,18.0,18.0,18.0,18.0,0
SKU130,2026-06-08,actual,20.0,15.0,20.0,20.0,0
SKU130,2026-06-15,actual,21.0,13.0,21.0,21.0,0
SKU131,2025-12-01,actual,1.0,0.0,1.0,1.0,0
SKU131,2025-12-08,actual,23.0,1.0,23.0,23.0,0
SKU131,2025-12-15,actual,29.0,12.0,29.0,29.0,0
SKU131,2025-12-22,actual,47.0,17.666666666666668,47.0,47.0,0
SKU131,2025-12-29,actual,24.0,25.0,24.0,24.0,0
SKU131,2026-01-05,actual,13.0,30.75,13.0,13.0,0
SKU131,2026-01-12,actual,14.0,28.25,14.0,14.0,0
SKU131,2026-01-19,actual,26.0,24.5,26.0,26.0,0
SKU131,2026-01-26,actual,19.0,19.25,19.0,19.0,0
SKU131,2026-02-02,actual,18.0,18.0,18.0,18.0,0
SKU131,2026-02-09,actual,17.0,19.25,17.0,17.0,0
SKU131,2026-02-16,actual,15.0,20.0,15.0,15.0,0
SKU131,2026-02-23,actual,17.0,17.25,17.0,17.0,0
SKU131,2026-03-02,actual,9.0,16.75,9.0,9.0,0
SKU131,2026-03-09,actual,11.0,14.5,11.0,11.0,0
SKU131,2026-03-16,actual,8.0,13.0,8.0,8.0,0
SKU131,2026-03-23,actual,14.0,11.25,14.0,14.0,0
SKU131,2026-03-30,actual,15.0,10.5,15.0,15.0,0
SKU131,2026-04-06,actual,10.0,12.0,10.0,10.0,0
SKU131,2026-04-13,actual,16.0,11.75,16.0,16.0,0
SKU131,2026-04-20,actual,9.0,13.75,9.0,9.0,0
SKU131,2026-04-27,actual,21.0,12.5,21.0,21.0,0
SKU131,2026-05-04,actual,21.0,14.0,21.0,21.0,0
SKU131,2026-05-11,actual,12.0,16.75,12.0,12.0,0
SKU131,2026-05-18,actual,19.0,15.75,19.0,19.0,0
SKU131,2026-05-25,actual,12.0,18.25,12.0,12.0,0
SKU131,2026-06-01,actual,13.0,16.0,13.0,13.0,0
SKU131,2026-06-08,actual,12.0,14.0,12.0,12.0,0
SKU131,2026-06-15,actual,15.0,14.0,15.0,15.0,0
SKU132,2025-02-10,actual,28.0,0.0,28.0,28.0,0
SKU132,2025-02-17,actual,19.0,28.0,19.0,19.0,0
SKU132,2025-02-24,actual,29.0,23.5,29.0,29.0,0
SKU132,2025-03-03,actual,25.0,25.333333333333332,25.0,25.0,0
SKU132,2025-03-10,actual,20.0,25.25,20.0,20.0,0
SKU132,2025-03-17,actual,24.0,23.25,24.0,24.0,0
SKU132,2025-03-24,actual,22.0,24.5,22.0,22.0,0
SKU132,2025-03-31,actual,30.0,22.75,30.0,30.0,0
SKU132,2025-04-07,actual,25.0,24.0,25.0,25.0,0
SKU132,2025-04-14,actual,32.0,25.25,32.0,32.0,0
SKU132,2025-04-21,actual,32.0,27.25,32.0,32.0,0
SKU132,2025-04-28,actual,64.0,29.75,64.0,64.0,0
SKU132,2025-05-05,actual,35.0,38.25,35.0,35.0,0
SKU132,2025-05-12,actual,29.0,40.75,29.0,29.0,0
SKU132,2025-05-19,actual,33.0,40.0,33.0,33.0,0
SKU132,2025-05-26,actual,36.0,40.25,36.0,36.0,0
SKU132,2025-06-02,actual,25.0,33.25,25.0,25.0,0
SKU132,2025-06-09,actual,49.0,30.75,49.0,49.0,0
SKU132,2025-06-16,actual,37.0,35.75,37.0,37.0,0
SKU132,2025-06-23,actual,27.0,36.75,27.0,27.0,0
SKU132,2025-06-30,actual,44.0,34.5,44.0,44.0,0
SKU132,2025-07-07,actual,41.0,39.25,41.0,41.0,0
SKU132,2025-07-14,actual,43.0,37.25,43.0,43.0,0
SKU132,2025-07-21,actual,23.0,38.75,23.0,23.0,0
SKU132,2025-07-28,actual,46.0,37.75,46.0,46.0,0
SKU132,2025-08-04,actual,44.0,38.25,44.0,44.0,0
SKU132,2025-08-11,actual,90.0,39.0,90.0,90.0,0
SKU132,2025-08-18,actual,51.0,50.75,51.0,51.0,0
SKU132,2025-08-25,actual,37.0,57.75,37.0,37.0,0
SKU132,2025-09-01,actual,41.0,55.5,41.0,41.0,0
SKU132,2025-09-08,actual,33.0,54.75,33.0,33.0,0
SKU132,2025-09-15,actual,42.0,40.5,42.0,42.0,0
SKU132,2025-09-22,actual,34.0,38.25,34.0,34.0,0
SKU132,2025-09-29,actual,35.0,37.5,35.0,35.0,0
SKU132,2025-10-06,actual,40.0,36.0,40.0,40.0,0
SKU132,2025-10-13,actual,41.0,37.75,41.0,41.0,0
SKU132,2025-10-20,actual,76.0,37.5,76.0,76.0,0
SKU132,2025-10-27,actual,25.0,48.0,25.0,25.0,0
SKU132,2025-11-03,actual,29.0,45.5,29.0,29.0,0
SKU132,2025-11-10,actual,36.0,42.75,36.0,36.0,0
SKU132,2025-11-17,actual,42.0,41.5,42.0,42.0,0
SKU132,2025-11-24,actual,31.0,33.0,31.0,31.0,0
SKU132,2025-12-01,actual,23.0,34.5,23.0,23.0,0
SKU132,2025-12-08,actual,35.0,33.0,35.0,35.0,0
SKU132,2025-12-15,actual,25.0,32.75,25.0,25.0,0
SKU132,2025-12-22,actual,63.0,28.5,63.0,63.0,0
SKU132,2025-12-29,actual,28.0,36.5,28.0,28.0,0
SKU132,2026-01-05,actual,26.0,37.75,26.0,26.0,0
SKU132,2026-01-12,actual,24.0,35.5,24.0,24.0,0
SKU132,2026-01-19,actual,29.0,35.25,29.0,29.0,0
SKU132,2026-01-26,actual,35.0,26.75,35.0,35.0,0
SKU132,2026-02-02,actual,21.0,28.5,21.0,21.0,0
SKU132,2026-02-09,actual,29.0,28.0,29.0,29.0,0
SKU132,2026-02-16,actual,23.0,19.0,23.0,23.0,0
SKU132,2026-02-23,actual,17.0,29.0,17.0,17.0,0
SKU132,2026-03-02,actual,25.0,25.0,25.0,25.0,0
SKU132,2026-03-09,actual,33.0,20.0,33.0,33.0,0
SKU132,2026-03-16,actual,21.0,24.0,21.0,21.0,0
SKU132,2026-03-23,actual,28.0,22.0,28.0,28.0,0
SKU132,2026-03-30,actual,18.0,30.0,18.0,18.0,0
SKU132,2026-04-06,actual,22.0,25.0,22.0,22.0,0
SKU132,2026-04-13,actual,17.0,32.0,17.0,17.0,0
SKU132,2026-04-20,actual,37.0,32.0,37.0,37.0,0
SKU132,2026-04-27,actual,36.0,64.0,36.0,36.0,0
SKU132,2026-05-04,actual,54.0,35.0,54.0,54.0,0
SKU132,2026-05-11,actual,31.0,29.0,31.0,31.0,0
SKU132,2026-05-18,actual,35.0,33.0,35.0,35.0,0
SKU132,2026-05-25,actual,34.0,36.0,34.0,34.0,0
SKU132,2026-06-01,actual,31.0,25.0,31.0,31.0,0
SKU132,2026-06-08,actual,35.0,49.0,35.0,35.0,0
SKU132,2026-06-15,actual,37.0,37.0,37.0,37.0,0
SKU133,2025-01-20,actual,18.0,0.0,18.0,18.0,0
SKU133,2025-01-27,actual,28.0,18.0,28.0,28.0,0
SKU133,2025-02-03,actual,35.0,23.0,35.0,35.0,0
SKU133,2025-02-10,actual,34.0,27.0,34.0,34.0,0
SKU133,2025-02-17,actual,21.0,28.75,21.0,21.0,0
SKU133,2025-02-24,actual,41.0,29.5,41.0,41.0,0
SKU133,2025-03-03,actual,34.0,32.75,34.0,34.0,0
SKU133,2025-03-10,actual,32.0,32.5,32.0,32.0,0
SKU133,2025-03-17,actual,25.0,32.0,25.0,25.0,0
SKU133,2025-03-24,actual,36.0,33.0,36.0,36.0,0
SKU133,2025-03-31,actual,40.0,31.75,40.0,40.0,0
SKU133,2025-04-07,actual,23.0,33.25,23.0,23.0,0
SKU133,2025-04-14,actual,25.0,31.0,25.0,25.0,0
SKU133,2025-04-21,actual,28.0,31.0,28.0,28.0,0
SKU133,2025-04-28,actual,36.0,29.0,36.0,36.0,0
SKU133,2025-05-05,actual,30.0,28.0,30.0,30.0,0
SKU133,2025-05-12,actual,31.0,29.75,31.0,31.0,0
SKU133,2025-05-19,actual,23.0,31.25,23.0,23.0,0
SKU133,2025-05-26,actual,29.0,30.0,29.0,29.0,0
SKU133,2025-06-02,actual,19.0,28.25,19.0,19.0,0
SKU133,2025-06-09,actual,30.0,25.5,30.0,30.0,0
SKU133,2025-06-16,actual,20.0,25.25,20.0,20.0,0
SKU133,2025-06-23,actual,18.0,24.5,18.0,18.0,0
SKU133,2025-06-30,actual,22.0,21.75,22.0,22.0,0
SKU133,2025-07-07,actual,21.0,22.5,21.0,21.0,0
SKU133,2025-07-14,actual,30.0,20.25,30.0,30.0,0
SKU133,2025-07-21,actual,18.0,22.75,18.0,18.0,0
SKU133,2025-07-28,actual,21.0,22.75,21.0,21.0,0
SKU133,2025-08-04,actual,20.0,22.5,20.0,20.0,0
SKU133,2025-08-11,actual,27.0,22.25,27.0,27.0,0
SKU133,2025-08-18,actual,9.0,21.5,9.0,9.0,0
SKU133,2025-08-25,actual,17.0,19.25,17.0,17.0,0
SKU133,2025-09-01,actual,18.0,18.25,18.0,18.0,0
SKU133,2025-09-08,actual,19.0,17.75,19.0,19.0,0
SKU133,2025-09-15,actual,15.0,15.75,15.0,15.0,0
SKU133,2025-09-22,actual,27.0,17.25,27.0,27.0,0
SKU133,2025-09-29,actual,21.0,19.75,21.0,21.0,0
SKU133,2025-10-06,actual,11.0,20.5,11.0,11.0,0
SKU133,2025-10-13,actual,15.0,18.5,15.0,15.0,0
SKU133,2025-10-20,actual,22.0,18.5,22.0,22.0,0
SKU133,2025-10-27,actual,20.0,17.25,20.0,20.0,0
SKU133,2025-11-03,actual,13.0,17.0,13.0,13.0,0
SKU133,2025-11-10,actual,33.0,17.5,33.0,33.0,0
SKU133,2025-11-17,actual,10.0,22.0,10.0,10.0,0
SKU133,2025-11-24,actual,32.0,19.0,32.0,32.0,0
SKU133,2025-12-01,actual,31.0,22.0,31.0,31.0,0
SKU133,2025-12-08,actual,23.0,26.5,23.0,23.0,0
SKU133,2025-12-15,actual,35.0,24.0,35.0,35.0,0
SKU133,2025-12-22,actual,45.0,30.25,45.0,45.0,0
SKU133,2025-12-29,actual,32.0,33.5,32.0,32.0,0
SKU133,2026-01-05,actual,29.0,33.75,29.0,29.0,0
SKU133,2026-01-12,actual,31.0,35.25,31.0,31.0,0
SKU133,2026-01-19,actual,33.0,18.0,33.0,33.0,0
SKU133,2026-01-26,actual,39.0,28.0,39.0,39.0,0
SKU133,2026-02-02,actual,34.0,35.0,34.0,34.0,0
SKU133,2026-02-09,actual,24.0,34.0,24.0,24.0,0
SKU133,2026-02-16,actual,37.0,21.0,37.0,37.0,0
SKU133,2026-02-23,actual,31.0,41.0,31.0,31.0,0
SKU133,2026-03-02,actual,32.0,34.0,32.0,32.0,0
SKU133,2026-03-09,actual,27.0,32.0,27.0,27.0,0
SKU133,2026-03-16,actual,35.0,25.0,35.0,35.0,0
SKU133,2026-03-23,actual,23.0,36.0,23.0,23.0,0
SKU133,2026-03-30,actual,36.0,40.0,36.0,36.0,0
SKU133,2026-04-06,actual,35.0,23.0,35.0,35.0,0
SKU133,2026-04-13,actual,34.0,25.0,34.0,34.0,0
SKU133,2026-04-20,actual,38.0,28.0,38.0,38.0,0
SKU133,2026-04-27,actual,35.0,36.0,35.0,35.0,0
SKU133,2026-05-04,actual,24.0,30.0,24.0,24.0,0
SKU133,2026-05-11,actual,29.0,31.0,29.0,29.0,0
SKU133,2026-05-18,actual,30.0,23.0,30.0,30.0,0
SKU133,2026-05-25,actual,24.0,29.0,24.0,24.0,0
SKU133,2026-06-01,actual,20.0,19.0,20.0,20.0,0
SKU133,2026-06-08,actual,15.0,30.0,15.0,15.0,0
SKU133,2026-06-15,actual,23.0,20.0,23.0,23.0,0
SKU134,2025-06-09,actual,4.0,0.0,4.0,4.0,0
SKU134,2025-06-16,actual,22.0,4.0,22.0,22.0,0
SKU134,2025-06-23,actual,16.0,13.0,16.0,16.0,0
SKU134,2025-06-30,actual,19.0,14.0,19.0,19.0,0
SKU134,2025-07-07,actual,15.0,15.25,15.0,15.0,0
SKU134,2025-07-14,actual,11.0,18.0,11.0,11.0,0
SKU134,2025-07-21,actual,12.0,15.25,12.0,12.0,0
SKU134,2025-07-28,actual,17.0,14.25,17.0,17.0,0
SKU134,2025-08-04,actual,15.0,13.75,15.0,15.0,0
SKU134,2025-08-11,actual,50.0,13.75,50.0,50.0,0
SKU134,2025-08-18,actual,14.0,23.5,14.0,14.0,0
SKU134,2025-08-25,actual,18.0,24.0,18.0,18.0,0
SKU134,2025-09-01,actual,12.0,24.25,12.0,12.0,0
SKU134,2025-09-08,actual,12.0,23.5,12.0,12.0,0
SKU134,2025-09-15,actual,15.0,14.0,15.0,15.0,0
SKU134,2025-09-22,actual,11.0,14.25,11.0,11.0,0
SKU134,2025-09-29,actual,12.0,12.5,12.0,12.0,0
SKU134,2025-10-06,actual,14.0,12.5,14.0,14.0,0
SKU134,2025-10-13,actual,7.0,13.0,7.0,7.0,0
SKU134,2025-10-20,actual,21.0,11.0,21.0,21.0,0
SKU134,2025-10-27,actual,10.0,13.5,10.0,10.0,0
SKU134,2025-11-03,actual,12.0,13.0,12.0,12.0,0
SKU134,2025-11-10,actual,8.0,12.5,8.0,8.0,0
SKU134,2025-11-17,actual,11.0,12.75,11.0,11.0,0
SKU134,2025-11-24,actual,14.0,10.25,14.0,14.0,0
SKU134,2025-12-01,actual,14.0,11.25,14.0,14.0,0
SKU134,2025-12-08,actual,12.0,11.75,12.0,12.0,0
SKU134,2025-12-15,actual,18.0,12.75,18.0,18.0,0
SKU134,2025-12-22,actual,31.0,14.5,31.0,31.0,0
SKU134,2025-12-29,actual,16.0,18.75,16.0,16.0,0
SKU134,2026-01-05,actual,12.0,19.25,12.0,12.0,0
SKU134,2026-01-12,actual,9.0,19.25,9.0,9.0,0
SKU134,2026-01-19,actual,14.0,17.0,14.0,14.0,0
SKU134,2026-01-26,actual,19.0,12.75,19.0,19.0,0
SKU134,2026-02-02,actual,21.0,13.5,21.0,21.0,0
SKU134,2026-02-09,actual,14.0,15.75,14.0,14.0,0
SKU134,2026-02-16,actual,21.0,17.0,21.0,21.0,0
SKU134,2026-02-23,actual,20.0,18.75,20.0,20.0,0
SKU134,2026-03-02,actual,21.0,19.0,21.0,21.0,0
SKU134,2026-03-09,actual,20.0,19.0,20.0,20.0,0
SKU134,2026-03-16,actual,18.0,20.5,18.0,18.0,0
SKU134,2026-03-23,actual,18.0,19.75,18.0,18.0,0
SKU134,2026-03-30,actual,19.0,19.25,19.0,19.0,0
SKU134,2026-04-06,actual,23.0,18.75,23.0,23.0,0
SKU134,2026-04-13,actual,17.0,19.5,17.0,17.0,0
SKU134,2026-04-20,actual,23.0,19.25,23.0,23.0,0
SKU134,2026-04-27,actual,36.0,20.5,36.0,36.0,0
SKU134,2026-05-04,actual,16.0,24.75,16.0,16.0,0
SKU134,2026-05-11,actual,12.0,23.0,12.0,12.0,0
SKU134,2026-05-18,actual,11.0,21.75,11.0,11.0,0
SKU134,2026-05-25,actual,22.0,18.75,22.0,22.0,0
SKU134,2026-06-01,actual,16.0,15.25,16.0,16.0,0
SKU134,2026-06-08,actual,18.0,4.0,18.0,18.0,0
SKU134,2026-06-15,actual,22.0,22.0,22.0,22.0,0
SKU135,2024-05-27,actual,8.0,0.0,8.0,8.0,0
SKU135,2024-06-03,actual,11.0,8.0,11.0,11.0,0
SKU135,2024-06-10,actual,5.0,9.5,5.0,5.0,0
SKU135,2024-06-17,actual,10.0,8.0,10.0,10.0,0
SKU135,2024-06-24,actual,13.0,8.5,13.0,13.0,0
SKU135,2024-07-01,actual,14.0,9.75,14.0,14.0,0
SKU135,2024-07-08,actual,15.0,10.5,15.0,15.0,0
SKU135,2024-07-15,actual,11.0,13.0,11.0,11.0,0
SKU135,2024-07-22,actual,14.0,13.25,14.0,14.0,0
SKU135,2024-07-29,actual,13.0,13.5,13.0,13.0,0
SKU135,2024-08-05,actual,14.0,13.25,14.0,14.0,0
SKU135,2024-08-12,actual,15.0,13.0,15.0,15.0,0
SKU135,2024-08-19,actual,8.0,14.0,8.0,8.0,0
SKU135,2024-08-26,actual,6.0,12.5,6.0,6.0,0
SKU135,2024-09-02,actual,12.0,10.75,12.0,12.0,0
SKU135,2024-09-09,actual,14.0,10.25,14.0,14.0,0
SKU135,2024-09-16,actual,12.0,10.0,12.0,12.0,0
SKU135,2024-09-23,actual,16.0,11.0,16.0,16.0,0
SKU135,2024-09-30,actual,14.0,13.5,14.0,14.0,0
SKU135,2024-10-07,actual,10.0,14.0,10.0,10.0,0
SKU135,2024-10-14,actual,16.0,13.0,16.0,16.0,0
SKU135,2024-10-21,actual,28.0,14.0,28.0,28.0,0
SKU135,2024-10-28,actual,15.0,17.0,15.0,15.0,0
SKU135,2024-11-04,actual,20.0,17.25,20.0,20.0,0
SKU135,2024-11-11,actual,12.0,19.75,12.0,12.0,0
SKU135,2024-11-18,actual,17.0,18.75,17.0,17.0,0
SKU135,2024-11-25,actual,15.0,16.0,15.0,15.0,0
SKU135,2024-12-02,actual,18.0,16.0,18.0,18.0,0
SKU135,2024-12-09,actual,23.0,15.5,23.0,23.0,0
SKU135,2024-12-16,actual,22.0,18.25,22.0,22.0,0
SKU135,2024-12-23,actual,33.0,19.5,33.0,33.0,0
SKU135,2024-12-30,actual,13.0,24.0,13.0,13.0,0
SKU135,2025-01-06,actual,12.0,22.75,12.0,12.0,0
SKU135,2025-01-13,actual,24.0,20.0,24.0,24.0,0
SKU135,2025-01-20,actual,22.0,20.5,22.0,22.0,0
SKU135,2025-01-27,actual,23.0,17.75,23.0,23.0,0
SKU135,2025-02-03,actual,14.0,20.25,14.0,14.0,0
SKU135,2025-02-10,actual,17.0,20.75,17.0,17.0,0
SKU135,2025-02-17,actual,20.0,19.0,20.0,20.0,0
SKU135,2025-02-24,actual,19.0,18.5,19.0,19.0,0
SKU135,2025-03-03,actual,18.0,17.5,18.0,18.0,0
SKU135,2025-03-10,actual,13.0,18.5,13.0,13.0,0
SKU135,2025-03-17,actual,11.0,17.5,11.0,11.0,0
SKU135,2025-03-24,actual,13.0,15.25,13.0,13.0,0
SKU135,2025-03-31,actual,12.0,13.75,12.0,12.0,0
SKU135,2025-04-07,actual,6.0,12.25,6.0,6.0,0
SKU135,2025-04-14,actual,7.0,10.5,7.0,7.0,0
SKU135,2025-04-21,actual,17.0,9.5,17.0,17.0,0
SKU135,2025-04-28,actual,14.0,10.5,14.0,14.0,0
SKU135,2025-05-05,actual,13.0,11.0,13.0,13.0,0
SKU135,2025-05-12,actual,9.0,12.75,9.0,9.0,0
SKU135,2025-05-19,actual,10.0,13.25,10.0,10.0,0
SKU135,2025-05-26,actual,8.0,8.0,8.0,8.0,0
SKU135,2025-06-02,actual,17.0,11.0,17.0,17.0,0
SKU135,2025-06-09,actual,5.0,5.0,5.0,5.0,0
SKU135,2025-06-16,actual,12.0,10.0,12.0,12.0,0
SKU135,2025-06-23,actual,10.0,13.0,10.0,10.0,0
SKU135,2025-06-30,actual,10.0,14.0,10.0,10.0,0
SKU135,2025-07-07,actual,12.0,15.0,12.0,12.0,0
SKU135,2025-07-14,actual,12.0,11.0,12.0,12.0,0
SKU135,2025-07-21,actual,6.0,14.0,6.0,6.0,0
SKU135,2025-07-28,actual,6.0,13.0,6.0,6.0,0
SKU135,2025-08-04,actual,9.0,14.0,9.0,9.0,0
SKU135,2025-08-11,actual,19.0,15.0,19.0,19.0,0
SKU135,2025-08-18,actual,12.0,8.0,12.0,12.0,0
SKU135,2025-08-25,actual,9.0,6.0,9.0,9.0,0
SKU135,2025-09-01,actual,13.0,12.0,13.0,13.0,0
SKU135,2025-09-08,actual,19.0,14.0,19.0,19.0,0
SKU135,2025-09-15,actual,8.0,12.0,8.0,8.0,0
SKU135,2025-09-22,actual,19.0,16.0,19.0,19.0,0
SKU135,2025-09-29,actual,22.0,14.0,22.0,22.0,0
SKU135,2025-10-06,actual,18.0,10.0,18.0,18.0,0
SKU135,2025-10-13,actual,14.0,16.0,14.0,14.0,0
SKU135,2025-10-20,actual,26.0,28.0,26.0,26.0,0
SKU135,2025-10-27,actual,18.0,15.0,18.0,18.0,0
SKU135,2025-11-03,actual,20.0,20.0,20.0,20.0,0
SKU135,2025-11-10,actual,15.0,12.0,15.0,15.0,0
SKU135,2025-11-17,actual,11.0,17.0,11.0,11.0,0
SKU135,2025-11-24,actual,20.0,15.0,20.0,20.0,0
SKU135,2025-12-01,actual,12.0,18.0,12.0,12.0,0
SKU135,2025-12-08,actual,14.0,23.0,14.0,14.0,0
SKU135,2025-12-15,actual,14.0,22.0,14.0,14.0,0
SKU135,2025-12-22,actual,29.0,33.0,29.0,29.0,0
SKU135,2025-12-29,actual,19.0,13.0,19.0,19.0,0
SKU135,2026-01-05,actual,14.0,12.0,14.0,14.0,0
SKU135,2026-01-12,actual,14.0,24.0,14.0,14.0,0
SKU135,2026-01-19,actual,14.0,22.0,14.0,14.0,0
SKU135,2026-01-26,actual,20.0,23.0,20.0,20.0,0
SKU135,2026-02-02,actual,21.0,14.0,21.0,21.0,0
SKU135,2026-02-09,actual,20.0,17.0,20.0,20.0,0
SKU135,2026-02-16,actual,19.0,20.0,19.0,19.0,0
SKU135,2026-02-23,actual,10.0,19.0,10.0,10.0,0
SKU135,2026-03-02,actual,15.0,18.0,15.0,15.0,0
SKU135,2026-03-09,actual,12.0,13.0,12.0,12.0,0
SKU135,2026-03-16,actual,14.0,11.0,14.0,14.0,0
SKU135,2026-03-23,actual,10.0,13.0,10.0,10.0,0
SKU135,2026-03-30,actual,11.0,12.0,11.0,11.0,0
SKU135,2026-04-06,actual,8.0,6.0,8.0,8.0,0
SKU135,2026-04-13,actual,14.0,7.0,14.0,14.0,0
SKU135,2026-04-20,actual,9.0,17.0,9.0,9.0,0
SKU135,2026-04-27,actual,20.0,14.0,20.0,20.0,0
SKU135,2026-05-04,actual,20.0,13.0,20.0,20.0,0
SKU135,2026-05-11,actual,12.0,9.0,12.0,12.0,0
SKU135,2026-05-18,actual,8.0,10.0,8.0,8.0,0
SKU135,2026-05-25,actual,11.0,8.0,11.0,11.0,0
SKU135,2026-06-01,actual,9.0,17.0,9.0,9.0,0
SKU135,2026-06-08,actual,10.0,5.0,10.0,10.0,0
SKU135,2026-06-15,actual,7.0,12.0,7.0,7.0,0
SKU136,2024-05-27,actual,2.0,0.0,2.0,2.0,0
SKU136,2024-06-03,actual,4.0,2.0,4.0,4.0,0
SKU136,2024-06-10,actual,11.0,3.0,11.0,11.0,0
SKU136,2024-06-17,actual,5.0,5.666666666666667,5.0,5.0,0
SKU136,2024-06-24,actual,3.0,5.5,3.0,3.0,0
SKU136,2024-07-01,actual,7.0,5.75,7.0,7.0,0
SKU136,2024-07-08,actual,11.0,6.5,11.0,11.0,0
SKU136,2024-07-15,actual,7.0,6.5,7.0,7.0,0
SKU136,2024-07-22,actual,10.0,7.0,10.0,10.0,0
SKU136,2024-07-29,actual,11.0,8.75,11.0,11.0,0
SKU136,2024-08-05,actual,18.0,9.75,18.0,18.0,0
SKU136,2024-08-12,actual,11.0,11.5,11.0,11.0,0
SKU136,2024-08-19,actual,12.0,12.5,12.0,12.0,0
SKU136,2024-08-26,actual,10.0,13.0,10.0,10.0,0
SKU136,2024-09-02,actual,14.0,12.75,14.0,14.0,0
SKU136,2024-09-09,actual,23.0,11.75,23.0,23.0,0
SKU136,2024-09-16,actual,11.0,14.75,11.0,11.0,0
SKU136,2024-09-23,actual,15.0,14.5,15.0,15.0,0
SKU136,2024-09-30,actual,19.0,15.75,19.0,19.0,0
SKU136,2024-10-07,actual,14.0,17.0,14.0,14.0,0
SKU136,2024-10-14,actual,11.0,14.75,11.0,11.0,0
SKU136,2024-10-21,actual,22.0,14.75,22.0,22.0,0
SKU136,2024-10-28,actual,11.0,16.5,11.0,11.0,0
SKU136,2024-11-04,actual,14.0,14.5,14.0,14.0,0
SKU136,2024-11-11,actual,17.0,14.5,17.0,17.0,0
SKU136,2024-11-18,actual,10.0,16.0,10.0,10.0,0
SKU136,2024-11-25,actual,15.0,13.0,15.0,15.0,0
SKU136,2024-12-02,actual,19.0,14.0,19.0,19.0,0
SKU136,2024-12-09,actual,16.0,15.25,16.0,16.0,0
SKU136,2024-12-16,actual,14.0,15.0,14.0,14.0,0
SKU136,2024-12-23,actual,18.0,16.0,18.0,18.0,0
SKU136,2024-12-30,actual,13.0,16.75,13.0,13.0,0
SKU136,2025-01-06,actual,9.0,15.25,9.0,9.0,0
SKU136,2025-01-13,actual,8.0,13.5,8.0,8.0,0
SKU136,2025-01-20,actual,9.0,12.0,9.0,9.0,0
SKU136,2025-01-27,actual,8.0,9.75,8.0,8.0,0
SKU136,2025-02-03,actual,9.0,8.5,9.0,9.0,0
SKU136,2025-02-10,actual,14.0,8.5,14.0,14.0,0
SKU136,2025-02-17,actual,7.0,10.0,7.0,7.0,0
SKU136,2025-02-24,actual,11.0,9.5,11.0,11.0,0
SKU136,2025-03-03,actual,6.0,10.25,6.0,6.0,0
SKU136,2025-03-10,actual,9.0,9.5,9.0,9.0,0
SKU136,2025-03-17,actual,11.0,8.25,11.0,11.0,0
SKU136,2025-03-24,actual,5.0,9.25,5.0,5.0,0
SKU136,2025-03-31,actual,9.0,7.75,9.0,9.0,0
SKU136,2025-04-07,actual,10.0,8.5,10.0,10.0,0
SKU136,2025-04-14,actual,7.0,8.75,7.0,7.0,0
SKU136,2025-04-21,actual,6.0,7.75,6.0,6.0,0
SKU136,2025-04-28,actual,16.0,8.0,16.0,16.0,0
SKU136,2025-05-05,actual,11.0,9.75,11.0,11.0,0
SKU136,2025-05-12,actual,10.0,10.0,10.0,10.0,0
SKU136,2025-05-19,actual,4.0,10.75,4.0,4.0,0
SKU136,2025-05-26,actual,10.0,2.0,10.0,10.0,0
SKU136,2025-06-02,actual,8.0,4.0,8.0,8.0,0
SKU136,2025-06-09,actual,16.0,11.0,16.0,16.0,0
SKU136,2025-06-16,actual,9.0,5.0,9.0,9.0,0
SKU136,2025-06-23,actual,10.0,3.0,10.0,10.0,0
SKU136,2025-06-30,actual,11.0,7.0,11.0,11.0,0
SKU136,2025-07-07,actual,10.0,11.0,10.0,10.0,0
SKU136,2025-07-14,actual,9.0,7.0,9.0,9.0,0
SKU136,2025-07-21,actual,11.0,10.0,11.0,11.0,0
SKU136,2025-07-28,actual,7.0,11.0,7.0,7.0,0
SKU136,2025-08-04,actual,8.0,18.0,8.0,8.0,0
SKU136,2025-08-11,actual,19.0,11.0,19.0,19.0,0
SKU136,2025-08-18,actual,5.0,12.0,5.0,5.0,0
SKU136,2025-08-25,actual,11.0,10.0,11.0,11.0,0
SKU136,2025-09-01,actual,10.0,14.0,10.0,10.0,0
SKU136,2025-09-08,actual,16.0,23.0,16.0,16.0,0
SKU136,2025-09-15,actual,11.0,11.0,11.0,11.0,0
SKU136,2025-09-22,actual,16.0,15.0,16.0,16.0,0
SKU136,2025-09-29,actual,13.0,19.0,13.0,13.0,0
SKU136,2025-10-06,actual,12.0,14.0,12.0,12.0,0
SKU136,2025-10-13,actual,10.0,11.0,10.0,10.0,0
SKU136,2025-10-20,actual,31.0,22.0,31.0,31.0,0
SKU136,2025-10-27,actual,22.0,11.0,22.0,22.0,0
SKU136,2025-11-03,actual,11.0,14.0,11.0,11.0,0
SKU136,2025-11-10,actual,10.0,17.0,10.0,10.0,0
SKU136,2025-11-17,actual,14.0,10.0,14.0,14.0,0
SKU136,2025-11-24,actual,11.0,15.0,11.0,11.0,0
SKU136,2025-12-01,actual,13.0,19.0,13.0,13.0,0
SKU136,2025-12-08,actual,11.0,16.0,11.0,11.0,0
SKU136,2025-12-15,actual,10.0,14.0,10.0,10.0,0
SKU136,2025-12-22,actual,20.0,18.0,20.0,20.0,0
SKU136,2025-12-29,actual,14.0,13.0,14.0,14.0,0
SKU136,2026-01-05,actual,8.0,9.0,8.0,8.0,0
SKU136,2026-01-12,actual,8.0,8.0,8.0,8.0,0
SKU136,2026-01-19,actual,15.0,9.0,15.0,15.0,0
SKU136,2026-01-26,actual,15.0,8.0,15.0,15.0,0
SKU136,2026-02-02,actual,10.0,9.0,10.0,10.0,0
SKU136,2026-02-09,actual,7.0,14.0,7.0,7.0,0
SKU136,2026-02-16,actual,2.0,7.0,2.0,2.0,0
SKU136,2026-02-23,actual,6.0,11.0,6.0,6.0,0
SKU136,2026-03-02,actual,8.0,6.0,8.0,8.0,0
SKU136,2026-03-09,actual,12.0,9.0,12.0,12.0,0
SKU136,2026-03-16,actual,11.0,11.0,11.0,11.0,0
SKU136,2026-03-23,actual,6.0,5.0,6.0,6.0,0
SKU136,2026-03-30,actual,7.0,9.0,7.0,7.0,0
SKU136,2026-04-06,actual,12.0,10.0,12.0,12.0,0
SKU136,2026-04-13,actual,5.0,7.0,5.0,5.0,0
SKU136,2026-04-20,actual,5.0,6.0,5.0,5.0,0
SKU136,2026-04-27,actual,7.0,16.0,7.0,7.0,0
SKU136,2026-05-04,actual,7.0,11.0,7.0,7.0,0
SKU136,2026-05-11,actual,6.0,10.0,6.0,6.0,0
SKU136,2026-05-18,actual,13.0,4.0,13.0,13.0,0
SKU136,2026-05-25,actual,6.0,10.0,6.0,6.0,0
SKU136,2026-06-01,actual,6.0,8.0,6.0,6.0,0
SKU136,2026-06-08,actual,13.0,16.0,13.0,13.0,0
SKU136,2026-06-15,actual,12.0,9.0,12.0,12.0,0
SKU137,2024-05-27,actual,20.0,0.0,20.0,20.0,0
SKU137,2024-06-03,actual,63.0,20.0,63.0,63.0,0
SKU137,2024-06-10,actual,53.0,41.5,53.0,53.0,0
SKU137,2024-06-17,actual,74.0,45.333333333333336,74.0,74.0,0
SKU137,2024-06-24,actual,54.0,52.5,54.0,54.0,0
SKU137,2024-07-01,actual,61.0,61.0,61.0,61.0,0
SKU137,2024-07-08,actual,35.0,60.5,35.0,35.0,0
SKU137,2024-07-15,actual,53.0,56.0,53.0,53.0,0
SKU137,2024-07-22,actual,39.0,50.75,39.0,39.0,0
SKU137,2024-07-29,actual,48.0,47.0,48.0,48.0,0
SKU137,2024-08-05,actual,42.0,43.75,42.0,42.0,0
SKU137,2024-08-12,actual,106.0,45.5,106.0,106.0,0
SKU137,2024-08-19,actual,52.0,58.75,52.0,52.0,0
SKU137,2024-08-26,actual,40.0,62.0,40.0,40.0,0
SKU137,2024-09-02,actual,58.0,60.0,58.0,58.0,0
SKU137,2024-09-09,actual,54.0,64.0,54.0,54.0,0
SKU137,2024-09-16,actual,51.0,51.0,51.0,51.0,0
SKU137,2024-09-23,actual,55.0,50.75,55.0,55.0,0
SKU137,2024-09-30,actual,75.0,54.5,75.0,75.0,0
SKU137,2024-10-07,actual,63.0,58.75,63.0,63.0,0
SKU137,2024-10-14,actual,75.0,61.0,75.0,75.0,0
SKU137,2024-10-21,actual,158.0,67.0,158.0,158.0,0
SKU137,2024-10-28,actual,60.0,92.75,60.0,60.0,0
SKU137,2024-11-04,actual,73.0,89.0,73.0,73.0,0
SKU137,2024-11-11,actual,72.0,91.5,72.0,72.0,0
SKU137,2024-11-18,actual,71.0,90.75,71.0,71.0,0
SKU137,2024-11-25,actual,71.0,69.0,71.0,71.0,0
SKU137,2024-12-02,actual,86.0,71.75,86.0,86.0,0
SKU137,2024-12-09,actual,61.0,75.0,61.0,61.0,0
SKU137,2024-12-16,actual,77.0,72.25,77.0,77.0,0
SKU137,2024-12-23,actual,186.0,73.75,186.0,186.0,0
SKU137,2024-12-30,actual,105.0,102.5,105.0,105.0,0
SKU137,2025-01-06,actual,90.0,107.25,90.0,90.0,0
SKU137,2025-01-13,actual,84.0,114.5,84.0,84.0,0
SKU137,2025-01-20,actual,177.0,116.25,177.0,177.0,0
SKU137,2025-01-27,actual,117.0,114.0,117.0,117.0,0
SKU137,2025-02-03,actual,88.0,117.0,88.0,88.0,0
SKU137,2025-02-10,actual,84.0,116.5,84.0,84.0,0
SKU137,2025-02-17,actual,82.0,116.5,82.0,82.0,0
SKU137,2025-02-24,actual,77.0,92.75,77.0,77.0,0
SKU137,2025-03-03,actual,80.0,82.75,80.0,80.0,0
SKU137,2025-03-10,actual,91.0,80.75,91.0,91.0,0
SKU137,2025-03-17,actual,88.0,82.5,88.0,88.0,0
SKU137,2025-03-24,actual,73.0,84.0,73.0,73.0,0
SKU137,2025-03-31,actual,70.0,83.0,70.0,70.0,0
SKU137,2025-04-07,actual,59.0,80.5,59.0,59.0,0
SKU137,2025-04-14,actual,81.0,72.5,81.0,81.0,0
SKU137,2025-04-21,actual,61.0,70.75,61.0,61.0,0
SKU137,2025-04-28,actual,129.0,67.75,129.0,129.0,0
SKU137,2025-05-05,actual,77.0,82.5,77.0,77.0,0
SKU137,2025-05-12,actual,55.0,87.0,55.0,55.0,0
SKU137,2025-05-19,actual,69.0,80.5,69.0,69.0,0
SKU137,2025-05-26,actual,49.0,20.0,49.0,49.0,0
SKU137,2025-06-02,actual,56.0,63.0,56.0,56.0,0
SKU137,2025-06-09,actual,47.0,53.0,47.0,47.0,0
SKU137,2025-06-16,actual,74.0,74.0,74.0,74.0,0
SKU137,2025-06-23,actual,54.0,54.0,54.0,54.0,0
SKU137,2025-06-30,actual,43.0,61.0,43.0,43.0,0
SKU137,2025-07-07,actual,40.0,35.0,40.0,40.0,0
SKU137,2025-07-14,actual,50.0,53.0,50.0,50.0,0
SKU137,2025-07-21,actual,38.0,39.0,38.0,38.0,0
SKU137,2025-07-28,actual,41.0,48.0,41.0,41.0,0
SKU137,2025-08-04,actual,42.0,42.0,42.0,42.0,0
SKU137,2025-08-11,actual,90.0,106.0,90.0,90.0,0
SKU137,2025-08-18,actual,33.0,52.0,33.0,33.0,0
SKU137,2025-08-25,actual,45.0,40.0,45.0,45.0,0
SKU137,2025-09-01,actual,45.0,58.0,45.0,45.0,0
SKU137,2025-09-08,actual,44.0,54.0,44.0,44.0,0
SKU137,2025-09-15,actual,57.0,51.0,57.0,57.0,0
SKU137,2025-09-22,actual,60.0,55.0,60.0,60.0,0
SKU137,2025-09-29,actual,52.0,75.0,52.0,52.0,0
SKU137,2025-10-06,actual,50.0,63.0,50.0,50.0,0
SKU137,2025-10-13,actual,71.0,75.0,71.0,71.0,0
SKU137,2025-10-20,actual,174.0,158.0,174.0,174.0,0
SKU137,2025-10-27,actual,65.0,60.0,65.0,65.0,0
SKU137,2025-11-03,actual,72.0,73.0,72.0,72.0,0
SKU137,2025-11-10,actual,65.0,72.0,65.0,65.0,0
SKU137,2025-11-17,actual,65.0,71.0,65.0,65.0,0
SKU137,2025-11-24,actual,71.0,71.0,71.0,71.0,0
SKU137,2025-12-01,actual,87.0,86.0,87.0,87.0,0
SKU137,2025-12-08,actual,76.0,61.0,76.0,76.0,0
SKU137,2025-12-15,actual,84.0,77.0,84.0,84.0,0
SKU137,2025-12-22,actual,224.0,186.0,224.0,224.0,0
SKU137,2025-12-29,actual,83.0,105.0,83.0,83.0,0
SKU137,2026-01-05,actual,84.0,90.0,84.0,84.0,0
SKU137,2026-01-12,actual,79.0,84.0,79.0,79.0,0
SKU137,2026-01-19,actual,114.0,177.0,114.0,114.0,0
SKU137,2026-01-26,actual,133.0,117.0,133.0,133.0,0
SKU137,2026-02-02,actual,107.0,88.0,107.0,107.0,0
SKU137,2026-02-09,actual,93.0,84.0,93.0,93.0,0
SKU137,2026-02-16,actual,83.0,82.0,83.0,83.0,0
SKU137,2026-02-23,actual,84.0,77.0,84.0,84.0,0
SKU137,2026-03-02,actual,71.0,80.0,71.0,71.0,0
SKU137,2026-03-09,actual,100.0,91.0,100.0,100.0,0
SKU137,2026-03-16,actual,88.0,88.0,88.0,88.0,0
SKU137,2026-03-23,actual,78.0,73.0,78.0,78.0,0
SKU137,2026-03-30,actual,76.0,70.0,76.0,76.0,0
SKU137,2026-04-06,actual,66.0,59.0,66.0,66.0,0
SKU137,2026-04-13,actual,72.0,81.0,72.0,72.0,0
SKU137,2026-04-20,actual,60.0,61.0,60.0,60.0,0
SKU137,2026-04-27,actual,101.0,129.0,101.0,101.0,0
SKU137,2026-05-04,actual,78.0,77.0,78.0,78.0,0
SKU137,2026-05-11,actual,56.0,55.0,56.0,56.0,0
SKU137,2026-05-18,actual,74.0,69.0,74.0,74.0,0
SKU137,2026-05-25,actual,56.0,49.0,56.0,56.0,0
SKU137,2026-06-01,actual,54.0,56.0,54.0,54.0,0
SKU137,2026-06-08,actual,57.0,47.0,57.0,57.0,0
SKU137,2026-06-15,actual,47.0,74.0,47.0,47.0,0
SKU138,2024-11-04,actual,10.0,0.0,10.0,10.0,0
SKU138,2024-11-11,actual,10.0,10.0,10.0,10.0,0
SKU138,2024-11-18,actual,16.0,10.0,16.0,16.0,0
SKU138,2024-11-25,actual,16.0,12.0,16.0,16.0,0
SKU138,2024-12-02,actual,8.0,13.0,8.0,8.0,0
SKU138,2024-12-09,actual,12.0,12.5,12.0,12.0,0
SKU138,2024-12-16,actual,18.0,13.0,18.0,18.0,0
SKU138,2024-12-23,actual,24.0,13.5,24.0,24.0,0
SKU138,2024-12-30,actual,18.0,15.5,18.0,18.0,0
SKU138,2025-01-06,actual,21.0,18.0,21.0,21.0,0
SKU138,2025-01-13,actual,7.0,20.25,7.0,7.0,0
SKU138,2025-01-20,actual,28.0,17.5,28.0,28.0,0
SKU138,2025-01-27,actual,17.0,18.5,17.0,17.0,0
SKU138,2025-02-03,actual,17.0,18.25,17.0,17.0,0
SKU138,2025-02-10,actual,12.0,17.25,12.0,12.0,0
SKU138,2025-02-17,actual,18.0,18.5,18.0,18.0,0
SKU138,2025-02-24,actual,11.0,16.0,11.0,11.0,0
SKU138,2025-03-03,actual,14.0,14.5,14.0,14.0,0
SKU138,2025-03-10,actual,18.0,13.75,18.0,18.0,0
SKU138,2025-03-17,actual,11.0,15.25,11.0,11.0,0
SKU138,2025-03-24,actual,13.0,13.5,13.0,13.0,0
SKU138,2025-03-31,actual,11.0,14.0,11.0,11.0,0
SKU138,2025-04-07,actual,7.0,13.25,7.0,7.0,0
SKU138,2025-04-14,actual,22.0,10.5,22.0,22.0,0
SKU138,2025-04-21,actual,9.0,13.25,9.0,9.0,0
SKU138,2025-04-28,actual,20.0,12.25,20.0,20.0,0
SKU138,2025-05-05,actual,14.0,14.5,14.0,14.0,0
SKU138,2025-05-12,actual,6.0,16.25,6.0,6.0,0
SKU138,2025-05-19,actual,3.0,12.25,3.0,3.0,0
SKU138,2025-05-26,actual,10.0,10.75,10.0,10.0,0
SKU138,2025-06-02,actual,13.0,8.25,13.0,13.0,0
SKU138,2025-06-09,actual,11.0,8.0,11.0,11.0,0
SKU138,2025-06-16,actual,10.0,9.25,10.0,10.0,0
SKU138,2025-06-23,actual,10.0,11.0,10.0,10.0,0
SKU138,2025-06-30,actual,4.0,11.0,4.0,4.0,0
SKU138,2025-07-07,actual,10.0,8.75,10.0,10.0,0
SKU138,2025-07-14,actual,10.0,8.5,10.0,10.0,0
SKU138,2025-07-21,actual,13.0,8.5,13.0,13.0,0
SKU138,2025-07-28,actual,10.0,9.25,10.0,10.0,0
SKU138,2025-08-04,actual,10.0,10.75,10.0,10.0,0
SKU138,2025-08-11,actual,18.0,10.75,18.0,18.0,0
SKU138,2025-08-18,actual,9.0,12.75,9.0,9.0,0
SKU138,2025-08-25,actual,11.0,11.75,11.0,11.0,0
SKU138,2025-09-01,actual,3.0,12.0,3.0,3.0,0
SKU138,2025-09-08,actual,9.0,10.25,9.0,9.0,0
SKU138,2025-09-15,actual,6.0,8.0,6.0,6.0,0
SKU138,2025-09-22,actual,6.0,7.25,6.0,6.0,0
SKU138,2025-09-29,actual,9.0,6.0,9.0,9.0,0
SKU138,2025-10-06,actual,12.0,7.5,12.0,12.0,0
SKU138,2025-10-13,actual,11.0,8.25,11.0,11.0,0
SKU138,2025-10-20,actual,14.0,9.5,14.0,14.0,0
SKU138,2025-10-27,actual,10.0,11.5,10.0,10.0,0
SKU138,2025-11-03,actual,9.0,10.0,9.0,9.0,0
SKU138,2025-11-10,actual,12.0,10.0,12.0,12.0,0
SKU138,2025-11-17,actual,12.0,16.0,12.0,12.0,0
SKU138,2025-11-24,actual,12.0,16.0,12.0,12.0,0
SKU138,2025-12-01,actual,9.0,8.0,9.0,9.0,0
SKU138,2025-12-08,actual,9.0,12.0,9.0,9.0,0
SKU138,2025-12-15,actual,17.0,18.0,17.0,17.0,0
SKU138,2025-12-22,actual,17.0,24.0,17.0,17.0,0
SKU138,2025-12-29,actual,10.0,18.0,10.0,10.0,0
SKU138,2026-01-05,actual,13.0,21.0,13.0,13.0,0
SKU138,2026-01-12,actual,14.0,7.0,14.0,14.0,0
SKU138,2026-01-19,actual,17.0,28.0,17.0,17.0,0
SKU138,2026-01-26,actual,20.0,17.0,20.0,20.0,0
SKU138,2026-02-02,actual,18.0,17.0,18.0,18.0,0
SKU138,2026-02-09,actual,6.0,12.0,6.0,6.0,0
SKU138,2026-02-16,actual,12.0,18.0,12.0,12.0,0
SKU138,2026-02-23,actual,19.0,11.0,19.0,19.0,0
SKU138,2026-03-02,actual,17.0,14.0,17.0,17.0,0
SKU138,2026-03-09,actual,17.0,18.0,17.0,17.0,0
SKU138,2026-03-16,actual,18.0,11.0,18.0,18.0,0
SKU138,2026-03-23,actual,16.0,13.0,16.0,16.0,0
SKU138,2026-03-30,actual,12.0,11.0,12.0,12.0,0
SKU138,2026-04-06,actual,14.0,7.0,14.0,14.0,0
SKU138,2026-04-13,actual,11.0,22.0,11.0,11.0,0
SKU138,2026-04-20,actual,11.0,9.0,11.0,11.0,0
SKU138,2026-04-27,actual,13.0,20.0,13.0,13.0,0
SKU138,2026-05-04,actual,14.0,14.0,14.0,14.0,0
SKU138,2026-05-11,actual,11.0,6.0,11.0,11.0,0
SKU138,2026-05-18,actual,15.0,3.0,15.0,15.0,0
SKU138,2026-05-25,actual,7.0,10.0,7.0,7.0,0
SKU138,2026-06-01,actual,10.0,13.0,10.0,10.0,0
SKU138,2026-06-08,actual,14.0,11.0,14.0,14.0,0
SKU138,2026-06-15,actual,8.0,10.0,8.0,8.0,0
SKU139,2026-01-19,actual,15.0,0.0,15.0,15.0,0
SKU139,2026-01-26,actual,12.0,15.0,12.0,12.0,0
SKU139,2026-02-02,actual,15.0,13.5,15.0,15.0,0
SKU139,2026-02-09,actual,9.0,14.0,9.0,9.0,0
SKU139,2026-02-16,actual,12.0,12.75,12.0,12.0,0
SKU139,2026-02-23,actual,10.0,12.0,10.0,10.0,0
SKU139,2026-03-02,actual,10.0,11.5,10.0,10.0,0
SKU139,2026-03-09,actual,15.0,10.25,15.0,15.0,0
SKU139,2026-03-16,actual,15.0,11.75,15.0,15.0,0
SKU139,2026-03-23,actual,12.0,12.5,12.0,12.0,0
SKU139,2026-03-30,actual,11.0,13.0,11.0,11.0,0
SKU139,2026-04-06,actual,15.0,13.25,15.0,15.0,0
SKU139,2026-04-13,actual,17.0,13.25,17.0,17.0,0
SKU139,2026-04-20,actual,14.0,13.75,14.0,14.0,0
SKU139,2026-04-27,actual,22.0,14.25,22.0,22.0,0
SKU139,2026-05-04,actual,15.0,17.0,15.0,15.0,0
SKU139,2026-05-11,actual,24.0,17.0,24.0,24.0,0
SKU139,2026-05-18,actual,20.0,18.75,20.0,20.0,0
SKU139,2026-05-25,actual,15.0,20.25,15.0,15.0,0
SKU139,2026-06-01,actual,20.0,18.5,20.0,20.0,0
SKU139,2026-06-08,actual,15.0,19.75,15.0,15.0,0
SKU139,2026-06-15,actual,16.0,17.5,16.0,16.0,0
SKU140,2025-12-15,actual,7.0,0.0,7.0,7.0,0
SKU140,2025-12-22,actual,10.0,7.0,10.0,10.0,0
SKU140,2025-12-29,actual,5.0,8.5,5.0,5.0,0
SKU140,2026-01-05,actual,11.0,7.333333333333333,11.0,11.0,0
SKU140,2026-01-12,actual,8.0,8.25,8.0,8.0,0
SKU140,2026-01-19,actual,6.0,8.5,6.0,6.0,0
SKU140,2026-01-26,actual,12.0,7.5,12.0,12.0,0
SKU140,2026-02-02,actual,3.0,9.25,3.0,3.0,0
SKU140,2026-02-09,actual,5.0,7.25,5.0,5.0,0
SKU140,2026-02-16,actual,5.0,6.5,5.0,5.0,0
SKU140,2026-02-23,actual,9.0,6.25,9.0,9.0,0
SKU140,2026-03-02,actual,5.0,5.5,5.0,5.0,0
SKU140,2026-03-09,actual,8.0,6.0,8.0,8.0,0
SKU140,2026-03-16,actual,2.0,6.75,2.0,2.0,0
SKU140,2026-03-23,actual,4.0,6.0,4.0,4.0,0
SKU140,2026-03-30,actual,11.0,4.75,11.0,11.0,0
SKU140,2026-04-06,actual,13.0,6.25,13.0,13.0,0
SKU140,2026-04-13,actual,8.0,7.5,8.0,8.0,0
SKU140,2026-04-20,actual,12.0,9.0,12.0,12.0,0
SKU140,2026-04-27,actual,6.0,11.0,6.0,6.0,0
SKU140,2026-05-04,actual,15.0,9.75,15.0,15.0,0
SKU140,2026-05-11,actual,9.0,10.25,9.0,9.0,0
SKU140,2026-05-18,actual,5.0,10.5,5.0,5.0,0
SKU140,2026-05-25,actual,10.0,8.75,10.0,10.0,0
SKU140,2026-06-01,actual,6.0,9.75,6.0,6.0,0
SKU140,2026-06-08,actual,15.0,7.5,15.0,15.0,0
SKU140,2026-06-15,actual,12.0,9.0,12.0,12.0,0
SKU141,2024-06-03,actual,14.0,0.0,14.0,14.0,0
SKU141,2024-06-10,actual,25.0,14.0,25.0,25.0,0
SKU141,2024-06-17,actual,13.0,19.5,13.0,13.0,0
SKU141,2024-06-24,actual,17.0,17.333333333333332,17.0,17.0,0
SKU141,2024-07-01,actual,19.0,17.25,19.0,19.0,0
SKU141,2024-07-08,actual,16.0,18.5,16.0,16.0,0
SKU141,2024-07-15,actual,19.0,16.25,19.0,19.0,0
SKU141,2024-07-22,actual,17.0,17.75,17.0,17.0,0
SKU141,2024-07-29,actual,14.0,17.75,14.0,14.0,0
SKU141,2024-08-05,actual,13.0,16.5,13.0,13.0,0
SKU141,2024-08-12,actual,30.0,15.75,30.0,30.0,0
SKU141,2024-08-19,actual,15.0,18.5,15.0,15.0,0
SKU141,2024-08-26,actual,17.0,18.0,17.0,17.0,0
SKU141,2024-09-02,actual,12.0,18.75,12.0,12.0,0
SKU141,2024-09-09,actual,16.0,18.5,16.0,16.0,0
SKU141,2024-09-16,actual,5.0,15.0,5.0,5.0,0
SKU141,2024-09-23,actual,13.0,12.5,13.0,13.0,0
SKU141,2024-09-30,actual,17.0,11.5,17.0,17.0,0
SKU141,2024-10-07,actual,7.0,12.75,7.0,7.0,0
SKU141,2024-10-14,actual,8.0,10.5,8.0,8.0,0
SKU141,2024-10-21,actual,28.0,11.25,28.0,28.0,0
SKU141,2024-10-28,actual,16.0,15.0,16.0,16.0,0
SKU141,2024-11-04,actual,14.0,14.75,14.0,14.0,0
SKU141,2024-11-11,actual,11.0,16.5,11.0,11.0,0
SKU141,2024-11-18,actual,10.0,17.25,10.0,10.0,0
SKU141,2024-11-25,actual,12.0,12.75,12.0,12.0,0
SKU141,2024-12-02,actual,15.0,11.75,15.0,15.0,0
SKU141,2024-12-09,actual,11.0,12.0,11.0,11.0,0
SKU141,2024-12-16,actual,16.0,12.0,16.0,16.0,0
SKU141,2024-12-23,actual,26.0,13.5,26.0,26.0,0
SKU141,2024-12-30,actual,12.0,17.0,12.0,12.0,0
SKU141,2025-01-06,actual,6.0,16.25,6.0,6.0,0
SKU141,2025-01-13,actual,17.0,15.0,17.0,17.0,0
SKU141,2025-01-20,actual,21.0,15.25,21.0,21.0,0
SKU141,2025-01-27,actual,27.0,14.0,27.0,27.0,0
SKU141,2025-02-03,actual,21.0,17.75,21.0,21.0,0
SKU141,2025-02-10,actual,25.0,21.5,25.0,25.0,0
SKU141,2025-02-17,actual,21.0,23.5,21.0,21.0,0
SKU141,2025-02-24,actual,18.0,23.5,18.0,18.0,0
SKU141,2025-03-03,actual,22.0,21.25,22.0,22.0,0
SKU141,2025-03-10,actual,20.0,21.5,20.0,20.0,0
SKU141,2025-03-17,actual,18.0,20.25,18.0,18.0,0
SKU141,2025-03-24,actual,15.0,19.5,15.0,15.0,0
SKU141,2025-03-31,actual,16.0,18.75,16.0,16.0,0
SKU141,2025-04-07,actual,26.0,17.25,26.0,26.0,0
SKU141,2025-04-14,actual,24.0,18.75,24.0,24.0,0
SKU141,2025-04-21,actual,25.0,20.25,25.0,25.0,0
SKU141,2025-04-28,actual,29.0,22.75,29.0,29.0,0
SKU141,2025-05-05,actual,18.0,26.0,18.0,18.0,0
SKU141,2025-05-12,actual,30.0,24.0,30.0,30.0,0
SKU141,2025-05-19,actual,24.0,25.5,24.0,24.0,0
SKU141,2025-05-26,actual,18.0,25.25,18.0,18.0,0
SKU141,2025-06-02,actual,18.0,14.0,18.0,18.0,0
SKU141,2025-06-09,actual,18.0,25.0,18.0,18.0,0
SKU141,2025-06-16,actual,20.0,13.0,20.0,20.0,0
SKU141,2025-06-23,actual,12.0,17.0,12.0,12.0,0
SKU141,2025-06-30,actual,23.0,19.0,23.0,23.0,0
SKU141,2025-07-07,actual,11.0,16.0,11.0,11.0,0
SKU141,2025-07-14,actual,20.0,19.0,20.0,20.0,0
SKU141,2025-07-21,actual,18.0,17.0,18.0,18.0,0
SKU141,2025-07-28,actual,12.0,14.0,12.0,12.0,0
SKU141,2025-08-04,actual,14.0,13.0,14.0,14.0,0
SKU141,2025-08-11,actual,34.0,30.0,34.0,34.0,0
SKU141,2025-08-18,actual,11.0,15.0,11.0,11.0,0
SKU141,2025-08-25,actual,10.0,17.0,10.0,10.0,0
SKU141,2025-09-01,actual,9.0,12.0,9.0,9.0,0
SKU141,2025-09-08,actual,13.0,16.0,13.0,13.0,0
SKU141,2025-09-15,actual,12.0,5.0,12.0,12.0,0
SKU141,2025-09-22,actual,9.0,13.0,9.0,9.0,0
SKU141,2025-09-29,actual,22.0,17.0,22.0,22.0,0
SKU141,2025-10-06,actual,13.0,7.0,13.0,13.0,0
SKU141,2025-10-13,actual,14.0,8.0,14.0,14.0,0
SKU141,2025-10-20,actual,25.0,28.0,25.0,25.0,0
SKU141,2025-10-27,actual,10.0,16.0,10.0,10.0,0
SKU141,2025-11-03,actual,7.0,14.0,7.0,7.0,0
SKU141,2025-11-10,actual,18.0,11.0,18.0,18.0,0
SKU141,2025-11-17,actual,8.0,10.0,8.0,8.0,0
SKU141,2025-11-24,actual,10.0,12.0,10.0,10.0,0
SKU141,2025-12-01,actual,12.0,15.0,12.0,12.0,0
SKU141,2025-12-08,actual,18.0,11.0,18.0,18.0,0
SKU141,2025-12-15,actual,15.0,16.0,15.0,15.0,0
SKU141,2025-12-22,actual,30.0,26.0,30.0,30.0,0
SKU141,2025-12-29,actual,18.0,12.0,18.0,18.0,0
SKU141,2026-01-05,actual,11.0,6.0,11.0,11.0,0
SKU141,2026-01-12,actual,16.0,17.0,16.0,16.0,0
SKU141,2026-01-19,actual,20.0,21.0,20.0,20.0,0
SKU141,2026-01-26,actual,21.0,27.0,21.0,21.0,0
SKU141,2026-02-02,actual,15.0,21.0,15.0,15.0,0
SKU141,2026-02-09,actual,20.0,25.0,20.0,20.0,0
SKU141,2026-02-16,actual,18.0,21.0,18.0,18.0,0
SKU141,2026-02-23,actual,23.0,18.0,23.0,23.0,0
SKU141,2026-03-02,actual,17.0,22.0,17.0,17.0,0
SKU141,2026-03-09,actual,16.0,20.0,16.0,16.0,0
SKU141,2026-03-16,actual,26.0,18.0,26.0,26.0,0
SKU141,2026-03-23,actual,21.0,15.0,21.0,21.0,0
SKU141,2026-03-30,actual,24.0,16.0,24.0,24.0,0
SKU141,2026-04-06,actual,19.0,26.0,19.0,19.0,0
SKU141,2026-04-13,actual,14.0,24.0,14.0,14.0,0
SKU141,2026-04-20,actual,21.0,25.0,21.0,21.0,0
SKU141,2026-04-27,actual,36.0,29.0,36.0,36.0,0
SKU141,2026-05-04,actual,21.0,18.0,21.0,21.0,0
SKU141,2026-05-11,actual,15.0,30.0,15.0,15.0,0
SKU141,2026-05-18,actual,17.0,24.0,17.0,17.0,0
SKU141,2026-05-25,actual,14.0,18.0,14.0,14.0,0
SKU141,2026-06-01,actual,19.0,18.0,19.0,19.0,0
SKU141,2026-06-08,actual,23.0,18.0,23.0,23.0,0
SKU141,2026-06-15,actual,18.0,20.0,18.0,18.0,0
SKU142,2025-09-15,actual,7.0,0.0,7.0,7.0,0
SKU142,2025-09-22,actual,30.0,7.0,30.0,30.0,0
SKU142,2025-09-29,actual,24.0,18.5,24.0,24.0,0
SKU142,2025-10-06,actual,20.0,20.333333333333332,20.0,20.0,0
SKU142,2025-10-13,actual,27.0,20.25,27.0,27.0,0
SKU142,2025-10-20,actual,23.0,25.25,23.0,23.0,0
SKU142,2025-10-27,actual,13.0,23.5,13.0,13.0,0
SKU142,2025-11-03,actual,14.0,20.75,14.0,14.0,0
SKU142,2025-11-10,actual,25.0,19.25,25.0,25.0,0
SKU142,2025-11-17,actual,23.0,18.75,23.0,23.0,0
SKU142,2025-11-24,actual,18.0,18.75,18.0,18.0,0
SKU142,2025-12-01,actual,17.0,20.0,17.0,17.0,0
SKU142,2025-12-08,actual,18.0,20.75,18.0,18.0,0
SKU142,2025-12-15,actual,20.0,19.0,20.0,20.0,0
SKU142,2025-12-22,actual,29.0,18.25,29.0,29.0,0
SKU142,2025-12-29,actual,15.0,21.0,15.0,15.0,0
SKU142,2026-01-05,actual,11.0,20.5,11.0,11.0,0
SKU142,2026-01-12,actual,18.0,18.75,18.0,18.0,0
SKU142,2026-01-19,actual,16.0,18.25,16.0,16.0,0
SKU142,2026-01-26,actual,15.0,15.0,15.0,15.0,0
SKU142,2026-02-02,actual,12.0,15.0,12.0,12.0,0
SKU142,2026-02-09,actual,15.0,15.25,15.0,15.0,0
SKU142,2026-02-16,actual,6.0,14.5,6.0,6.0,0
SKU142,2026-02-23,actual,11.0,12.0,11.0,11.0,0
SKU142,2026-03-02,actual,10.0,11.0,10.0,10.0,0
SKU142,2026-03-09,actual,6.0,10.5,6.0,6.0,0
SKU142,2026-03-16,actual,8.0,8.25,8.0,8.0,0
SKU142,2026-03-23,actual,11.0,8.75,11.0,11.0,0
SKU142,2026-03-30,actual,13.0,8.75,13.0,13.0,0
SKU142,2026-04-06,actual,9.0,9.5,9.0,9.0,0
SKU142,2026-04-13,actual,12.0,10.25,12.0,12.0,0
SKU142,2026-04-20,actual,9.0,11.25,9.0,9.0,0
SKU142,2026-04-27,actual,10.0,10.75,10.0,10.0,0
SKU142,2026-05-04,actual,13.0,10.0,13.0,13.0,0
SKU142,2026-05-11,actual,13.0,11.0,13.0,13.0,0
SKU142,2026-05-18,actual,11.0,11.25,11.0,11.0,0
SKU142,2026-05-25,actual,12.0,11.75,12.0,12.0,0
SKU142,2026-06-01,actual,20.0,12.25,20.0,20.0,0
SKU142,2026-06-08,actual,8.0,14.0,8.0,8.0,0
SKU142,2026-06-15,actual,13.0,12.75,13.0,13.0,0
SKU143,2026-02-02,actual,16.0,0.0,16.0,16.0,0
SKU143,2026-02-09,actual,16.0,16.0,16.0,16.0,0
SKU143,2026-02-16,actual,19.0,16.0,19.0,19.0,0
SKU143,2026-02-23,actual,23.0,17.0,23.0,23.0,0
SKU143,2026-03-02,actual,18.0,18.5,18.0,18.0,0
SKU143,2026-03-09,actual,22.0,19.0,22.0,22.0,0
SKU143,2026-03-16,actual,28.0,20.5,28.0,28.0,0
SKU143,2026-03-23,actual,19.0,22.75,19.0,19.0,0
SKU143,2026-03-30,actual,30.0,21.75,30.0,30.0,0
SKU143,2026-04-06,actual,28.0,24.75,28.0,28.0,0
SKU143,2026-04-13,actual,18.0,26.25,18.0,18.0,0
SKU143,2026-04-20,actual,24.0,23.75,24.0,24.0,0
SKU143,2026-04-27,actual,30.0,25.0,30.0,30.0,0
SKU143,2026-05-04,actual,30.0,25.0,30.0,30.0,0
SKU143,2026-05-11,actual,17.0,25.5,17.0,17.0,0
SKU143,2026-05-18,actual,15.0,25.25,15.0,15.0,0
SKU143,2026-05-25,actual,17.0,23.0,17.0,17.0,0
SKU143,2026-06-01,actual,23.0,19.75,23.0,23.0,0
SKU143,2026-06-08,actual,18.0,18.0,18.0,18.0,0
SKU143,2026-06-15,actual,27.0,18.25,27.0,27.0,0
SKU144,2025-08-04,actual,3.0,0.0,3.0,3.0,0
SKU144,2025-08-11,actual,64.0,3.0,64.0,64.0,0
SKU144,2025-08-18,actual,43.0,33.5,43.0,43.0,0
SKU144,2025-08-25,actual,28.0,36.666666666666664,28.0,28.0,0
SKU144,2025-09-01,actual,38.0,34.5,38.0,38.0,0
SKU144,2025-09-08,actual,25.0,43.25,25.0,25.0,0
SKU144,2025-09-15,actual,35.0,33.5,35.0,35.0,0
SKU144,2025-09-22,actual,27.0,31.5,27.0,27.0,0
SKU144,2025-09-29,actual,33.0,31.25,33.0,33.0,0
SKU144,2025-10-06,actual,24.0,30.0,24.0,24.0,0
SKU144,2025-10-13,actual,31.0,29.75,31.0,31.0,0
SKU144,2025-10-20,actual,79.0,28.75,79.0,79.0,0
SKU144,2025-10-27,actual,34.0,41.75,34.0,34.0,0
SKU144,2025-11-03,actual,18.0,42.0,18.0,18.0,0
SKU144,2025-11-10,actual,19.0,40.5,19.0,19.0,0
SKU144,2025-11-17,actual,27.0,37.5,27.0,27.0,0
SKU144,2025-11-24,actual,21.0,24.5,21.0,21.0,0
SKU144,2025-12-01,actual,28.0,21.25,28.0,28.0,0
SKU144,2025-12-08,actual,27.0,23.75,27.0,27.0,0
SKU144,2025-12-15,actual,20.0,25.75,20.0,20.0,0
SKU144,2025-12-22,actual,58.0,24.0,58.0,58.0,0
SKU144,2025-12-29,actual,17.0,33.25,17.0,17.0,0
SKU144,2026-01-05,actual,20.0,30.5,20.0,20.0,0
SKU144,2026-01-12,actual,29.0,28.75,29.0,29.0,0
SKU144,2026-01-19,actual,22.0,31.0,22.0,22.0,0
SKU144,2026-01-26,actual,43.0,22.0,43.0,43.0,0
SKU144,2026-02-02,actual,18.0,28.5,18.0,18.0,0
SKU144,2026-02-09,actual,23.0,28.0,23.0,23.0,0
SKU144,2026-02-16,actual,26.0,26.5,26.0,26.0,0
SKU144,2026-02-23,actual,25.0,27.5,25.0,25.0,0
SKU144,2026-03-02,actual,28.0,23.0,28.0,28.0,0
SKU144,2026-03-09,actual,27.0,25.5,27.0,27.0,0
SKU144,2026-03-16,actual,30.0,26.5,30.0,30.0,0
SKU144,2026-03-23,actual,34.0,27.5,34.0,34.0,0
SKU144,2026-03-30,actual,28.0,29.75,28.0,28.0,0
SKU144,2026-04-06,actual,32.0,29.75,32.0,32.0,0
SKU144,2026-04-13,actual,31.0,31.0,31.0,31.0,0
SKU144,2026-04-20,actual,37.0,31.25,37.0,37.0,0
SKU144,2026-04-27,actual,59.0,32.0,59.0,59.0,0
SKU144,2026-05-04,actual,53.0,39.75,53.0,53.0,0
SKU144,2026-05-11,actual,44.0,45.0,44.0,44.0,0
SKU144,2026-05-18,actual,51.0,48.25,51.0,51.0,0
SKU144,2026-05-25,actual,36.0,51.75,36.0,36.0,0
SKU144,2026-06-01,actual,32.0,46.0,32.0,32.0,0
SKU144,2026-06-08,actual,54.0,40.75,54.0,54.0,0
SKU144,2026-06-15,actual,44.0,43.25,44.0,44.0,0
SKU145,2025-03-31,actual,4.0,0.0,4.0,4.0,0
SKU145,2025-04-07,actual,20.0,4.0,20.0,20.0,0
SKU145,2025-04-14,actual,10.0,12.0,10.0,10.0,0
SKU145,2025-04-21,actual,9.0,11.333333333333334,9.0,9.0,0
SKU145,2025-04-28,actual,18.0,10.75,18.0,18.0,0
SKU145,2025-05-05,actual,10.0,14.25,10.0,10.0,0
SKU145,2025-05-12,actual,9.0,11.75,9.0,9.0,0
SKU145,2025-05-19,actual,16.0,11.5,16.0,16.0,0
SKU145,2025-05-26,actual,11.0,13.25,11.0,11.0,0
SKU145,2025-06-02,actual,11.0,11.5,11.0,11.0,0
SKU145,2025-06-09,actual,9.0,11.75,9.0,9.0,0
SKU145,2025-06-16,actual,8.0,11.75,8.0,8.0,0
SKU145,2025-06-23,actual,9.0,9.75,9.0,9.0,0
SKU145,2025-06-30,actual,8.0,9.25,8.0,8.0,0
SKU145,2025-07-07,actual,8.0,8.5,8.0,8.0,0
SKU145,2025-07-14,actual,12.0,8.25,12.0,12.0,0
SKU145,2025-07-21,actual,15.0,9.25,15.0,15.0,0
SKU145,2025-07-28,actual,8.0,10.75,8.0,8.0,0
SKU145,2025-08-04,actual,11.0,10.75,11.0,11.0,0
SKU145,2025-08-11,actual,20.0,11.5,20.0,20.0,0
SKU145,2025-08-18,actual,7.0,13.5,7.0,7.0,0
SKU145,2025-08-25,actual,6.0,11.5,6.0,6.0,0
SKU145,2025-09-01,actual,7.0,11.0,7.0,7.0,0
SKU145,2025-09-08,actual,5.0,10.0,5.0,5.0,0
SKU145,2025-09-15,actual,5.0,6.25,5.0,5.0,0
SKU145,2025-09-22,actual,7.0,5.75,7.0,7.0,0
SKU145,2025-09-29,actual,7.0,6.0,7.0,7.0,0
SKU145,2025-10-06,actual,5.0,6.0,5.0,5.0,0
SKU145,2025-10-13,actual,8.0,6.0,8.0,8.0,0
SKU145,2025-10-20,actual,18.0,6.75,18.0,18.0,0
SKU145,2025-10-27,actual,5.0,9.5,5.0,5.0,0
SKU145,2025-11-03,actual,4.0,9.0,4.0,4.0,0
SKU145,2025-11-10,actual,5.0,8.75,5.0,5.0,0
SKU145,2025-11-17,actual,3.0,8.0,3.0,3.0,0
SKU145,2025-11-24,actual,6.0,4.25,6.0,6.0,0
SKU145,2025-12-01,actual,8.0,4.5,8.0,8.0,0
SKU145,2025-12-08,actual,6.0,5.5,6.0,6.0,0
SKU145,2025-12-15,actual,6.0,5.75,6.0,6.0,0
SKU145,2025-12-22,actual,11.0,6.5,11.0,11.0,0
SKU145,2025-12-29,actual,4.0,7.75,4.0,4.0,0
SKU145,2026-01-05,actual,7.0,6.75,7.0,7.0,0
SKU145,2026-01-12,actual,9.0,7.0,9.0,9.0,0
SKU145,2026-01-19,actual,16.0,7.75,16.0,16.0,0
SKU145,2026-01-26,actual,11.0,9.0,11.0,11.0,0
SKU145,2026-02-02,actual,15.0,10.75,15.0,15.0,0
SKU145,2026-02-09,actual,12.0,12.75,12.0,12.0,0
SKU145,2026-02-16,actual,15.0,13.5,15.0,15.0,0
SKU145,2026-02-23,actual,16.0,13.25,16.0,16.0,0
SKU145,2026-03-02,actual,9.0,14.5,9.0,9.0,0
SKU145,2026-03-09,actual,13.0,13.0,13.0,13.0,0
SKU145,2026-03-16,actual,13.0,13.25,13.0,13.0,0
SKU145,2026-03-23,actual,9.0,12.75,9.0,9.0,0
SKU145,2026-03-30,actual,10.0,4.0,10.0,10.0,0
SKU145,2026-04-06,actual,12.0,20.0,12.0,12.0,0
SKU145,2026-04-13,actual,10.0,10.0,10.0,10.0,0
SKU145,2026-04-20,actual,14.0,9.0,14.0,14.0,0
SKU145,2026-04-27,actual,16.0,18.0,16.0,16.0,0
SKU145,2026-05-04,actual,17.0,10.0,17.0,17.0,0
SKU145,2026-05-11,actual,11.0,9.0,11.0,11.0,0
SKU145,2026-05-18,actual,13.0,16.0,13.0,13.0,0
SKU145,2026-05-25,actual,15.0,11.0,15.0,15.0,0
SKU145,2026-06-01,actual,13.0,11.0,13.0,13.0,0
SKU145,2026-06-08,actual,9.0,9.0,9.0,9.0,0
SKU145,2026-06-15,actual,13.0,8.0,13.0,13.0,0
SKU146,2024-12-30,actual,7.0,0.0,7.0,7.0,0
SKU146,2025-01-06,actual,14.0,7.0,14.0,14.0,0
SKU146,2025-01-13,actual,15.0,10.5,15.0,15.0,0
SKU146,2025-01-20,actual,15.0,12.0,15.0,15.0,0
SKU146,2025-01-27,actual,23.0,12.75,23.0,23.0,0
SKU146,2025-02-03,actual,10.0,16.75,10.0,10.0,0
SKU146,2025-02-10,actual,19.0,15.75,19.0,19.0,0
SKU146,2025-02-17,actual,16.0,16.75,16.0,16.0,0
SKU146,2025-02-24,actual,21.0,17.0,21.0,21.0,0
SKU146,2025-03-03,actual,25.0,16.5,25.0,25.0,0
SKU146,2025-03-10,actual,17.0,20.25,17.0,17.0,0
SKU146,2025-03-17,actual,13.0,19.75,13.0,13.0,0
SKU146,2025-03-24,actual,29.0,19.0,29.0,29.0,0
SKU146,2025-03-31,actual,28.0,21.0,28.0,28.0,0
SKU146,2025-04-07,actual,30.0,21.75,30.0,30.0,0
SKU146,2025-04-14,actual,32.0,25.0,32.0,32.0,0
SKU146,2025-04-21,actual,21.0,29.75,21.0,21.0,0
SKU146,2025-04-28,actual,28.0,27.75,28.0,28.0,0
SKU146,2025-05-05,actual,23.0,27.75,23.0,23.0,0
SKU146,2025-05-12,actual,30.0,26.0,30.0,30.0,0
SKU146,2025-05-19,actual,31.0,25.5,31.0,31.0,0
SKU146,2025-05-26,actual,26.0,28.0,26.0,26.0,0
SKU146,2025-06-02,actual,40.0,27.5,40.0,40.0,0
SKU146,2025-06-09,actual,30.0,31.75,30.0,30.0,0
SKU146,2025-06-16,actual,28.0,31.75,28.0,28.0,0
SKU146,2025-06-23,actual,28.0,31.0,28.0,28.0,0
SKU146,2025-06-30,actual,33.0,31.5,33.0,33.0,0
SKU146,2025-07-07,actual,33.0,29.75,33.0,33.0,0
SKU146,2025-07-14,actual,29.0,30.5,29.0,29.0,0
SKU146,2025-07-21,actual,22.0,30.75,22.0,22.0,0
SKU146,2025-07-28,actual,44.0,29.25,44.0,44.0,0
SKU146,2025-08-04,actual,27.0,32.0,27.0,27.0,0
SKU146,2025-08-11,actual,57.0,30.5,57.0,57.0,0
SKU146,2025-08-18,actual,25.0,37.5,25.0,25.0,0
SKU146,2025-08-25,actual,37.0,38.25,37.0,37.0,0
SKU146,2025-09-01,actual,26.0,36.5,26.0,26.0,0
SKU146,2025-09-08,actual,28.0,36.25,28.0,28.0,0
SKU146,2025-09-15,actual,21.0,29.0,21.0,21.0,0
SKU146,2025-09-22,actual,25.0,28.0,25.0,25.0,0
SKU146,2025-09-29,actual,30.0,25.0,30.0,30.0,0
SKU146,2025-10-06,actual,15.0,26.0,15.0,15.0,0
SKU146,2025-10-13,actual,21.0,22.75,21.0,21.0,0
SKU146,2025-10-20,actual,32.0,22.75,32.0,32.0,0
SKU146,2025-10-27,actual,20.0,24.5,20.0,20.0,0
SKU146,2025-11-03,actual,15.0,22.0,15.0,15.0,0
SKU146,2025-11-10,actual,23.0,22.0,23.0,23.0,0
SKU146,2025-11-17,actual,6.0,22.5,6.0,6.0,0
SKU146,2025-11-24,actual,13.0,16.0,13.0,13.0,0
SKU146,2025-12-01,actual,14.0,14.25,14.0,14.0,0
SKU146,2025-12-08,actual,17.0,14.0,17.0,17.0,0
SKU146,2025-12-15,actual,16.0,12.5,16.0,16.0,0
SKU146,2025-12-22,actual,21.0,15.0,21.0,21.0,0
SKU146,2025-12-29,actual,19.0,7.0,19.0,19.0,0
SKU146,2026-01-05,actual,14.0,14.0,14.0,14.0,0
SKU146,2026-01-12,actual,15.0,15.0,15.0,15.0,0
SKU146,2026-01-19,actual,29.0,15.0,29.0,29.0,0
SKU146,2026-01-26,actual,25.0,23.0,25.0,25.0,0
SKU146,2026-02-02,actual,22.0,10.0,22.0,22.0,0
SKU146,2026-02-09,actual,18.0,19.0,18.0,18.0,0
SKU146,2026-02-16,actual,16.0,16.0,16.0,16.0,0
SKU146,2026-02-23,actual,13.0,21.0,13.0,13.0,0
SKU146,2026-03-02,actual,27.0,25.0,27.0,27.0,0
SKU146,2026-03-09,actual,15.0,17.0,15.0,15.0,0
SKU146,2026-03-16,actual,29.0,13.0,29.0,29.0,0
SKU146,2026-03-23,actual,17.0,29.0,17.0,17.0,0
SKU146,2026-03-30,actual,16.0,28.0,16.0,16.0,0
SKU146,2026-04-06,actual,23.0,30.0,23.0,23.0,0
SKU146,2026-04-13,actual,21.0,32.0,21.0,21.0,0
SKU146,2026-04-20,actual,17.0,21.0,17.0,17.0,0
SKU146,2026-04-27,actual,45.0,28.0,45.0,45.0,0
SKU146,2026-05-04,actual,45.0,23.0,45.0,45.0,0
SKU146,2026-05-11,actual,28.0,30.0,28.0,28.0,0
SKU146,2026-05-18,actual,29.0,31.0,29.0,29.0,0
SKU146,2026-05-25,actual,36.0,26.0,36.0,36.0,0
SKU146,2026-06-01,actual,23.0,40.0,23.0,23.0,0
SKU146,2026-06-08,actual,32.0,30.0,32.0,32.0,0
SKU146,2026-06-15,actual,32.0,28.0,32.0,32.0,0
SKU147,2025-07-28,actual,8.0,0.0,8.0,8.0,0
SKU147,2025-08-04,actual,23.0,8.0,23.0,23.0,0
SKU147,2025-08-11,actual,37.0,15.5,37.0,37.0,0
SKU147,2025-08-18,actual,20.0,22.666666666666668,20.0,20.0,0
SKU147,2025-08-25,actual,16.0,22.0,16.0,16.0,0
SKU147,2025-09-01,actual,19.0,24.0,19.0,19.0,0
SKU147,2025-09-08,actual,17.0,23.0,17.0,17.0,0
SKU147,2025-09-15,actual,14.0,18.0,14.0,14.0,0
SKU147,2025-09-22,actual,22.0,16.5,22.0,22.0,0
SKU147,2025-09-29,actual,25.0,18.0,25.0,25.0,0
SKU147,2025-10-06,actual,14.0,19.5,14.0,14.0,0
SKU147,2025-10-13,actual,16.0,18.75,16.0,16.0,0
SKU147,2025-10-20,actual,34.0,19.25,34.0,34.0,0
SKU147,2025-10-27,actual,18.0,22.25,18.0,18.0,0
SKU147,2025-11-03,actual,18.0,20.5,18.0,18.0,0
SKU147,2025-11-10,actual,20.0,21.5,20.0,20.0,0
SKU147,2025-11-17,actual,11.0,22.5,11.0,11.0,0
SKU147,2025-11-24,actual,22.0,16.75,22.0,22.0,0
SKU147,2025-12-01,actual,13.0,17.75,13.0,13.0,0
SKU147,2025-12-08,actual,14.0,16.5,14.0,14.0,0
SKU147,2025-12-15,actual,17.0,15.0,17.0,17.0,0
SKU147,2025-12-22,actual,24.0,16.5,24.0,24.0,0
SKU147,2025-12-29,actual,7.0,17.0,7.0,7.0,0
SKU147,2026-01-05,actual,10.0,15.5,10.0,10.0,0
SKU147,2026-01-12,actual,13.0,14.5,13.0,13.0,0
SKU147,2026-01-19,actual,6.0,13.5,6.0,6.0,0
SKU147,2026-01-26,actual,18.0,9.0,18.0,18.0,0
SKU147,2026-02-02,actual,17.0,11.75,17.0,17.0,0
SKU147,2026-02-09,actual,13.0,13.5,13.0,13.0,0
SKU147,2026-02-16,actual,8.0,13.5,8.0,8.0,0
SKU147,2026-02-23,actual,11.0,14.0,11.0,11.0,0
SKU147,2026-03-02,actual,7.0,12.25,7.0,7.0,0
SKU147,2026-03-09,actual,8.0,9.75,8.0,8.0,0
SKU147,2026-03-16,actual,9.0,8.5,9.0,9.0,0
SKU147,2026-03-23,actual,13.0,8.75,13.0,13.0,0
SKU147,2026-03-30,actual,13.0,9.25,13.0,13.0,0
SKU147,2026-04-06,actual,10.0,10.75,10.0,10.0,0
SKU147,2026-04-13,actual,7.0,11.25,7.0,7.0,0
SKU147,2026-04-20,actual,8.0,10.75,8.0,8.0,0
SKU147,2026-04-27,actual,8.0,9.5,8.0,8.0,0
SKU147,2026-05-04,actual,17.0,8.25,17.0,17.0,0
SKU147,2026-05-11,actual,12.0,10.0,12.0,12.0,0
SKU147,2026-05-18,actual,11.0,11.25,11.0,11.0,0
SKU147,2026-05-25,actual,9.0,12.0,9.0,9.0,0
SKU147,2026-06-01,actual,7.0,12.25,7.0,7.0,0
SKU147,2026-06-08,actual,14.0,9.75,14.0,14.0,0
SKU147,2026-06-15,actual,14.0,10.25,14.0,14.0,0
SKU148,2024-12-09,actual,5.0,0.0,5.0,5.0,0
SKU148,2024-12-16,actual,19.0,5.0,19.0,19.0,0
SKU148,2024-12-23,actual,22.0,12.0,22.0,22.0,0
SKU148,2024-12-30,actual,10.0,15.333333333333334,10.0,10.0,0
SKU148,2025-01-06,actual,8.0,14.0,8.0,8.0,0
SKU148,2025-01-13,actual,12.0,14.75,12.0,12.0,0
SKU148,2025-01-20,actual,23.0,13.0,23.0,23.0,0
SKU148,2025-01-27,actual,17.0,13.25,17.0,17.0,0
SKU148,2025-02-03,actual,7.0,15.0,7.0,7.0,0
SKU148,2025-02-10,actual,13.0,14.75,13.0,13.0,0
SKU148,2025-02-17,actual,5.0,15.0,5.0,5.0,0
SKU148,2025-02-24,actual,8.0,10.5,8.0,8.0,0
SKU148,2025-03-03,actual,7.0,8.25,7.0,7.0,0
SKU148,2025-03-10,actual,13.0,8.25,13.0,13.0,0
SKU148,2025-03-17,actual,7.0,8.25,7.0,7.0,0
SKU148,2025-03-24,actual,14.0,8.75,14.0,14.0,0
SKU148,2025-03-31,actual,7.0,10.25,7.0,7.0,0
SKU148,2025-04-07,actual,11.0,10.25,11.0,11.0,0
SKU148,2025-04-14,actual,14.0,9.75,14.0,14.0,0
SKU148,2025-04-21,actual,8.0,11.5,8.0,8.0,0
SKU148,2025-04-28,actual,19.0,10.0,19.0,19.0,0
SKU148,2025-05-05,actual,4.0,13.0,4.0,4.0,0
SKU148,2025-05-12,actual,9.0,11.25,9.0,9.0,0
SKU148,2025-05-19,actual,6.0,10.0,6.0,6.0,0
SKU148,2025-05-26,actual,14.0,9.5,14.0,14.0,0
SKU148,2025-06-02,actual,14.0,8.25,14.0,14.0,0
SKU148,2025-06-09,actual,10.0,10.75,10.0,10.0,0
SKU148,2025-06-16,actual,16.0,11.0,16.0,16.0,0
SKU148,2025-06-23,actual,11.0,13.5,11.0,11.0,0
SKU148,2025-06-30,actual,17.0,12.75,17.0,17.0,0
SKU148,2025-07-07,actual,9.0,13.5,9.0,9.0,0
SKU148,2025-07-14,actual,13.0,13.25,13.0,13.0,0
SKU148,2025-07-21,actual,21.0,12.5,21.0,21.0,0
SKU148,2025-07-28,actual,18.0,15.0,18.0,18.0,0
SKU148,2025-08-04,actual,14.0,15.25,14.0,14.0,0
SKU148,2025-08-11,actual,29.0,16.5,29.0,29.0,0
SKU148,2025-08-18,actual,16.0,20.5,16.0,16.0,0
SKU148,2025-08-25,actual,17.0,19.25,17.0,17.0,0
SKU148,2025-09-01,actual,23.0,19.0,23.0,23.0,0
SKU148,2025-09-08,actual,9.0,21.25,9.0,9.0,0
SKU148,2025-09-15,actual,18.0,16.25,18.0,18.0,0
SKU148,2025-09-22,actual,12.0,16.75,12.0,12.0,0
SKU148,2025-09-29,actual,19.0,15.5,19.0,19.0,0
SKU148,2025-10-06,actual,10.0,14.5,10.0,10.0,0
SKU148,2025-10-13,actual,12.0,14.75,12.0,12.0,0
SKU148,2025-10-20,actual,49.0,13.25,49.0,49.0,0
SKU148,2025-10-27,actual,18.0,22.5,18.0,18.0,0
SKU148,2025-11-03,actual,17.0,22.25,17.0,17.0,0
SKU148,2025-11-10,actual,12.0,24.0,12.0,12.0,0
SKU148,2025-11-17,actual,12.0,24.0,12.0,12.0,0
SKU148,2025-11-24,actual,19.0,14.75,19.0,19.0,0
SKU148,2025-12-01,actual,16.0,15.0,16.0,16.0,0
SKU148,2025-12-08,actual,9.0,5.0,9.0,9.0,0
SKU148,2025-12-15,actual,8.0,19.0,8.0,8.0,0
SKU148,2025-12-22,actual,37.0,22.0,37.0,37.0,0
SKU148,2025-12-29,actual,8.0,10.0,8.0,8.0,0
SKU148,2026-01-05,actual,11.0,8.0,11.0,11.0,0
SKU148,2026-01-12,actual,8.0,12.0,8.0,8.0,0
SKU148,2026-01-19,actual,17.0,23.0,17.0,17.0,0
SKU148,2026-01-26,actual,13.0,17.0,13.0,13.0,0
SKU148,2026-02-02,actual,13.0,7.0,13.0,13.0,0
SKU148,2026-02-09,actual,10.0,13.0,10.0,10.0,0
SKU148,2026-02-16,actual,6.0,5.0,6.0,6.0,0
SKU148,2026-02-23,actual,6.0,8.0,6.0,6.0,0
SKU148,2026-03-02,actual,6.0,7.0,6.0,6.0,0
SKU148,2026-03-09,actual,6.0,13.0,6.0,6.0,0
SKU148,2026-03-16,actual,9.0,7.0,9.0,9.0,0
SKU148,2026-03-23,actual,10.0,14.0,10.0,10.0,0
SKU148,2026-03-30,actual,8.0,7.0,8.0,8.0,0
SKU148,2026-04-06,actual,10.0,11.0,10.0,10.0,0
SKU148,2026-04-13,actual,8.0,14.0,8.0,8.0,0
SKU148,2026-04-20,actual,13.0,8.0,13.0,13.0,0
SKU148,2026-04-27,actual,19.0,19.0,19.0,19.0,0
SKU148,2026-05-04,actual,10.0,4.0,10.0,10.0,0
SKU148,2026-05-11,actual,10.0,9.0,10.0,10.0,0
SKU148,2026-05-18,actual,11.0,6.0,11.0,11.0,0
SKU148,2026-05-25,actual,15.0,14.0,15.0,15.0,0
SKU148,2026-06-01,actual,9.0,14.0,9.0,9.0,0
SKU148,2026-06-08,actual,6.0,10.0,6.0,6.0,0
SKU148,2026-06-15,actual,8.0,16.0,8.0,8.0,0
SKU149,2025-08-25,actual,3.0,0.0,3.0,3.0,0
SKU149,2025-09-01,actual,15.0,3.0,15.0,15.0,0
SKU149,2025-09-08,actual,15.0,9.0,15.0,15.0,0
SKU149,2025-09-15,actual,16.0,11.0,16.0,16.0,0
SKU149,2025-09-22,actual,8.0,12.25,8.0,8.0,0
SKU149,2025-09-29,actual,16.0,13.5,16.0,16.0,0
SKU149,2025-10-06,actual,17.0,13.75,17.0,17.0,0
SKU149,2025-10-13,actual,22.0,14.25,22.0,22.0,0
SKU149,2025-10-20,actual,25.0,15.75,25.0,25.0,0
SKU149,2025-10-27,actual,19.0,20.0,19.0,19.0,0
SKU149,2025-11-03,actual,13.0,20.75,13.0,13.0,0
SKU149,2025-11-10,actual,9.0,19.75,9.0,9.0,0
SKU149,2025-11-17,actual,19.0,16.5,19.0,19.0,0
SKU149,2025-11-24,actual,14.0,15.0,14.0,14.0,0
SKU149,2025-12-01,actual,14.0,13.75,14.0,14.0,0
SKU149,2025-12-08,actual,30.0,14.0,30.0,30.0,0
SKU149,2025-12-15,actual,19.0,19.25,19.0,19.0,0
SKU149,2025-12-22,actual,40.0,19.25,40.0,40.0,0
SKU149,2025-12-29,actual,23.0,25.75,23.0,23.0,0
SKU149,2026-01-05,actual,19.0,28.0,19.0,19.0,0
SKU149,2026-01-12,actual,20.0,25.25,20.0,20.0,0
SKU149,2026-01-19,actual,38.0,25.5,38.0,38.0,0
SKU149,2026-01-26,actual,38.0,25.0,38.0,38.0,0
SKU149,2026-02-02,actual,22.0,28.75,22.0,22.0,0
SKU149,2026-02-09,actual,36.0,29.5,36.0,36.0,0
SKU149,2026-02-16,actual,18.0,33.5,18.0,18.0,0
SKU149,2026-02-23,actual,28.0,28.5,28.0,28.0,0
SKU149,2026-03-02,actual,24.0,26.0,24.0,24.0,0
SKU149,2026-03-09,actual,22.0,26.5,22.0,22.0,0
SKU149,2026-03-16,actual,37.0,23.0,37.0,37.0,0
SKU149,2026-03-23,actual,26.0,27.75,26.0,26.0,0
SKU149,2026-03-30,actual,17.0,27.25,17.0,17.0,0
SKU149,2026-04-06,actual,24.0,25.5,24.0,24.0,0
SKU149,2026-04-13,actual,26.0,26.0,26.0,26.0,0
SKU149,2026-04-20,actual,20.0,23.25,20.0,20.0,0
SKU149,2026-04-27,actual,31.0,21.75,31.0,31.0,0
SKU149,2026-05-04,actual,40.0,25.25,40.0,40.0,0
SKU149,2026-05-11,actual,23.0,29.25,23.0,23.0,0
SKU149,2026-05-18,actual,23.0,28.5,23.0,23.0,0
SKU149,2026-05-25,actual,20.0,29.25,20.0,20.0,0
SKU149,2026-06-01,actual,33.0,26.5,33.0,33.0,0
SKU149,2026-06-08,actual,29.0,24.75,29.0,29.0,0
SKU149,2026-06-15,actual,22.0,26.25,22.0,22.0,0
SKU150,2025-11-10,actual,3.0,0.0,3.0,3.0,0
SKU150,2025-11-17,actual,9.0,3.0,9.0,9.0,0
SKU150,2025-11-24,actual,11.0,6.0,11.0,11.0,0
SKU150,2025-12-01,actual,10.0,7.666666666666667,10.0,10.0,0
SKU150,2025-12-08,actual,16.0,8.25,16.0,16.0,0
SKU150,2025-12-15,actual,10.0,11.5,10.0,10.0,0
SKU150,2025-12-22,actual,27.0,11.75,27.0,27.0,0
SKU150,2025-12-29,actual,14.0,15.75,14.0,14.0,0
SKU150,2026-01-05,actual,11.0,16.75,11.0,11.0,0
SKU150,2026-01-12,actual,9.0,15.5,9.0,9.0,0
SKU150,2026-01-19,actual,19.0,15.25,19.0,19.0,0
SKU150,2026-01-26,actual,16.0,13.25,16.0,16.0,0
SKU150,2026-02-02,actual,17.0,13.75,17.0,17.0,0
SKU150,2026-02-09,actual,19.0,15.25,19.0,19.0,0
SKU150,2026-02-16,actual,14.0,17.75,14.0,14.0,0
SKU150,2026-02-23,actual,16.0,16.5,16.0,16.0,0
SKU150,2026-03-02,actual,13.0,16.5,13.0,13.0,0
SKU150,2026-03-09,actual,14.0,15.5,14.0,14.0,0
SKU150,2026-03-16,actual,17.0,14.25,17.0,17.0,0
SKU150,2026-03-23,actual,9.0,15.0,9.0,9.0,0
SKU150,2026-03-30,actual,16.0,13.25,16.0,16.0,0
SKU150,2026-04-06,actual,12.0,14.0,12.0,12.0,0
SKU150,2026-04-13,actual,13.0,13.5,13.0,13.0,0
SKU150,2026-04-20,actual,17.0,12.5,17.0,17.0,0
SKU150,2026-04-27,actual,30.0,14.5,30.0,30.0,0
SKU150,2026-05-04,actual,15.0,18.0,15.0,15.0,0
SKU150,2026-05-11,actual,15.0,18.75,15.0,15.0,0
SKU150,2026-05-18,actual,11.0,19.25,11.0,11.0,0
SKU150,2026-05-25,actual,7.0,17.75,7.0,7.0,0
SKU150,2026-06-01,actual,14.0,12.0,14.0,14.0,0
SKU150,2026-06-08,actual,11.0,11.75,11.0,11.0,0
SKU150,2026-06-15,actual,15.0,10.75,15.0,15.0,0
SKU151,2025-02-24,actual,9.0,0.0,9.0,9.0,0
SKU151,2025-03-03,actual,12.0,9.0,12.0,12.0,0
SKU151,2025-03-10,actual,2.0,10.5,2.0,2.0,0
SKU151,2025-03-17,actual,10.0,7.666666666666667,10.0,10.0,0
SKU151,2025-03-24,actual,17.0,8.25,17.0,17.0,0
SKU151,2025-03-31,actual,11.0,10.25,11.0,11.0,0
SKU151,2025-04-07,actual,13.0,10.0,13.0,13.0,0
SKU151,2025-04-14,actual,15.0,12.75,15.0,15.0,0
SKU151,2025-04-21,actual,16.0,14.0,16.0,16.0,0
SKU151,2025-04-28,actual,20.0,13.75,20.0,20.0,0
SKU151,2025-05-05,actual,22.0,16.0,22.0,22.0,0
SKU151,2025-05-12,actual,10.0,18.25,10.0,10.0,0
SKU151,2025-05-19,actual,12.0,17.0,12.0,12.0,0
SKU151,2025-05-26,actual,12.0,16.0,12.0,12.0,0
SKU151,2025-06-02,actual,18.0,14.0,18.0,18.0,0
SKU151,2025-06-09,actual,15.0,13.0,15.0,15.0,0
SKU151,2025-06-16,actual,9.0,14.25,9.0,9.0,0
SKU151,2025-06-23,actual,24.0,13.5,24.0,24.0,0
SKU151,2025-06-30,actual,16.0,16.5,16.0,16.0,0
SKU151,2025-07-07,actual,14.0,16.0,14.0,14.0,0
SKU151,2025-07-14,actual,11.0,15.75,11.0,11.0,0
SKU151,2025-07-21,actual,10.0,16.25,10.0,10.0,0
SKU151,2025-07-28,actual,14.0,12.75,14.0,14.0,0
SKU151,2025-08-04,actual,16.0,12.25,16.0,16.0,0
SKU151,2025-08-11,actual,12.0,12.75,12.0,12.0,0
SKU151,2025-08-18,actual,21.0,13.0,21.0,21.0,0
SKU151,2025-08-25,actual,12.0,15.75,12.0,12.0,0
SKU151,2025-09-01,actual,7.0,15.25,7.0,7.0,0
SKU151,2025-09-08,actual,15.0,13.0,15.0,15.0,0
SKU151,2025-09-15,actual,8.0,13.75,8.0,8.0,0
SKU151,2025-09-22,actual,12.0,10.5,12.0,12.0,0
SKU151,2025-09-29,actual,10.0,10.5,10.0,10.0,0
SKU151,2025-10-06,actual,5.0,11.25,5.0,5.0,0
SKU151,2025-10-13,actual,6.0,8.75,6.0,6.0,0
SKU151,2025-10-20,actual,16.0,8.25,16.0,16.0,0
SKU151,2025-10-27,actual,8.0,9.25,8.0,8.0,0
SKU151,2025-11-03,actual,15.0,8.75,15.0,15.0,0
SKU151,2025-11-10,actual,14.0,11.25,14.0,14.0,0
SKU151,2025-11-17,actual,12.0,13.25,12.0,12.0,0
SKU151,2025-11-24,actual,8.0,12.25,8.0,8.0,0
SKU151,2025-12-01,actual,10.0,12.25,10.0,10.0,0
SKU151,2025-12-08,actual,4.0,11.0,4.0,4.0,0
SKU151,2025-12-15,actual,8.0,8.5,8.0,8.0,0
SKU151,2025-12-22,actual,10.0,7.5,10.0,10.0,0
SKU151,2025-12-29,actual,4.0,8.0,4.0,4.0,0
SKU151,2026-01-05,actual,10.0,6.5,10.0,10.0,0
SKU151,2026-01-12,actual,11.0,8.0,11.0,11.0,0
SKU151,2026-01-19,actual,7.0,8.75,7.0,7.0,0
SKU151,2026-01-26,actual,18.0,8.0,18.0,18.0,0
SKU151,2026-02-02,actual,12.0,11.5,12.0,12.0,0
SKU151,2026-02-09,actual,9.0,12.0,9.0,9.0,0
SKU151,2026-02-16,actual,14.0,11.5,14.0,14.0,0
SKU151,2026-02-23,actual,12.0,9.0,12.0,12.0,0
SKU151,2026-03-02,actual,13.0,12.0,13.0,13.0,0
SKU151,2026-03-09,actual,14.0,2.0,14.0,14.0,0
SKU151,2026-03-16,actual,15.0,10.0,15.0,15.0,0
SKU151,2026-03-23,actual,7.0,17.0,7.0,7.0,0
SKU151,2026-03-30,actual,20.0,11.0,20.0,20.0,0
SKU151,2026-04-06,actual,15.0,13.0,15.0,15.0,0
SKU151,2026-04-13,actual,20.0,15.0,20.0,20.0,0
SKU151,2026-04-20,actual,15.0,16.0,15.0,15.0,0
SKU151,2026-04-27,actual,26.0,20.0,26.0,26.0,0
SKU151,2026-05-04,actual,18.0,22.0,18.0,18.0,0
SKU151,2026-05-11,actual,10.0,10.0,10.0,10.0,0
SKU151,2026-05-18,actual,16.0,12.0,16.0,16.0,0
SKU151,2026-05-25,actual,15.0,12.0,15.0,15.0,0
SKU151,2026-06-01,actual,16.0,18.0,16.0,16.0,0
SKU151,2026-06-08,actual,14.0,15.0,14.0,14.0,0
SKU151,2026-06-15,actual,14.0,9.0,14.0,14.0,0
SKU152,2024-05-27,actual,9.0,0.0,9.0,9.0,0
SKU152,2024-06-03,actual,13.0,9.0,13.0,13.0,0
SKU152,2024-06-10,actual,16.0,11.0,16.0,16.0,0
SKU152,2024-06-17,actual,18.0,12.666666666666666,18.0,18.0,0
SKU152,2024-06-24,actual,14.0,14.0,14.0,14.0,0
SKU152,2024-07-01,actual,14.0,15.25,14.0,14.0,0
SKU152,2024-07-08,actual,14.0,15.5,14.0,14.0,0
SKU152,2024-07-15,actual,15.0,15.0,15.0,15.0,0
SKU152,2024-07-22,actual,13.0,14.25,13.0,13.0,0
SKU152,2024-07-29,actual,19.0,14.0,19.0,19.0,0
SKU152,2024-08-05,actual,16.0,15.25,16.0,16.0,0
SKU152,2024-08-12,actual,24.0,15.75,24.0,24.0,0
SKU152,2024-08-19,actual,12.0,18.0,12.0,12.0,0
SKU152,2024-08-26,actual,14.0,17.75,14.0,14.0,0
SKU152,2024-09-02,actual,11.0,16.5,11.0,11.0,0
SKU152,2024-09-09,actual,10.0,15.25,10.0,10.0,0
SKU152,2024-09-16,actual,12.0,11.75,12.0,12.0,0
SKU152,2024-09-23,actual,12.0,11.75,12.0,12.0,0
SKU152,2024-09-30,actual,14.0,11.25,14.0,14.0,0
SKU152,2024-10-07,actual,15.0,12.0,15.0,15.0,0
SKU152,2024-10-14,actual,11.0,13.25,11.0,11.0,0
SKU152,2024-10-21,actual,20.0,13.0,20.0,20.0,0
SKU152,2024-10-28,actual,5.0,15.0,5.0,5.0,0
SKU152,2024-11-04,actual,8.0,12.75,8.0,8.0,0
SKU152,2024-11-11,actual,9.0,11.0,9.0,9.0,0
SKU152,2024-11-18,actual,12.0,10.5,12.0,12.0,0
SKU152,2024-11-25,actual,8.0,8.5,8.0,8.0,0
SKU152,2024-12-02,actual,16.0,9.25,16.0,16.0,0
SKU152,2024-12-09,actual,11.0,11.25,11.0,11.0,0
SKU152,2024-12-16,actual,17.0,11.75,17.0,17.0,0
SKU152,2024-12-23,actual,29.0,13.0,29.0,29.0,0
SKU152,2024-12-30,actual,18.0,18.25,18.0,18.0,0
SKU152,2025-01-06,actual,15.0,18.75,15.0,15.0,0
SKU152,2025-01-13,actual,16.0,19.75,16.0,16.0,0
SKU152,2025-01-20,actual,37.0,19.5,37.0,37.0,0
SKU152,2025-01-27,actual,22.0,21.5,22.0,22.0,0
SKU152,2025-02-03,actual,19.0,22.5,19.0,19.0,0
SKU152,2025-02-10,actual,16.0,23.5,16.0,16.0,0
SKU152,2025-02-17,actual,27.0,23.5,27.0,27.0,0
SKU152,2025-02-24,actual,10.0,21.0,10.0,10.0,0
SKU152,2025-03-03,actual,21.0,18.0,21.0,21.0,0
SKU152,2025-03-10,actual,18.0,18.5,18.0,18.0,0
SKU152,2025-03-17,actual,18.0,19.0,18.0,18.0,0
SKU152,2025-03-24,actual,21.0,16.75,21.0,21.0,0
SKU152,2025-03-31,actual,13.0,19.5,13.0,13.0,0
SKU152,2025-04-07,actual,24.0,17.5,24.0,24.0,0
SKU152,2025-04-14,actual,24.0,19.0,24.0,24.0,0
SKU152,2025-04-21,actual,17.0,20.5,17.0,17.0,0
SKU152,2025-04-28,actual,27.0,19.5,27.0,27.0,0
SKU152,2025-05-05,actual,21.0,23.0,21.0,21.0,0
SKU152,2025-05-12,actual,16.0,22.25,16.0,16.0,0
SKU152,2025-05-19,actual,16.0,20.25,16.0,16.0,0
SKU152,2025-05-26,actual,24.0,9.0,24.0,24.0,0
SKU152,2025-06-02,actual,15.0,13.0,15.0,15.0,0
SKU152,2025-06-09,actual,19.0,16.0,19.0,19.0,0
SKU152,2025-06-16,actual,17.0,18.0,17.0,17.0,0
SKU152,2025-06-23,actual,15.0,14.0,15.0,15.0,0
SKU152,2025-06-30,actual,13.0,14.0,13.0,13.0,0
SKU152,2025-07-07,actual,17.0,14.0,17.0,17.0,0
SKU152,2025-07-14,actual,22.0,15.0,22.0,22.0,0
SKU152,2025-07-21,actual,13.0,13.0,13.0,13.0,0
SKU152,2025-07-28,actual,14.0,19.0,14.0,14.0,0
SKU152,2025-08-04,actual,10.0,16.0,10.0,10.0,0
SKU152,2025-08-11,actual,21.0,24.0,21.0,21.0,0
SKU152,2025-08-18,actual,13.0,12.0,13.0,13.0,0
SKU152,2025-08-25,actual,15.0,14.0,15.0,15.0,0
SKU152,2025-09-01,actual,18.0,11.0,18.0,18.0,0
SKU152,2025-09-08,actual,12.0,10.0,12.0,12.0,0
SKU152,2025-09-15,actual,16.0,12.0,16.0,16.0,0
SKU152,2025-09-22,actual,8.0,12.0,8.0,8.0,0
SKU152,2025-09-29,actual,7.0,14.0,7.0,7.0,0
SKU152,2025-10-06,actual,8.0,15.0,8.0,8.0,0
SKU152,2025-10-13,actual,6.0,11.0,6.0,6.0,0
SKU152,2025-10-20,actual,26.0,20.0,26.0,26.0,0
SKU152,2025-10-27,actual,11.0,5.0,11.0,11.0,0
SKU152,2025-11-03,actual,9.0,8.0,9.0,9.0,0
SKU152,2025-11-10,actual,7.0,9.0,7.0,7.0,0
SKU152,2025-11-17,actual,11.0,12.0,11.0,11.0,0
SKU152,2025-11-24,actual,9.0,8.0,9.0,9.0,0
SKU152,2025-12-01,actual,9.0,16.0,9.0,9.0,0
SKU152,2025-12-08,actual,14.0,11.0,14.0,14.0,0
SKU152,2025-12-15,actual,17.0,17.0,17.0,17.0,0
SKU152,2025-12-22,actual,37.0,29.0,37.0,37.0,0
SKU152,2025-12-29,actual,17.0,18.0,17.0,17.0,0
SKU152,2026-01-05,actual,14.0,15.0,14.0,14.0,0
SKU152,2026-01-12,actual,12.0,16.0,12.0,12.0,0
SKU152,2026-01-19,actual,32.0,37.0,32.0,32.0,0
SKU152,2026-01-26,actual,23.0,22.0,23.0,23.0,0
SKU152,2026-02-02,actual,19.0,19.0,19.0,19.0,0
SKU152,2026-02-09,actual,14.0,16.0,14.0,14.0,0
SKU152,2026-02-16,actual,13.0,27.0,13.0,13.0,0
SKU152,2026-02-23,actual,18.0,10.0,18.0,18.0,0
SKU152,2026-03-02,actual,19.0,21.0,19.0,19.0,0
SKU152,2026-03-09,actual,15.0,18.0,15.0,15.0,0
SKU152,2026-03-16,actual,23.0,18.0,23.0,23.0,0
SKU152,2026-03-23,actual,16.0,21.0,16.0,16.0,0
SKU152,2026-03-30,actual,11.0,13.0,11.0,11.0,0
SKU152,2026-04-06,actual,23.0,24.0,23.0,23.0,0
SKU152,2026-04-13,actual,20.0,24.0,20.0,20.0,0
SKU152,2026-04-20,actual,17.0,17.0,17.0,17.0,0
SKU152,2026-04-27,actual,25.0,27.0,25.0,25.0,0
SKU152,2026-05-04,actual,16.0,21.0,16.0,16.0,0
SKU152,2026-05-11,actual,19.0,16.0,19.0,19.0,0
SKU152,2026-05-18,actual,22.0,16.0,22.0,22.0,0
SKU152,2026-05-25,actual,21.0,24.0,21.0,21.0,0
SKU152,2026-06-01,actual,20.0,15.0,20.0,20.0,0
SKU152,2026-06-08,actual,16.0,19.0,16.0,16.0,0
SKU152,2026-06-15,actual,25.0,17.0,25.0,25.0,0
SKU153,2024-05-27,actual,3.0,0.0,3.0,3.0,0
SKU153,2024-06-03,actual,18.0,3.0,18.0,18.0,0
SKU153,2024-06-10,actual,12.0,10.5,12.0,12.0,0
SKU153,2024-06-17,actual,11.0,11.0,11.0,11.0,0
SKU153,2024-06-24,actual,14.0,11.0,14.0,14.0,0
SKU153,2024-07-01,actual,25.0,13.75,25.0,25.0,0
SKU153,2024-07-08,actual,16.0,15.5,16.0,16.0,0
SKU153,2024-07-15,actual,17.0,16.5,17.0,17.0,0
SKU153,2024-07-22,actual,25.0,18.0,25.0,25.0,0
SKU153,2024-07-29,actual,13.0,20.75,13.0,13.0,0
SKU153,2024-08-05,actual,19.0,17.75,19.0,19.0,0
SKU153,2024-08-12,actual,29.0,18.5,29.0,29.0,0
SKU153,2024-08-19,actual,18.0,21.5,18.0,18.0,0
SKU153,2024-08-26,actual,24.0,19.75,24.0,24.0,0
SKU153,2024-09-02,actual,21.0,22.5,21.0,21.0,0
SKU153,2024-09-09,actual,22.0,23.0,22.0,22.0,0
SKU153,2024-09-16,actual,23.0,21.25,23.0,23.0,0
SKU153,2024-09-23,actual,16.0,22.5,16.0,16.0,0
SKU153,2024-09-30,actual,17.0,20.5,17.0,17.0,0
SKU153,2024-10-07,actual,20.0,19.5,20.0,20.0,0
SKU153,2024-10-14,actual,27.0,19.0,27.0,27.0,0
SKU153,2024-10-21,actual,34.0,20.0,34.0,34.0,0
SKU153,2024-10-28,actual,21.0,24.5,21.0,21.0,0
SKU153,2024-11-04,actual,25.0,25.5,25.0,25.0,0
SKU153,2024-11-11,actual,34.0,26.75,34.0,34.0,0
SKU153,2024-11-18,actual,25.0,28.5,25.0,25.0,0
SKU153,2024-11-25,actual,30.0,26.25,30.0,30.0,0
SKU153,2024-12-02,actual,26.0,28.5,26.0,26.0,0
SKU153,2024-12-09,actual,19.0,28.75,19.0,19.0,0
SKU153,2024-12-16,actual,26.0,25.0,26.0,26.0,0
SKU153,2024-12-23,actual,41.0,25.25,41.0,41.0,0
SKU153,2024-12-30,actual,38.0,28.0,38.0,38.0,0
SKU153,2025-01-06,actual,29.0,31.0,29.0,29.0,0
SKU153,2025-01-13,actual,32.0,33.5,32.0,32.0,0
SKU153,2025-01-20,actual,43.0,35.0,43.0,43.0,0
SKU153,2025-01-27,actual,33.0,35.5,33.0,33.0,0
SKU153,2025-02-03,actual,24.0,34.25,24.0,24.0,0
SKU153,2025-02-10,actual,28.0,33.0,28.0,28.0,0
SKU153,2025-02-17,actual,17.0,32.0,17.0,17.0,0
SKU153,2025-02-24,actual,27.0,25.5,27.0,27.0,0
SKU153,2025-03-03,actual,27.0,24.0,27.0,27.0,0
SKU153,2025-03-10,actual,20.0,24.75,20.0,20.0,0
SKU153,2025-03-17,actual,29.0,22.75,29.0,29.0,0
SKU153,2025-03-24,actual,17.0,25.75,17.0,17.0,0
SKU153,2025-03-31,actual,23.0,23.25,23.0,23.0,0
SKU153,2025-04-07,actual,15.0,22.25,15.0,15.0,0
SKU153,2025-04-14,actual,22.0,21.0,22.0,22.0,0
SKU153,2025-04-21,actual,20.0,19.25,20.0,20.0,0
SKU153,2025-04-28,actual,26.0,20.0,26.0,26.0,0
SKU153,2025-05-05,actual,18.0,20.75,18.0,18.0,0
SKU153,2025-05-12,actual,22.0,21.5,22.0,22.0,0
SKU153,2025-05-19,actual,14.0,21.5,14.0,14.0,0
SKU153,2025-05-26,actual,21.0,3.0,21.0,21.0,0
SKU153,2025-06-02,actual,16.0,18.0,16.0,16.0,0
SKU153,2025-06-09,actual,17.0,12.0,17.0,17.0,0
SKU153,2025-06-16,actual,16.0,11.0,16.0,16.0,0
SKU153,2025-06-23,actual,15.0,14.0,15.0,15.0,0
SKU153,2025-06-30,actual,12.0,25.0,12.0,12.0,0
SKU153,2025-07-07,actual,14.0,16.0,14.0,14.0,0
SKU153,2025-07-14,actual,13.0,17.0,13.0,13.0,0
SKU153,2025-07-21,actual,10.0,25.0,10.0,10.0,0
SKU153,2025-07-28,actual,10.0,13.0,10.0,10.0,0
SKU153,2025-08-04,actual,9.0,19.0,9.0,9.0,0
SKU153,2025-08-11,actual,25.0,29.0,25.0,25.0,0
SKU153,2025-08-18,actual,13.0,18.0,13.0,13.0,0
SKU153,2025-08-25,actual,15.0,24.0,15.0,15.0,0
SKU153,2025-09-01,actual,24.0,21.0,24.0,24.0,0
SKU153,2025-09-08,actual,12.0,22.0,12.0,12.0,0
SKU153,2025-09-15,actual,19.0,23.0,19.0,19.0,0
SKU153,2025-09-22,actual,22.0,16.0,22.0,22.0,0
SKU153,2025-09-29,actual,27.0,17.0,27.0,27.0,0
SKU153,2025-10-06,actual,21.0,20.0,21.0,21.0,0
SKU153,2025-10-13,actual,17.0,27.0,17.0,17.0,0
SKU153,2025-10-20,actual,40.0,34.0,40.0,40.0,0
SKU153,2025-10-27,actual,24.0,21.0,24.0,24.0,0
SKU153,2025-11-03,actual,28.0,25.0,28.0,28.0,0
SKU153,2025-11-10,actual,23.0,34.0,23.0,23.0,0
SKU153,2025-11-17,actual,34.0,25.0,34.0,34.0,0
SKU153,2025-11-24,actual,27.0,30.0,27.0,27.0,0
SKU153,2025-12-01,actual,27.0,26.0,27.0,27.0,0
SKU153,2025-12-08,actual,33.0,19.0,33.0,33.0,0
SKU153,2025-12-15,actual,21.0,26.0,21.0,21.0,0
SKU153,2025-12-22,actual,49.0,41.0,49.0,49.0,0
SKU153,2025-12-29,actual,35.0,38.0,35.0,35.0,0
SKU153,2026-01-05,actual,24.0,29.0,24.0,24.0,0
SKU153,2026-01-12,actual,24.0,32.0,24.0,24.0,0
SKU153,2026-01-19,actual,37.0,43.0,37.0,37.0,0
SKU153,2026-01-26,actual,41.0,33.0,41.0,41.0,0
SKU153,2026-02-02,actual,23.0,24.0,23.0,23.0,0
SKU153,2026-02-09,actual,17.0,28.0,17.0,17.0,0
SKU153,2026-02-16,actual,24.0,17.0,24.0,24.0,0
SKU153,2026-02-23,actual,21.0,27.0,21.0,21.0,0
SKU153,2026-03-02,actual,22.0,27.0,22.0,22.0,0
SKU153,2026-03-09,actual,23.0,20.0,23.0,23.0,0
SKU153,2026-03-16,actual,19.0,29.0,19.0,19.0,0
SKU153,2026-03-23,actual,13.0,17.0,13.0,13.0,0
SKU153,2026-03-30,actual,15.0,23.0,15.0,15.0,0
SKU153,2026-04-06,actual,18.0,15.0,18.0,18.0,0
SKU153,2026-04-13,actual,19.0,22.0,19.0,19.0,0
SKU153,2026-04-20,actual,15.0,20.0,15.0,15.0,0
SKU153,2026-04-27,actual,34.0,26.0,34.0,34.0,0
SKU153,2026-05-04,actual,22.0,18.0,22.0,22.0,0
SKU153,2026-05-11,actual,22.0,22.0,22.0,22.0,0
SKU153,2026-05-18,actual,24.0,14.0,24.0,24.0,0
SKU153,2026-05-25,actual,12.0,21.0,12.0,12.0,0
SKU153,2026-06-01,actual,12.0,16.0,12.0,12.0,0
SKU153,2026-06-08,actual,18.0,17.0,18.0,18.0,0
SKU153,2026-06-15,actual,17.0,16.0,17.0,17.0,0
SKU154,2025-05-12,actual,9.0,0.0,9.0,9.0,0
SKU154,2025-05-19,actual,21.0,9.0,21.0,21.0,0
SKU154,2025-05-26,actual,19.0,15.0,19.0,19.0,0
SKU154,2025-06-02,actual,19.0,16.333333333333332,19.0,19.0,0
SKU154,2025-06-09,actual,25.0,17.0,25.0,25.0,0
SKU154,2025-06-16,actual,23.0,21.0,23.0,23.0,0
SKU154,2025-06-23,actual,15.0,21.5,15.0,15.0,0
SKU154,2025-06-30,actual,20.0,20.5,20.0,20.0,0
SKU154,2025-07-07,actual,29.0,20.75,29.0,29.0,0
SKU154,2025-07-14,actual,21.0,21.75,21.0,21.0,0
SKU154,2025-07-21,actual,22.0,21.25,22.0,22.0,0
SKU154,2025-07-28,actual,26.0,23.0,26.0,26.0,0
SKU154,2025-08-04,actual,27.0,24.5,27.0,27.0,0
SKU154,2025-08-11,actual,47.0,24.0,47.0,47.0,0
SKU154,2025-08-18,actual,27.0,30.5,27.0,27.0,0
SKU154,2025-08-25,actual,21.0,31.75,21.0,21.0,0
SKU154,2025-09-01,actual,19.0,30.5,19.0,19.0,0
SKU154,2025-09-08,actual,23.0,28.5,23.0,23.0,0
SKU154,2025-09-15,actual,25.0,22.5,25.0,25.0,0
SKU154,2025-09-22,actual,25.0,22.0,25.0,25.0,0
SKU154,2025-09-29,actual,32.0,23.0,32.0,32.0,0
SKU154,2025-10-06,actual,22.0,26.25,22.0,22.0,0
SKU154,2025-10-13,actual,29.0,26.0,29.0,29.0,0
SKU154,2025-10-20,actual,80.0,27.0,80.0,80.0,0
SKU154,2025-10-27,actual,32.0,40.75,32.0,32.0,0
SKU154,2025-11-03,actual,37.0,40.75,37.0,37.0,0
SKU154,2025-11-10,actual,33.0,44.5,33.0,33.0,0
SKU154,2025-11-17,actual,30.0,45.5,30.0,30.0,0
SKU154,2025-11-24,actual,30.0,33.0,30.0,30.0,0
SKU154,2025-12-01,actual,26.0,32.5,26.0,26.0,0
SKU154,2025-12-08,actual,31.0,29.75,31.0,31.0,0
SKU154,2025-12-15,actual,42.0,29.25,42.0,42.0,0
SKU154,2025-12-22,actual,54.0,32.25,54.0,54.0,0
SKU154,2025-12-29,actual,27.0,38.25,27.0,27.0,0
SKU154,2026-01-05,actual,20.0,38.5,20.0,20.0,0
SKU154,2026-01-12,actual,35.0,35.75,35.0,35.0,0
SKU154,2026-01-19,actual,24.0,34.0,24.0,24.0,0
SKU154,2026-01-26,actual,41.0,26.5,41.0,41.0,0
SKU154,2026-02-02,actual,20.0,30.0,20.0,20.0,0
SKU154,2026-02-09,actual,28.0,30.0,28.0,28.0,0
SKU154,2026-02-16,actual,14.0,28.25,14.0,14.0,0
SKU154,2026-02-23,actual,17.0,25.75,17.0,17.0,0
SKU154,2026-03-02,actual,17.0,19.75,17.0,17.0,0
SKU154,2026-03-09,actual,14.0,19.0,14.0,14.0,0
SKU154,2026-03-16,actual,17.0,15.5,17.0,17.0,0
SKU154,2026-03-23,actual,22.0,16.25,22.0,22.0,0
SKU154,2026-03-30,actual,15.0,17.5,15.0,15.0,0
SKU154,2026-04-06,actual,22.0,17.0,22.0,22.0,0
SKU154,2026-04-13,actual,22.0,19.0,22.0,22.0,0
SKU154,2026-04-20,actual,20.0,20.25,20.0,20.0,0
SKU154,2026-04-27,actual,31.0,19.75,31.0,31.0,0
SKU154,2026-05-04,actual,19.0,23.75,19.0,19.0,0
SKU154,2026-05-11,actual,16.0,9.0,16.0,16.0,0
SKU154,2026-05-18,actual,11.0,21.0,11.0,11.0,0
SKU154,2026-05-25,actual,13.0,19.0,13.0,13.0,0
SKU154,2026-06-01,actual,17.0,19.0,17.0,17.0,0
SKU154,2026-06-08,actual,19.0,25.0,19.0,19.0,0
SKU154,2026-06-15,actual,21.0,23.0,21.0,21.0,0
SKU155,2024-05-27,actual,11.0,0.0,11.0,11.0,0
SKU155,2024-06-03,actual,16.0,11.0,16.0,16.0,0
SKU155,2024-06-10,actual,30.0,13.5,30.0,30.0,0
SKU155,2024-06-17,actual,24.0,19.0,24.0,24.0,0
SKU155,2024-06-24,actual,23.0,20.25,23.0,23.0,0
SKU155,2024-07-01,actual,19.0,23.25,19.0,19.0,0
SKU155,2024-07-08,actual,25.0,24.0,25.0,25.0,0
SKU155,2024-07-15,actual,22.0,22.75,22.0,22.0,0
SKU155,2024-07-22,actual,22.0,22.25,22.0,22.0,0
SKU155,2024-07-29,actual,22.0,22.0,22.0,22.0,0
SKU155,2024-08-05,actual,28.0,22.75,28.0,28.0,0
SKU155,2024-08-12,actual,47.0,23.5,47.0,47.0,0
SKU155,2024-08-19,actual,21.0,29.75,21.0,21.0,0
SKU155,2024-08-26,actual,22.0,29.5,22.0,22.0,0
SKU155,2024-09-02,actual,19.0,29.5,19.0,19.0,0
SKU155,2024-09-09,actual,21.0,27.25,21.0,21.0,0
SKU155,2024-09-16,actual,21.0,20.75,21.0,21.0,0
SKU155,2024-09-23,actual,24.0,20.75,24.0,24.0,0
SKU155,2024-09-30,actual,31.0,21.25,31.0,31.0,0
SKU155,2024-10-07,actual,32.0,24.25,32.0,32.0,0
SKU155,2024-10-14,actual,36.0,27.0,36.0,36.0,0
SKU155,2024-10-21,actual,64.0,30.75,64.0,64.0,0
SKU155,2024-10-28,actual,37.0,40.75,37.0,37.0,0
SKU155,2024-11-04,actual,39.0,42.25,39.0,39.0,0
SKU155,2024-11-11,actual,38.0,44.0,38.0,38.0,0
SKU155,2024-11-18,actual,27.0,44.5,27.0,27.0,0
SKU155,2024-11-25,actual,33.0,35.25,33.0,33.0,0
SKU155,2024-12-02,actual,36.0,34.25,36.0,36.0,0
SKU155,2024-12-09,actual,37.0,33.5,37.0,37.0,0
SKU155,2024-12-16,actual,55.0,33.25,55.0,55.0,0
SKU155,2024-12-23,actual,82.0,40.25,82.0,82.0,0
SKU155,2024-12-30,actual,43.0,52.5,43.0,43.0,0
SKU155,2025-01-06,actual,40.0,54.25,40.0,40.0,0
SKU155,2025-01-13,actual,39.0,55.0,39.0,39.0,0
SKU155,2025-01-20,actual,70.0,51.0,70.0,70.0,0
SKU155,2025-01-27,actual,50.0,48.0,50.0,50.0,0
SKU155,2025-02-03,actual,23.0,49.75,23.0,23.0,0
SKU155,2025-02-10,actual,31.0,45.5,31.0,31.0,0
SKU155,2025-02-17,actual,26.0,43.5,26.0,26.0,0
SKU155,2025-02-24,actual,43.0,32.5,43.0,43.0,0
SKU155,2025-03-03,actual,32.0,30.75,32.0,32.0,0
SKU155,2025-03-10,actual,24.0,33.0,24.0,24.0,0
SKU155,2025-03-17,actual,40.0,31.25,40.0,40.0,0
SKU155,2025-03-24,actual,28.0,34.75,28.0,28.0,0
SKU155,2025-03-31,actual,47.0,31.0,47.0,47.0,0
SKU155,2025-04-07,actual,27.0,34.75,27.0,27.0,0
SKU155,2025-04-14,actual,22.0,35.5,22.0,22.0,0
SKU155,2025-04-21,actual,35.0,31.0,35.0,35.0,0
SKU155,2025-04-28,actual,48.0,32.75,48.0,48.0,0
SKU155,2025-05-05,actual,35.0,33.0,35.0,35.0,0
SKU155,2025-05-12,actual,32.0,35.0,32.0,32.0,0
SKU155,2025-05-19,actual,25.0,37.5,25.0,25.0,0
SKU155,2025-05-26,actual,16.0,11.0,16.0,16.0,0
SKU155,2025-06-02,actual,30.0,16.0,30.0,30.0,0
SKU155,2025-06-09,actual,25.0,30.0,25.0,25.0,0
SKU155,2025-06-16,actual,28.0,24.0,28.0,28.0,0
SKU155,2025-06-23,actual,19.0,23.0,19.0,19.0,0
SKU155,2025-06-30,actual,24.0,19.0,24.0,24.0,0
SKU155,2025-07-07,actual,23.0,25.0,23.0,23.0,0
SKU155,2025-07-14,actual,28.0,22.0,28.0,28.0,0
SKU155,2025-07-21,actual,14.0,22.0,14.0,14.0,0
SKU155,2025-07-28,actual,13.0,22.0,13.0,13.0,0
SKU155,2025-08-04,actual,19.0,28.0,19.0,19.0,0
SKU155,2025-08-11,actual,41.0,47.0,41.0,41.0,0
SKU155,2025-08-18,actual,19.0,21.0,19.0,19.0,0
SKU155,2025-08-25,actual,26.0,22.0,26.0,26.0,0
SKU155,2025-09-01,actual,23.0,19.0,23.0,23.0,0
SKU155,2025-09-08,actual,15.0,21.0,15.0,15.0,0
SKU155,2025-09-15,actual,39.0,21.0,39.0,39.0,0
SKU155,2025-09-22,actual,22.0,24.0,22.0,22.0,0
SKU155,2025-09-29,actual,31.0,31.0,31.0,31.0,0
SKU155,2025-10-06,actual,21.0,32.0,21.0,21.0,0
SKU155,2025-10-13,actual,31.0,36.0,31.0,31.0,0
SKU155,2025-10-20,actual,70.0,64.0,70.0,70.0,0
SKU155,2025-10-27,actual,26.0,37.0,26.0,26.0,0
SKU155,2025-11-03,actual,41.0,39.0,41.0,41.0,0
SKU155,2025-11-10,actual,39.0,38.0,39.0,39.0,0
SKU155,2025-11-17,actual,41.0,27.0,41.0,41.0,0
SKU155,2025-11-24,actual,38.0,33.0,38.0,38.0,0
SKU155,2025-12-01,actual,33.0,36.0,33.0,33.0,0
SKU155,2025-12-08,actual,41.0,37.0,41.0,41.0,0
SKU155,2025-12-15,actual,50.0,55.0,50.0,50.0,0
SKU155,2025-12-22,actual,73.0,82.0,73.0,73.0,0
SKU155,2025-12-29,actual,39.0,43.0,39.0,39.0,0
SKU155,2026-01-05,actual,43.0,40.0,43.0,43.0,0
SKU155,2026-01-12,actual,34.0,39.0,34.0,34.0,0
SKU155,2026-01-19,actual,59.0,70.0,59.0,59.0,0
SKU155,2026-01-26,actual,72.0,50.0,72.0,72.0,0
SKU155,2026-02-02,actual,40.0,23.0,40.0,40.0,0
SKU155,2026-02-09,actual,43.0,31.0,43.0,43.0,0
SKU155,2026-02-16,actual,41.0,26.0,41.0,41.0,0
SKU155,2026-02-23,actual,35.0,43.0,35.0,35.0,0
SKU155,2026-03-02,actual,36.0,32.0,36.0,36.0,0
SKU155,2026-03-09,actual,40.0,24.0,40.0,40.0,0
SKU155,2026-03-16,actual,43.0,40.0,43.0,43.0,0
SKU155,2026-03-23,actual,31.0,28.0,31.0,31.0,0
SKU155,2026-03-30,actual,32.0,47.0,32.0,32.0,0
SKU155,2026-04-06,actual,28.0,27.0,28.0,28.0,0
SKU155,2026-04-13,actual,22.0,22.0,22.0,22.0,0
SKU155,2026-04-20,actual,37.0,35.0,37.0,37.0,0
SKU155,2026-04-27,actual,55.0,48.0,55.0,55.0,0
SKU155,2026-05-04,actual,29.0,35.0,29.0,29.0,0
SKU155,2026-05-11,actual,25.0,32.0,25.0,25.0,0
SKU155,2026-05-18,actual,24.0,25.0,24.0,24.0,0
SKU155,2026-05-25,actual,24.0,16.0,24.0,24.0,0
SKU155,2026-06-01,actual,25.0,30.0,25.0,25.0,0
SKU155,2026-06-08,actual,35.0,25.0,35.0,35.0,0
SKU155,2026-06-15,actual,22.0,28.0,22.0,22.0,0
SKU156,2026-01-12,actual,31.0,0.0,31.0,31.0,0
SKU156,2026-01-19,actual,46.0,31.0,46.0,46.0,0
SKU156,2026-01-26,actual,79.0,38.5,79.0,79.0,0
SKU156,2026-02-02,actual,41.0,52.0,41.0,41.0,0
SKU156,2026-02-09,actual,36.0,49.25,36.0,36.0,0
SKU156,2026-02-16,actual,32.0,50.5,32.0,32.0,0
SKU156,2026-02-23,actual,33.0,47.0,33.0,33.0,0
SKU156,2026-03-02,actual,34.0,35.5,34.0,34.0,0
SKU156,2026-03-09,actual,44.0,33.75,44.0,44.0,0
SKU156,2026-03-16,actual,33.0,35.75,33.0,33.0,0
SKU156,2026-03-23,actual,40.0,36.0,40.0,40.0,0
SKU156,2026-03-30,actual,32.0,37.75,32.0,32.0,0
SKU156,2026-04-06,actual,19.0,37.25,19.0,19.0,0
SKU156,2026-04-13,actual,34.0,31.0,34.0,34.0,0
SKU156,2026-04-20,actual,24.0,31.25,24.0,24.0,0
SKU156,2026-04-27,actual,49.0,27.25,49.0,49.0,0
SKU156,2026-05-04,actual,30.0,31.5,30.0,30.0,0
SKU156,2026-05-11,actual,20.0,34.25,20.0,20.0,0
SKU156,2026-05-18,actual,21.0,30.75,21.0,21.0,0
SKU156,2026-05-25,actual,30.0,30.0,30.0,30.0,0
SKU156,2026-06-01,actual,32.0,25.25,32.0,32.0,0
SKU156,2026-06-08,actual,22.0,25.75,22.0,22.0,0
SKU156,2026-06-15,actual,11.0,26.25,11.0,11.0,0
SKU157,2025-02-17,actual,9.0,0.0,9.0,9.0,0
SKU157,2025-02-24,actual,14.0,9.0,14.0,14.0,0
SKU157,2025-03-03,actual,8.0,11.5,8.0,8.0,0
SKU157,2025-03-10,actual,15.0,10.333333333333334,15.0,15.0,0
SKU157,2025-03-17,actual,17.0,11.5,17.0,17.0,0
SKU157,2025-03-24,actual,10.0,13.5,10.0,10.0,0
SKU157,2025-03-31,actual,10.0,12.5,10.0,10.0,0
SKU157,2025-04-07,actual,15.0,13.0,15.0,15.0,0
SKU157,2025-04-14,actual,13.0,13.0,13.0,13.0,0
SKU157,2025-04-21,actual,10.0,12.0,10.0,10.0,0
SKU157,2025-04-28,actual,32.0,12.0,32.0,32.0,0
SKU157,2025-05-05,actual,16.0,17.5,16.0,16.0,0
SKU157,2025-05-12,actual,15.0,17.75,15.0,15.0,0
SKU157,2025-05-19,actual,12.0,18.25,12.0,12.0,0
SKU157,2025-05-26,actual,12.0,18.75,12.0,12.0,0
SKU157,2025-06-02,actual,10.0,13.75,10.0,10.0,0
SKU157,2025-06-09,actual,19.0,12.25,19.0,19.0,0
SKU157,2025-06-16,actual,18.0,13.25,18.0,18.0,0
SKU157,2025-06-23,actual,16.0,14.75,16.0,16.0,0
SKU157,2025-06-30,actual,14.0,15.75,14.0,14.0,0
SKU157,2025-07-07,actual,14.0,16.75,14.0,14.0,0
SKU157,2025-07-14,actual,16.0,15.5,16.0,16.0,0
SKU157,2025-07-21,actual,12.0,15.0,12.0,12.0,0
SKU157,2025-07-28,actual,14.0,14.0,14.0,14.0,0
SKU157,2025-08-04,actual,10.0,14.0,10.0,10.0,0
SKU157,2025-08-11,actual,13.0,13.0,13.0,13.0,0
SKU157,2025-08-18,actual,9.0,12.25,9.0,9.0,0
SKU157,2025-08-25,actual,7.0,11.5,7.0,7.0,0
SKU157,2025-09-01,actual,13.0,9.75,13.0,13.0,0
SKU157,2025-09-08,actual,12.0,10.5,12.0,12.0,0
SKU157,2025-09-15,actual,11.0,10.25,11.0,11.0,0
SKU157,2025-09-22,actual,11.0,10.75,11.0,11.0,0
SKU157,2025-09-29,actual,8.0,11.75,8.0,8.0,0
SKU157,2025-10-06,actual,7.0,10.5,7.0,7.0,0
SKU157,2025-10-13,actual,9.0,9.25,9.0,9.0,0
SKU157,2025-10-20,actual,19.0,8.75,19.0,19.0,0
SKU157,2025-10-27,actual,8.0,10.75,8.0,8.0,0
SKU157,2025-11-03,actual,11.0,10.75,11.0,11.0,0
SKU157,2025-11-10,actual,4.0,11.75,4.0,4.0,0
SKU157,2025-11-17,actual,5.0,10.5,5.0,5.0,0
SKU157,2025-11-24,actual,6.0,7.0,6.0,6.0,0
SKU157,2025-12-01,actual,7.0,6.5,7.0,7.0,0
SKU157,2025-12-08,actual,12.0,5.5,12.0,12.0,0
SKU157,2025-12-15,actual,13.0,7.5,13.0,13.0,0
SKU157,2025-12-22,actual,25.0,9.5,25.0,25.0,0
SKU157,2025-12-29,actual,6.0,14.25,6.0,6.0,0
SKU157,2026-01-05,actual,5.0,14.0,5.0,5.0,0
SKU157,2026-01-12,actual,10.0,12.25,10.0,10.0,0
SKU157,2026-01-19,actual,21.0,11.5,21.0,21.0,0
SKU157,2026-01-26,actual,13.0,10.5,13.0,13.0,0
SKU157,2026-02-02,actual,15.0,12.25,15.0,15.0,0
SKU157,2026-02-09,actual,12.0,14.75,12.0,12.0,0
SKU157,2026-02-16,actual,9.0,9.0,9.0,9.0,0
SKU157,2026-02-23,actual,18.0,14.0,18.0,18.0,0
SKU157,2026-03-02,actual,13.0,8.0,13.0,13.0,0
SKU157,2026-03-09,actual,7.0,15.0,7.0,7.0,0
SKU157,2026-03-16,actual,12.0,17.0,12.0,12.0,0
SKU157,2026-03-23,actual,9.0,10.0,9.0,9.0,0
SKU157,2026-03-30,actual,22.0,10.0,22.0,22.0,0
SKU157,2026-04-06,actual,21.0,15.0,21.0,21.0,0
SKU157,2026-04-13,actual,13.0,13.0,13.0,13.0,0
SKU157,2026-04-20,actual,19.0,10.0,19.0,19.0,0
SKU157,2026-04-27,actual,26.0,32.0,26.0,26.0,0
SKU157,2026-05-04,actual,21.0,16.0,21.0,21.0,0
SKU157,2026-05-11,actual,10.0,15.0,10.0,10.0,0
SKU157,2026-05-18,actual,12.0,12.0,12.0,12.0,0
SKU157,2026-05-25,actual,10.0,12.0,10.0,10.0,0
SKU157,2026-06-01,actual,15.0,10.0,15.0,15.0,0
SKU157,2026-06-08,actual,22.0,19.0,22.0,22.0,0
SKU157,2026-06-15,actual,17.0,18.0,17.0,17.0,0
SKU158,2024-05-27,actual,11.0,0.0,11.0,11.0,0
SKU158,2024-06-03,actual,30.0,11.0,30.0,30.0,0
SKU158,2024-06-10,actual,39.0,20.5,39.0,39.0,0
SKU158,2024-06-17,actual,33.0,26.666666666666668,33.0,33.0,0
SKU158,2024-06-24,actual,46.0,28.25,46.0,46.0,0
SKU158,2024-07-01,actual,33.0,37.0,33.0,33.0,0
SKU158,2024-07-08,actual,47.0,37.75,47.0,47.0,0
SKU158,2024-07-15,actual,39.0,39.75,39.0,39.0,0
SKU158,2024-07-22,actual,38.0,41.25,38.0,38.0,0
SKU158,2024-07-29,actual,44.0,39.25,44.0,44.0,0
SKU158,2024-08-05,actual,30.0,42.0,30.0,30.0,0
SKU158,2024-08-12,actual,72.0,37.75,72.0,72.0,0
SKU158,2024-08-19,actual,35.0,46.0,35.0,35.0,0
SKU158,2024-08-26,actual,41.0,45.25,41.0,41.0,0
SKU158,2024-09-02,actual,36.0,44.5,36.0,36.0,0
SKU158,2024-09-09,actual,28.0,46.0,28.0,28.0,0
SKU158,2024-09-16,actual,24.0,35.0,24.0,24.0,0
SKU158,2024-09-23,actual,31.0,32.25,31.0,31.0,0
SKU158,2024-09-30,actual,35.0,29.75,35.0,35.0,0
SKU158,2024-10-07,actual,30.0,29.5,30.0,30.0,0
SKU158,2024-10-14,actual,30.0,30.0,30.0,30.0,0
SKU158,2024-10-21,actual,50.0,31.5,50.0,50.0,0
SKU158,2024-10-28,actual,34.0,36.25,34.0,34.0,0
SKU158,2024-11-04,actual,27.0,36.0,27.0,27.0,0
SKU158,2024-11-11,actual,25.0,35.25,25.0,25.0,0
SKU158,2024-11-18,actual,21.0,34.0,21.0,21.0,0
SKU158,2024-11-25,actual,24.0,26.75,24.0,24.0,0
SKU158,2024-12-02,actual,25.0,24.25,25.0,25.0,0
SKU158,2024-12-09,actual,20.0,23.75,20.0,20.0,0
SKU158,2024-12-16,actual,30.0,22.5,30.0,30.0,0
SKU158,2024-12-23,actual,46.0,24.75,46.0,46.0,0
SKU158,2024-12-30,actual,27.0,30.25,27.0,27.0,0
SKU158,2025-01-06,actual,17.0,30.75,17.0,17.0,0
SKU158,2025-01-13,actual,17.0,30.0,17.0,17.0,0
SKU158,2025-01-20,actual,33.0,26.75,33.0,33.0,0
SKU158,2025-01-27,actual,29.0,23.5,29.0,29.0,0
SKU158,2025-02-03,actual,24.0,24.0,24.0,24.0,0
SKU158,2025-02-10,actual,20.0,25.75,20.0,20.0,0
SKU158,2025-02-17,actual,25.0,26.5,25.0,25.0,0
SKU158,2025-02-24,actual,18.0,24.5,18.0,18.0,0
SKU158,2025-03-03,actual,26.0,21.75,26.0,26.0,0
SKU158,2025-03-10,actual,22.0,22.25,22.0,22.0,0
SKU158,2025-03-17,actual,28.0,22.75,28.0,28.0,0
SKU158,2025-03-24,actual,32.0,23.5,32.0,32.0,0
SKU158,2025-03-31,actual,29.0,27.0,29.0,29.0,0
SKU158,2025-04-07,actual,23.0,27.75,23.0,23.0,0
SKU158,2025-04-14,actual,30.0,28.0,30.0,30.0,0
SKU158,2025-04-21,actual,24.0,28.5,24.0,24.0,0
SKU158,2025-04-28,actual,41.0,26.5,41.0,41.0,0
SKU158,2025-05-05,actual,27.0,29.5,27.0,27.0,0
SKU158,2025-05-12,actual,37.0,30.5,37.0,37.0,0
SKU158,2025-05-19,actual,30.0,32.25,30.0,30.0,0
SKU158,2025-05-26,actual,33.0,11.0,33.0,33.0,0
SKU158,2025-06-02,actual,45.0,30.0,45.0,45.0,0
SKU158,2025-06-09,actual,20.0,39.0,20.0,20.0,0
SKU158,2025-06-16,actual,38.0,33.0,38.0,38.0,0
SKU158,2025-06-23,actual,33.0,46.0,33.0,33.0,0
SKU158,2025-06-30,actual,37.0,33.0,37.0,37.0,0
SKU158,2025-07-07,actual,58.0,47.0,58.0,58.0,0
SKU158,2025-07-14,actual,47.0,39.0,47.0,47.0,0
SKU158,2025-07-21,actual,39.0,38.0,39.0,39.0,0
SKU158,2025-07-28,actual,37.0,44.0,37.0,37.0,0
SKU158,2025-08-04,actual,40.0,30.0,40.0,40.0,0
SKU158,2025-08-11,actual,67.0,72.0,67.0,67.0,0
SKU158,2025-08-18,actual,38.0,35.0,38.0,38.0,0
SKU158,2025-08-25,actual,49.0,41.0,49.0,49.0,0
SKU158,2025-09-01,actual,40.0,36.0,40.0,40.0,0
SKU158,2025-09-08,actual,32.0,28.0,32.0,32.0,0
SKU158,2025-09-15,actual,33.0,24.0,33.0,33.0,0
SKU158,2025-09-22,actual,32.0,31.0,32.0,32.0,0
SKU158,2025-09-29,actual,39.0,35.0,39.0,39.0,0
SKU158,2025-10-06,actual,34.0,30.0,34.0,34.0,0
SKU158,2025-10-13,actual,37.0,30.0,37.0,37.0,0
SKU158,2025-10-20,actual,55.0,50.0,55.0,55.0,0
SKU158,2025-10-27,actual,30.0,34.0,30.0,30.0,0
SKU158,2025-11-03,actual,34.0,27.0,34.0,34.0,0
SKU158,2025-11-10,actual,33.0,25.0,33.0,33.0,0
SKU158,2025-11-17,actual,33.0,21.0,33.0,33.0,0
SKU158,2025-11-24,actual,25.0,24.0,25.0,25.0,0
SKU158,2025-12-01,actual,29.0,25.0,29.0,29.0,0
SKU158,2025-12-08,actual,23.0,20.0,23.0,23.0,0
SKU158,2025-12-15,actual,20.0,30.0,20.0,20.0,0
SKU158,2025-12-22,actual,44.0,46.0,44.0,44.0,0
SKU158,2025-12-29,actual,25.0,27.0,25.0,25.0,0
SKU158,2026-01-05,actual,34.0,17.0,34.0,34.0,0
SKU158,2026-01-12,actual,22.0,17.0,22.0,22.0,0
SKU158,2026-01-19,actual,26.0,33.0,26.0,26.0,0
SKU158,2026-01-26,actual,27.0,29.0,27.0,27.0,0
SKU158,2026-02-02,actual,27.0,24.0,27.0,27.0,0
SKU158,2026-02-09,actual,22.0,20.0,22.0,22.0,0
SKU158,2026-02-16,actual,22.0,25.0,22.0,22.0,0
SKU158,2026-02-23,actual,34.0,18.0,34.0,34.0,0
SKU158,2026-03-02,actual,23.0,26.0,23.0,23.0,0
SKU158,2026-03-09,actual,23.0,22.0,23.0,23.0,0
SKU158,2026-03-16,actual,18.0,28.0,18.0,18.0,0
SKU158,2026-03-23,actual,21.0,32.0,21.0,21.0,0
SKU158,2026-03-30,actual,29.0,29.0,29.0,29.0,0
SKU158,2026-04-06,actual,28.0,23.0,28.0,28.0,0
SKU158,2026-04-13,actual,25.0,30.0,25.0,25.0,0
SKU158,2026-04-20,actual,30.0,24.0,30.0,30.0,0
SKU158,2026-04-27,actual,47.0,41.0,47.0,47.0,0
SKU158,2026-05-04,actual,34.0,27.0,34.0,34.0,0
SKU158,2026-05-11,actual,32.0,37.0,32.0,32.0,0
SKU158,2026-05-18,actual,30.0,30.0,30.0,30.0,0
SKU158,2026-05-25,actual,28.0,33.0,28.0,28.0,0
SKU158,2026-06-01,actual,48.0,45.0,48.0,48.0,0
SKU158,2026-06-08,actual,29.0,20.0,29.0,29.0,0
SKU158,2026-06-15,actual,34.0,38.0,34.0,34.0,0
SKU159,2025-11-17,actual,4.0,0.0,4.0,4.0,0
SKU159,2025-11-24,actual,3.0,4.0,3.0,3.0,0
SKU159,2025-12-01,actual,5.0,3.5,5.0,5.0,0
SKU159,2025-12-08,actual,5.0,4.0,5.0,5.0,0
SKU159,2025-12-15,actual,10.0,4.25,10.0,10.0,0
SKU159,2025-12-22,actual,15.0,5.75,15.0,15.0,0
SKU159,2025-12-29,actual,5.0,8.75,5.0,5.0,0
SKU159,2026-01-05,actual,7.0,8.75,7.0,7.0,0
SKU159,2026-01-12,actual,8.0,9.25,8.0,8.0,0
SKU159,2026-01-19,actual,6.0,8.75,6.0,6.0,0
SKU159,2026-01-26,actual,10.0,6.5,10.0,10.0,0
SKU159,2026-02-02,actual,13.0,7.75,13.0,13.0,0
SKU159,2026-02-09,actual,5.0,9.25,5.0,5.0,0
SKU159,2026-02-16,actual,9.0,8.5,9.0,9.0,0
SKU159,2026-02-23,actual,6.0,9.25,6.0,6.0,0
SKU159,2026-03-02,actual,6.0,8.25,6.0,6.0,0
SKU159,2026-03-09,actual,4.0,6.5,4.0,4.0,0
SKU159,2026-03-16,actual,7.0,6.25,7.0,7.0,0
SKU159,2026-03-23,actual,11.0,5.75,11.0,11.0,0
SKU159,2026-03-30,actual,6.0,7.0,6.0,6.0,0
SKU159,2026-04-06,actual,6.0,7.0,6.0,6.0,0
SKU159,2026-04-13,actual,8.0,7.5,8.0,8.0,0
SKU159,2026-04-20,actual,17.0,7.75,17.0,17.0,0
SKU159,2026-04-27,actual,6.0,9.25,6.0,6.0,0
SKU159,2026-05-04,actual,10.0,9.25,10.0,10.0,0
SKU159,2026-05-11,actual,4.0,10.25,4.0,4.0,0
SKU159,2026-05-18,actual,5.0,9.25,5.0,5.0,0
SKU159,2026-05-25,actual,7.0,6.25,7.0,7.0,0
SKU159,2026-06-01,actual,9.0,6.5,9.0,9.0,0
SKU159,2026-06-08,actual,10.0,6.25,10.0,10.0,0
SKU159,2026-06-15,actual,11.0,7.75,11.0,11.0,0
SKU160,2025-09-29,actual,61.0,0.0,61.0,61.0,0
SKU160,2025-10-06,actual,60.0,61.0,60.0,60.0,0
SKU160,2025-10-13,actual,48.0,60.5,48.0,48.0,0
SKU160,2025-10-20,actual,133.0,56.333333333333336,133.0,133.0,0
SKU160,2025-10-27,actual,63.0,75.5,63.0,63.0,0
SKU160,2025-11-03,actual,76.0,76.0,76.0,76.0,0
SKU160,2025-11-10,actual,66.0,80.0,66.0,66.0,0
SKU160,2025-11-17,actual,64.0,84.5,64.0,64.0,0
SKU160,2025-11-24,actual,74.0,67.25,74.0,74.0,0
SKU160,2025-12-01,actual,69.0,70.0,69.0,69.0,0
SKU160,2025-12-08,actual,57.0,68.25,57.0,57.0,0
SKU160,2025-12-15,actual,58.0,66.0,58.0,58.0,0
SKU160,2025-12-22,actual,152.0,64.5,152.0,152.0,0
SKU160,2025-12-29,actual,78.0,84.0,78.0,78.0,0
SKU160,2026-01-05,actual,83.0,86.25,83.0,83.0,0
SKU160,2026-01-12,actual,82.0,92.75,82.0,82.0,0
SKU160,2026-01-19,actual,81.0,98.75,81.0,81.0,0
SKU160,2026-01-26,actual,118.0,81.0,118.0,118.0,0
SKU160,2026-02-02,actual,57.0,91.0,57.0,57.0,0
SKU160,2026-02-09,actual,72.0,84.5,72.0,72.0,0
SKU160,2026-02-16,actual,58.0,82.0,58.0,58.0,0
SKU160,2026-02-23,actual,61.0,76.25,61.0,61.0,0
SKU160,2026-03-02,actual,73.0,62.0,73.0,73.0,0
SKU160,2026-03-09,actual,67.0,66.0,67.0,67.0,0
SKU160,2026-03-16,actual,56.0,64.75,56.0,56.0,0
SKU160,2026-03-23,actual,66.0,64.25,66.0,66.0,0
SKU160,2026-03-30,actual,49.0,65.5,49.0,49.0,0
SKU160,2026-04-06,actual,42.0,59.5,42.0,42.0,0
SKU160,2026-04-13,actual,43.0,53.25,43.0,43.0,0
SKU160,2026-04-20,actual,39.0,50.0,39.0,39.0,0
SKU160,2026-04-27,actual,68.0,43.25,68.0,68.0,0
SKU160,2026-05-04,actual,57.0,48.0,57.0,57.0,0
SKU160,2026-05-11,actual,38.0,51.75,38.0,38.0,0
SKU160,2026-05-18,actual,44.0,50.5,44.0,44.0,0
SKU160,2026-05-25,actual,45.0,51.75,45.0,45.0,0
SKU160,2026-06-01,actual,38.0,46.0,38.0,38.0,0
SKU160,2026-06-08,actual,45.0,41.25,45.0,45.0,0
SKU160,2026-06-15,actual,31.0,43.0,31.0,31.0,0
SKU161,2025-12-15,actual,14.0,0.0,14.0,14.0,0
SKU161,2025-12-22,actual,24.0,14.0,24.0,24.0,0
SKU161,2025-12-29,actual,15.0,19.0,15.0,15.0,0
SKU161,2026-01-05,actual,14.0,17.666666666666668,14.0,14.0,0
SKU161,2026-01-12,actual,7.0,16.75,7.0,7.0,0
SKU161,2026-01-19,actual,7.0,15.0,7.0,7.0,0
SKU161,2026-01-26,actual,17.0,10.75,17.0,17.0,0
SKU161,2026-02-02,actual,9.0,11.25,9.0,9.0,0
SKU161,2026-02-09,actual,7.0,10.0,7.0,7.0,0
SKU161,2026-02-16,actual,10.0,10.0,10.0,10.0,0
SKU161,2026-02-23,actual,5.0,10.75,5.0,5.0,0
SKU161,2026-03-02,actual,7.0,7.75,7.0,7.0,0
SKU161,2026-03-09,actual,10.0,7.25,10.0,10.0,0
SKU161,2026-03-16,actual,15.0,8.0,15.0,15.0,0
SKU161,2026-03-23,actual,4.0,9.25,4.0,4.0,0
SKU161,2026-03-30,actual,9.0,9.0,9.0,9.0,0
SKU161,2026-04-06,actual,9.0,9.5,9.0,9.0,0
SKU161,2026-04-13,actual,13.0,9.25,13.0,13.0,0
SKU161,2026-04-20,actual,6.0,8.75,6.0,6.0,0
SKU161,2026-04-27,actual,13.0,9.25,13.0,13.0,0
SKU161,2026-05-04,actual,11.0,10.25,11.0,11.0,0
SKU161,2026-05-11,actual,15.0,10.75,15.0,15.0,0
SKU161,2026-05-18,actual,14.0,11.25,14.0,14.0,0
SKU161,2026-05-25,actual,13.0,13.25,13.0,13.0,0
SKU161,2026-06-01,actual,10.0,13.25,10.0,10.0,0
SKU161,2026-06-08,actual,10.0,13.0,10.0,10.0,0
SKU161,2026-06-15,actual,10.0,11.75,10.0,10.0,0
SKU162,2025-07-28,actual,7.0,0.0,7.0,7.0,0
SKU162,2025-08-04,actual,12.0,7.0,12.0,12.0,0
SKU162,2025-08-11,actual,22.0,9.5,22.0,22.0,0
SKU162,2025-08-18,actual,8.0,13.666666666666666,8.0,8.0,0
SKU162,2025-08-25,actual,10.0,12.25,10.0,10.0,0
SKU162,2025-09-01,actual,18.0,13.0,18.0,18.0,0
SKU162,2025-09-08,actual,15.0,14.5,15.0,15.0,0
SKU162,2025-09-15,actual,6.0,12.75,6.0,6.0,0
SKU162,2025-09-22,actual,10.0,12.25,10.0,10.0,0
SKU162,2025-09-29,actual,10.0,12.25,10.0,10.0,0
SKU162,2025-10-06,actual,15.0,10.25,15.0,15.0,0
SKU162,2025-10-13,actual,14.0,10.25,14.0,14.0,0
SKU162,2025-10-20,actual,28.0,12.25,28.0,28.0,0
SKU162,2025-10-27,actual,17.0,16.75,17.0,17.0,0
SKU162,2025-11-03,actual,13.0,18.5,13.0,13.0,0
SKU162,2025-11-10,actual,29.0,18.0,29.0,29.0,0
SKU162,2025-11-17,actual,15.0,21.75,15.0,15.0,0
SKU162,2025-11-24,actual,18.0,18.5,18.0,18.0,0
SKU162,2025-12-01,actual,23.0,18.75,23.0,23.0,0
SKU162,2025-12-08,actual,17.0,21.25,17.0,17.0,0
SKU162,2025-12-15,actual,19.0,18.25,19.0,19.0,0
SKU162,2025-12-22,actual,37.0,19.25,37.0,37.0,0
SKU162,2025-12-29,actual,27.0,24.0,27.0,27.0,0
SKU162,2026-01-05,actual,22.0,25.0,22.0,22.0,0
SKU162,2026-01-12,actual,19.0,26.25,19.0,19.0,0
SKU162,2026-01-19,actual,38.0,26.25,38.0,38.0,0
SKU162,2026-01-26,actual,34.0,26.5,34.0,34.0,0
SKU162,2026-02-02,actual,20.0,28.25,20.0,20.0,0
SKU162,2026-02-09,actual,25.0,27.75,25.0,25.0,0
SKU162,2026-02-16,actual,29.0,29.25,29.0,29.0,0
SKU162,2026-02-23,actual,27.0,27.0,27.0,27.0,0
SKU162,2026-03-02,actual,21.0,25.25,21.0,21.0,0
SKU162,2026-03-09,actual,23.0,25.5,23.0,23.0,0
SKU162,2026-03-16,actual,15.0,25.0,15.0,15.0,0
SKU162,2026-03-23,actual,26.0,21.5,26.0,26.0,0
SKU162,2026-03-30,actual,14.0,21.25,14.0,14.0,0
SKU162,2026-04-06,actual,17.0,19.5,17.0,17.0,0
SKU162,2026-04-13,actual,18.0,18.0,18.0,18.0,0
SKU162,2026-04-20,actual,23.0,18.75,23.0,23.0,0
SKU162,2026-04-27,actual,22.0,18.0,22.0,22.0,0
SKU162,2026-05-04,actual,22.0,20.0,22.0,22.0,0
SKU162,2026-05-11,actual,17.0,21.25,17.0,17.0,0
SKU162,2026-05-18,actual,17.0,21.0,17.0,17.0,0
SKU162,2026-05-25,actual,14.0,19.5,14.0,14.0,0
SKU162,2026-06-01,actual,12.0,17.5,12.0,12.0,0
SKU162,2026-06-08,actual,21.0,15.0,21.0,21.0,0
SKU162,2026-06-15,actual,15.0,16.0,15.0,15.0,0
SKU163,2024-05-27,actual,8.0,0.0,8.0,8.0,0
SKU163,2024-06-03,actual,30.0,8.0,30.0,30.0,0
SKU163,2024-06-10,actual,32.0,19.0,32.0,32.0,0
SKU163,2024-06-17,actual,24.0,23.333333333333332,24.0,24.0,0
SKU163,2024-06-24,actual,32.0,23.5,32.0,32.0,0
SKU163,2024-07-01,actual,31.0,29.5,31.0,31.0,0
SKU163,2024-07-08,actual,23.0,29.75,23.0,23.0,0
SKU163,2024-07-15,actual,23.0,27.5,23.0,23.0,0
SKU163,2024-07-22,actual,32.0,27.25,32.0,32.0,0
SKU163,2024-07-29,actual,22.0,27.25,22.0,22.0,0
SKU163,2024-08-05,actual,23.0,25.0,23.0,23.0,0
SKU163,2024-08-12,actual,35.0,25.0,35.0,35.0,0
SKU163,2024-08-19,actual,19.0,28.0,19.0,19.0,0
SKU163,2024-08-26,actual,16.0,24.75,16.0,16.0,0
SKU163,2024-09-02,actual,15.0,23.25,15.0,15.0,0
SKU163,2024-09-09,actual,31.0,21.25,31.0,31.0,0
SKU163,2024-09-16,actual,24.0,20.25,24.0,24.0,0
SKU163,2024-09-23,actual,19.0,21.5,19.0,19.0,0
SKU163,2024-09-30,actual,20.0,22.25,20.0,20.0,0
SKU163,2024-10-07,actual,22.0,23.5,22.0,22.0,0
SKU163,2024-10-14,actual,27.0,21.25,27.0,27.0,0
SKU163,2024-10-21,actual,26.0,22.0,26.0,26.0,0
SKU163,2024-10-28,actual,29.0,23.75,29.0,29.0,0
SKU163,2024-11-04,actual,13.0,26.0,13.0,13.0,0
SKU163,2024-11-11,actual,22.0,23.75,22.0,22.0,0
SKU163,2024-11-18,actual,12.0,22.5,12.0,12.0,0
SKU163,2024-11-25,actual,18.0,19.0,18.0,18.0,0
SKU163,2024-12-02,actual,19.0,16.25,19.0,19.0,0
SKU163,2024-12-09,actual,9.0,17.75,9.0,9.0,0
SKU163,2024-12-16,actual,24.0,14.5,24.0,24.0,0
SKU163,2024-12-23,actual,28.0,17.5,28.0,28.0,0
SKU163,2024-12-30,actual,21.0,20.0,21.0,21.0,0
SKU163,2025-01-06,actual,23.0,20.5,23.0,23.0,0
SKU163,2025-01-13,actual,17.0,24.0,17.0,17.0,0
SKU163,2025-01-20,actual,24.0,22.25,24.0,24.0,0
SKU163,2025-01-27,actual,27.0,21.25,27.0,27.0,0
SKU163,2025-02-03,actual,24.0,22.75,24.0,24.0,0
SKU163,2025-02-10,actual,28.0,23.0,28.0,28.0,0
SKU163,2025-02-17,actual,24.0,25.75,24.0,24.0,0
SKU163,2025-02-24,actual,16.0,25.75,16.0,16.0,0
SKU163,2025-03-03,actual,20.0,23.0,20.0,20.0,0
SKU163,2025-03-10,actual,26.0,22.0,26.0,26.0,0
SKU163,2025-03-17,actual,36.0,21.5,36.0,36.0,0
SKU163,2025-03-24,actual,15.0,24.5,15.0,15.0,0
SKU163,2025-03-31,actual,37.0,24.25,37.0,37.0,0
SKU163,2025-04-07,actual,37.0,28.5,37.0,37.0,0
SKU163,2025-04-14,actual,37.0,31.25,37.0,37.0,0
SKU163,2025-04-21,actual,30.0,31.5,30.0,30.0,0
SKU163,2025-04-28,actual,38.0,35.25,38.0,38.0,0
SKU163,2025-05-05,actual,24.0,35.5,24.0,24.0,0
SKU163,2025-05-12,actual,22.0,32.25,22.0,22.0,0
SKU163,2025-05-19,actual,30.0,28.5,30.0,30.0,0
SKU163,2025-05-26,actual,38.0,8.0,38.0,38.0,0
SKU163,2025-06-02,actual,44.0,30.0,44.0,44.0,0
SKU163,2025-06-09,actual,37.0,32.0,37.0,37.0,0
SKU163,2025-06-16,actual,12.0,24.0,12.0,12.0,0
SKU163,2025-06-23,actual,32.0,32.0,32.0,32.0,0
SKU163,2025-06-30,actual,34.0,31.0,34.0,34.0,0
SKU163,2025-07-07,actual,35.0,23.0,35.0,35.0,0
SKU163,2025-07-14,actual,27.0,23.0,27.0,27.0,0
SKU163,2025-07-21,actual,35.0,32.0,35.0,35.0,0
SKU163,2025-07-28,actual,29.0,22.0,29.0,29.0,0
SKU163,2025-08-04,actual,28.0,23.0,28.0,28.0,0
SKU163,2025-08-11,actual,41.0,35.0,41.0,41.0,0
SKU163,2025-08-18,actual,19.0,19.0,19.0,19.0,0
SKU163,2025-08-25,actual,20.0,16.0,20.0,20.0,0
SKU163,2025-09-01,actual,24.0,15.0,24.0,24.0,0
SKU163,2025-09-08,actual,23.0,31.0,23.0,23.0,0
SKU163,2025-09-15,actual,24.0,24.0,24.0,24.0,0
SKU163,2025-09-22,actual,15.0,19.0,15.0,15.0,0
SKU163,2025-09-29,actual,23.0,20.0,23.0,23.0,0
SKU163,2025-10-06,actual,20.0,22.0,20.0,20.0,0
SKU163,2025-10-13,actual,31.0,27.0,31.0,31.0,0
SKU163,2025-10-20,actual,32.0,26.0,32.0,32.0,0
SKU163,2025-10-27,actual,9.0,29.0,9.0,9.0,0
SKU163,2025-11-03,actual,24.0,13.0,24.0,24.0,0
SKU163,2025-11-10,actual,20.0,22.0,20.0,20.0,0
SKU163,2025-11-17,actual,19.0,12.0,19.0,19.0,0
SKU163,2025-11-24,actual,13.0,18.0,13.0,13.0,0
SKU163,2025-12-01,actual,17.0,19.0,17.0,17.0,0
SKU163,2025-12-08,actual,16.0,9.0,16.0,16.0,0
SKU163,2025-12-15,actual,14.0,24.0,14.0,14.0,0
SKU163,2025-12-22,actual,32.0,28.0,32.0,32.0,0
SKU163,2025-12-29,actual,20.0,21.0,20.0,20.0,0
SKU163,2026-01-05,actual,16.0,23.0,16.0,16.0,0
SKU163,2026-01-12,actual,24.0,17.0,24.0,24.0,0
SKU163,2026-01-19,actual,16.0,24.0,16.0,16.0,0
SKU163,2026-01-26,actual,33.0,27.0,33.0,33.0,0
SKU163,2026-02-02,actual,15.0,24.0,15.0,15.0,0
SKU163,2026-02-09,actual,19.0,28.0,19.0,19.0,0
SKU163,2026-02-16,actual,22.0,24.0,22.0,22.0,0
SKU163,2026-02-23,actual,22.0,16.0,22.0,22.0,0
SKU163,2026-03-02,actual,23.0,20.0,23.0,23.0,0
SKU163,2026-03-09,actual,26.0,26.0,26.0,26.0,0
SKU163,2026-03-16,actual,24.0,36.0,24.0,24.0,0
SKU163,2026-03-23,actual,30.0,15.0,30.0,30.0,0
SKU163,2026-03-30,actual,28.0,37.0,28.0,28.0,0
SKU163,2026-04-06,actual,25.0,37.0,25.0,25.0,0
SKU163,2026-04-13,actual,35.0,37.0,35.0,35.0,0
SKU163,2026-04-20,actual,30.0,30.0,30.0,30.0,0
SKU163,2026-04-27,actual,59.0,38.0,59.0,59.0,0
SKU163,2026-05-04,actual,28.0,24.0,28.0,28.0,0
SKU163,2026-05-11,actual,23.0,22.0,23.0,23.0,0
SKU163,2026-05-18,actual,32.0,30.0,32.0,32.0,0
SKU163,2026-05-25,actual,38.0,38.0,38.0,38.0,0
SKU163,2026-06-01,actual,31.0,44.0,31.0,31.0,0
SKU163,2026-06-08,actual,30.0,37.0,30.0,30.0,0
SKU163,2026-06-15,actual,53.0,12.0,53.0,53.0,0
SKU164,2026-03-02,actual,5.0,0.0,5.0,5.0,0
SKU164,2026-03-09,actual,17.0,5.0,17.0,17.0,0
SKU164,2026-03-16,actual,10.0,11.0,10.0,10.0,0
SKU164,2026-03-23,actual,9.0,10.666666666666666,9.0,9.0,0
SKU164,2026-03-30,actual,14.0,10.25,14.0,14.0,0
SKU164,2026-04-06,actual,11.0,12.5,11.0,11.0,0
SKU164,2026-04-13,actual,8.0,11.0,8.0,8.0,0
SKU164,2026-04-20,actual,20.0,10.5,20.0,20.0,0
SKU164,2026-04-27,actual,12.0,13.25,12.0,12.0,0
SKU164,2026-05-04,actual,22.0,12.75,22.0,22.0,0
SKU164,2026-05-11,actual,6.0,15.5,6.0,6.0,0
SKU164,2026-05-18,actual,17.0,15.0,17.0,17.0,0
SKU164,2026-05-25,actual,13.0,14.25,13.0,13.0,0
SKU164,2026-06-01,actual,17.0,14.5,17.0,17.0,0
SKU164,2026-06-08,actual,15.0,13.25,15.0,15.0,0
SKU164,2026-06-15,actual,6.0,15.5,6.0,6.0,0
SKU165,2025-04-28,actual,24.0,0.0,24.0,24.0,0
SKU165,2025-05-05,actual,19.0,24.0,19.0,19.0,0
SKU165,2025-05-12,actual,21.0,21.5,21.0,21.0,0
SKU165,2025-05-19,actual,17.0,21.333333333333332,17.0,17.0,0
SKU165,2025-05-26,actual,20.0,20.25,20.0,20.0,0
SKU165,2025-06-02,actual,21.0,19.25,21.0,21.0,0
SKU165,2025-06-09,actual,17.0,19.75,17.0,17.0,0
SKU165,2025-06-16,actual,22.0,18.75,22.0,22.0,0
SKU165,2025-06-23,actual,32.0,20.0,32.0,32.0,0
SKU165,2025-06-30,actual,21.0,23.0,21.0,21.0,0
SKU165,2025-07-07,actual,29.0,23.0,29.0,29.0,0
SKU165,2025-07-14,actual,21.0,26.0,21.0,21.0,0
SKU165,2025-07-21,actual,30.0,25.75,30.0,30.0,0
SKU165,2025-07-28,actual,25.0,25.25,25.0,25.0,0
SKU165,2025-08-04,actual,23.0,26.25,23.0,23.0,0
SKU165,2025-08-11,actual,38.0,24.75,38.0,38.0,0
SKU165,2025-08-18,actual,31.0,29.0,31.0,31.0,0
SKU165,2025-08-25,actual,26.0,29.25,26.0,26.0,0
SKU165,2025-09-01,actual,27.0,29.5,27.0,27.0,0
SKU165,2025-09-08,actual,31.0,30.5,31.0,31.0,0
SKU165,2025-09-15,actual,31.0,28.75,31.0,31.0,0
SKU165,2025-09-22,actual,34.0,28.75,34.0,34.0,0
SKU165,2025-09-29,actual,21.0,30.75,21.0,21.0,0
SKU165,2025-10-06,actual,26.0,29.25,26.0,26.0,0
SKU165,2025-10-13,actual,21.0,28.0,21.0,21.0,0
SKU165,2025-10-20,actual,64.0,25.5,64.0,64.0,0
SKU165,2025-10-27,actual,24.0,33.0,24.0,24.0,0
SKU165,2025-11-03,actual,26.0,33.75,26.0,26.0,0
SKU165,2025-11-10,actual,28.0,33.75,28.0,28.0,0
SKU165,2025-11-17,actual,22.0,35.5,22.0,22.0,0
SKU165,2025-11-24,actual,34.0,25.0,34.0,34.0,0
SKU165,2025-12-01,actual,24.0,27.5,24.0,24.0,0
SKU165,2025-12-08,actual,30.0,27.0,30.0,30.0,0
SKU165,2025-12-15,actual,23.0,27.5,23.0,23.0,0
SKU165,2025-12-22,actual,49.0,27.75,49.0,49.0,0
SKU165,2025-12-29,actual,29.0,31.5,29.0,29.0,0
SKU165,2026-01-05,actual,18.0,32.75,18.0,18.0,0
SKU165,2026-01-12,actual,23.0,29.75,23.0,23.0,0
SKU165,2026-01-19,actual,37.0,29.75,37.0,37.0,0
SKU165,2026-01-26,actual,34.0,26.75,34.0,34.0,0
SKU165,2026-02-02,actual,12.0,28.0,12.0,12.0,0
SKU165,2026-02-09,actual,28.0,26.5,28.0,28.0,0
SKU165,2026-02-16,actual,19.0,27.75,19.0,19.0,0
SKU165,2026-02-23,actual,17.0,23.25,17.0,17.0,0
SKU165,2026-03-02,actual,16.0,19.0,16.0,16.0,0
SKU165,2026-03-09,actual,13.0,20.0,13.0,13.0,0
SKU165,2026-03-16,actual,18.0,16.25,18.0,18.0,0
SKU165,2026-03-23,actual,24.0,16.0,24.0,24.0,0
SKU165,2026-03-30,actual,15.0,17.75,15.0,15.0,0
SKU165,2026-04-06,actual,17.0,17.5,17.0,17.0,0
SKU165,2026-04-13,actual,18.0,18.5,18.0,18.0,0
SKU165,2026-04-20,actual,15.0,18.5,15.0,15.0,0
SKU165,2026-04-27,actual,19.0,24.0,19.0,19.0,0
SKU165,2026-05-04,actual,25.0,19.0,25.0,25.0,0
SKU165,2026-05-11,actual,15.0,21.0,15.0,15.0,0
SKU165,2026-05-18,actual,17.0,17.0,17.0,17.0,0
SKU165,2026-05-25,actual,14.0,20.0,14.0,14.0,0
SKU165,2026-06-01,actual,18.0,21.0,18.0,18.0,0
SKU165,2026-06-08,actual,22.0,17.0,22.0,22.0,0
SKU165,2026-06-15,actual,16.0,22.0,16.0,16.0,0
SKU166,2025-11-03,actual,22.0,0.0,22.0,22.0,0
SKU166,2025-11-10,actual,49.0,22.0,49.0,49.0,0
SKU166,2025-11-17,actual,44.0,35.5,44.0,44.0,0
SKU166,2025-11-24,actual,42.0,38.333333333333336,42.0,42.0,0
SKU166,2025-12-01,actual,46.0,39.25,46.0,46.0,0
SKU166,2025-12-08,actual,44.0,45.25,44.0,44.0,0
SKU166,2025-12-15,actual,41.0,44.0,41.0,41.0,0
SKU166,2025-12-22,actual,94.0,43.25,94.0,94.0,0
SKU166,2025-12-29,actual,21.0,56.25,21.0,21.0,0
SKU166,2026-01-05,actual,40.0,50.0,40.0,40.0,0
SKU166,2026-01-12,actual,27.0,49.0,27.0,27.0,0
SKU166,2026-01-19,actual,41.0,45.5,41.0,41.0,0
SKU166,2026-01-26,actual,46.0,32.25,46.0,46.0,0
SKU166,2026-02-02,actual,39.0,38.5,39.0,39.0,0
SKU166,2026-02-09,actual,29.0,38.25,29.0,29.0,0
SKU166,2026-02-16,actual,18.0,38.75,18.0,18.0,0
SKU166,2026-02-23,actual,38.0,33.0,38.0,38.0,0
SKU166,2026-03-02,actual,23.0,31.0,23.0,23.0,0
SKU166,2026-03-09,actual,27.0,27.0,27.0,27.0,0
SKU166,2026-03-16,actual,23.0,26.5,23.0,23.0,0
SKU166,2026-03-23,actual,20.0,27.75,20.0,20.0,0
SKU166,2026-03-30,actual,30.0,23.25,30.0,30.0,0
SKU166,2026-04-06,actual,23.0,25.0,23.0,23.0,0
SKU166,2026-04-13,actual,24.0,24.0,24.0,24.0,0
SKU166,2026-04-20,actual,36.0,24.25,36.0,36.0,0
SKU166,2026-04-27,actual,53.0,28.25,53.0,53.0,0
SKU166,2026-05-04,actual,32.0,34.0,32.0,32.0,0
SKU166,2026-05-11,actual,25.0,36.25,25.0,25.0,0
SKU166,2026-05-18,actual,37.0,36.5,37.0,37.0,0
SKU166,2026-05-25,actual,40.0,36.75,40.0,40.0,0
SKU166,2026-06-01,actual,23.0,33.5,23.0,23.0,0
SKU166,2026-06-08,actual,36.0,31.25,36.0,36.0,0
SKU166,2026-06-15,actual,48.0,34.0,48.0,48.0,0
SKU167,2025-05-12,actual,1.0,0.0,1.0,1.0,0
SKU167,2025-05-19,actual,4.0,1.0,4.0,4.0,0
SKU167,2025-05-26,actual,6.0,2.5,6.0,6.0,0
SKU167,2025-06-02,actual,4.0,3.6666666666666665,4.0,4.0,0
SKU167,2025-06-09,actual,5.0,3.75,5.0,5.0,0
SKU167,2025-06-16,actual,8.0,4.75,8.0,8.0,0
SKU167,2025-06-23,actual,8.0,5.75,8.0,8.0,0
SKU167,2025-06-30,actual,6.0,6.25,6.0,6.0,0
SKU167,2025-07-07,actual,5.0,6.75,5.0,5.0,0
SKU167,2025-07-14,actual,9.0,6.75,9.0,9.0,0
SKU167,2025-07-21,actual,4.0,7.0,4.0,4.0,0
SKU167,2025-07-28,actual,8.0,6.0,8.0,8.0,0
SKU167,2025-08-04,actual,2.0,6.5,2.0,2.0,0
SKU167,2025-08-11,actual,17.0,5.75,17.0,17.0,0
SKU167,2025-08-18,actual,4.0,7.75,4.0,4.0,0
SKU167,2025-08-25,actual,12.0,7.75,12.0,12.0,0
SKU167,2025-09-01,actual,6.0,8.75,6.0,6.0,0
SKU167,2025-09-08,actual,8.0,9.75,8.0,8.0,0
SKU167,2025-09-15,actual,11.0,7.5,11.0,11.0,0
SKU167,2025-09-22,actual,12.0,9.25,12.0,12.0,0
SKU167,2025-09-29,actual,10.0,9.25,10.0,10.0,0
SKU167,2025-10-06,actual,10.0,10.25,10.0,10.0,0
SKU167,2025-10-13,actual,10.0,10.75,10.0,10.0,0
SKU167,2025-10-20,actual,19.0,10.5,19.0,19.0,0
SKU167,2025-10-27,actual,14.0,12.25,14.0,14.0,0
SKU167,2025-11-03,actual,6.0,13.25,6.0,6.0,0
SKU167,2025-11-10,actual,8.0,12.25,8.0,8.0,0
SKU167,2025-11-17,actual,5.0,11.75,5.0,5.0,0
SKU167,2025-11-24,actual,7.0,8.25,7.0,7.0,0
SKU167,2025-12-01,actual,13.0,6.5,13.0,13.0,0
SKU167,2025-12-08,actual,7.0,8.25,7.0,7.0,0
SKU167,2025-12-15,actual,6.0,8.0,6.0,6.0,0
SKU167,2025-12-22,actual,9.0,8.25,9.0,9.0,0
SKU167,2025-12-29,actual,16.0,8.75,16.0,16.0,0
SKU167,2026-01-05,actual,7.0,9.5,7.0,7.0,0
SKU167,2026-01-12,actual,8.0,9.5,8.0,8.0,0
SKU167,2026-01-19,actual,6.0,10.0,6.0,6.0,0
SKU167,2026-01-26,actual,13.0,9.25,13.0,13.0,0
SKU167,2026-02-02,actual,5.0,8.5,5.0,5.0,0
SKU167,2026-02-09,actual,7.0,8.0,7.0,7.0,0
SKU167,2026-02-16,actual,4.0,7.75,4.0,4.0,0
SKU167,2026-02-23,actual,7.0,7.25,7.0,7.0,0
SKU167,2026-03-02,actual,1.0,5.75,1.0,1.0,0
SKU167,2026-03-09,actual,3.0,4.75,3.0,3.0,0
SKU167,2026-03-16,actual,3.0,3.75,3.0,3.0,0
SKU167,2026-03-23,actual,6.0,3.5,6.0,6.0,0
SKU167,2026-03-30,actual,0.0,3.25,0.0,0.0,0
SKU167,2026-04-06,actual,3.0,3.0,3.0,3.0,0
SKU167,2026-04-13,actual,2.0,3.0,2.0,2.0,0
SKU167,2026-04-20,actual,5.0,2.75,5.0,5.0,0
SKU167,2026-04-27,actual,7.0,2.5,7.0,7.0,0
SKU167,2026-05-04,actual,6.0,4.25,6.0,6.0,0
SKU167,2026-05-11,actual,3.0,1.0,3.0,3.0,0
SKU167,2026-05-18,actual,1.0,4.0,1.0,1.0,0
SKU167,2026-05-25,actual,5.0,6.0,5.0,5.0,0
SKU167,2026-06-01,actual,2.0,4.0,2.0,2.0,0
SKU167,2026-06-08,actual,3.0,5.0,3.0,3.0,0
SKU167,2026-06-15,actual,5.0,8.0,5.0,5.0,0
SKU168,2024-05-27,actual,3.0,0.0,3.0,3.0,0
SKU168,2024-06-03,actual,24.0,3.0,24.0,24.0,0
SKU168,2024-06-10,actual,17.0,13.5,17.0,17.0,0
SKU168,2024-06-17,actual,19.0,14.666666666666666,19.0,19.0,0
SKU168,2024-06-24,actual,24.0,15.75,24.0,24.0,0
SKU168,2024-07-01,actual,23.0,21.0,23.0,23.0,0
SKU168,2024-07-08,actual,21.0,20.75,21.0,21.0,0
SKU168,2024-07-15,actual,27.0,21.75,27.0,27.0,0
SKU168,2024-07-22,actual,25.0,23.75,25.0,25.0,0
SKU168,2024-07-29,actual,16.0,24.0,16.0,16.0,0
SKU168,2024-08-05,actual,19.0,22.25,19.0,19.0,0
SKU168,2024-08-12,actual,53.0,21.75,53.0,53.0,0
SKU168,2024-08-19,actual,28.0,28.25,28.0,28.0,0
SKU168,2024-08-26,actual,23.0,29.0,23.0,23.0,0
SKU168,2024-09-02,actual,25.0,30.75,25.0,25.0,0
SKU168,2024-09-09,actual,33.0,32.25,33.0,33.0,0
SKU168,2024-09-16,actual,24.0,27.25,24.0,24.0,0
SKU168,2024-09-23,actual,23.0,26.25,23.0,23.0,0
SKU168,2024-09-30,actual,30.0,26.25,30.0,30.0,0
SKU168,2024-10-07,actual,39.0,27.5,39.0,39.0,0
SKU168,2024-10-14,actual,50.0,29.0,50.0,50.0,0
SKU168,2024-10-21,actual,91.0,35.5,91.0,91.0,0
SKU168,2024-10-28,actual,48.0,52.5,48.0,48.0,0
SKU168,2024-11-04,actual,33.0,57.0,33.0,33.0,0
SKU168,2024-11-11,actual,39.0,55.5,39.0,39.0,0
SKU168,2024-11-18,actual,47.0,52.75,47.0,47.0,0
SKU168,2024-11-25,actual,43.0,41.75,43.0,43.0,0
SKU168,2024-12-02,actual,31.0,40.5,31.0,31.0,0
SKU168,2024-12-09,actual,37.0,40.0,37.0,37.0,0
SKU168,2024-12-16,actual,41.0,39.5,41.0,41.0,0
SKU168,2024-12-23,actual,92.0,38.0,92.0,92.0,0
SKU168,2024-12-30,actual,39.0,50.25,39.0,39.0,0
SKU168,2025-01-06,actual,51.0,52.25,51.0,51.0,0
SKU168,2025-01-13,actual,41.0,55.75,41.0,41.0,0
SKU168,2025-01-20,actual,79.0,55.75,79.0,79.0,0
SKU168,2025-01-27,actual,47.0,52.5,47.0,47.0,0
SKU168,2025-02-03,actual,36.0,54.5,36.0,36.0,0
SKU168,2025-02-10,actual,38.0,50.75,38.0,38.0,0
SKU168,2025-02-17,actual,46.0,50.0,46.0,46.0,0
SKU168,2025-02-24,actual,42.0,41.75,42.0,42.0,0
SKU168,2025-03-03,actual,39.0,40.5,39.0,39.0,0
SKU168,2025-03-10,actual,36.0,41.25,36.0,36.0,0
SKU168,2025-03-17,actual,28.0,40.75,28.0,28.0,0
SKU168,2025-03-24,actual,32.0,36.25,32.0,32.0,0
SKU168,2025-03-31,actual,28.0,33.75,28.0,28.0,0
SKU168,2025-04-07,actual,30.0,31.0,30.0,30.0,0
SKU168,2025-04-14,actual,23.0,29.5,23.0,23.0,0
SKU168,2025-04-21,actual,38.0,28.25,38.0,38.0,0
SKU168,2025-04-28,actual,66.0,29.75,66.0,66.0,0
SKU168,2025-05-05,actual,27.0,39.25,27.0,27.0,0
SKU168,2025-05-12,actual,26.0,38.5,26.0,26.0,0
SKU168,2025-05-19,actual,31.0,39.25,31.0,31.0,0
SKU168,2025-05-26,actual,23.0,3.0,23.0,23.0,0
SKU168,2025-06-02,actual,23.0,24.0,23.0,23.0,0
SKU168,2025-06-09,actual,20.0,17.0,20.0,20.0,0
SKU168,2025-06-16,actual,22.0,19.0,22.0,22.0,0
SKU168,2025-06-23,actual,25.0,24.0,25.0,25.0,0
SKU168,2025-06-30,actual,21.0,23.0,21.0,21.0,0
SKU168,2025-07-07,actual,24.0,21.0,24.0,24.0,0
SKU168,2025-07-14,actual,18.0,27.0,18.0,18.0,0
SKU168,2025-07-21,actual,23.0,25.0,23.0,23.0,0
SKU168,2025-07-28,actual,34.0,16.0,34.0,34.0,0
SKU168,2025-08-04,actual,22.0,19.0,22.0,22.0,0
SKU168,2025-08-11,actual,42.0,53.0,42.0,42.0,0
SKU168,2025-08-18,actual,18.0,28.0,18.0,18.0,0
SKU168,2025-08-25,actual,25.0,23.0,25.0,25.0,0
SKU168,2025-09-01,actual,33.0,25.0,33.0,33.0,0
SKU168,2025-09-08,actual,31.0,33.0,31.0,31.0,0
SKU168,2025-09-15,actual,27.0,24.0,27.0,27.0,0
SKU168,2025-09-22,actual,23.0,23.0,23.0,23.0,0
SKU168,2025-09-29,actual,23.0,30.0,23.0,23.0,0
SKU168,2025-10-06,actual,36.0,39.0,36.0,36.0,0
SKU168,2025-10-13,actual,32.0,50.0,32.0,32.0,0
SKU168,2025-10-20,actual,92.0,91.0,92.0,92.0,0
SKU168,2025-10-27,actual,31.0,48.0,31.0,31.0,0
SKU168,2025-11-03,actual,33.0,33.0,33.0,33.0,0
SKU168,2025-11-10,actual,40.0,39.0,40.0,40.0,0
SKU168,2025-11-17,actual,48.0,47.0,48.0,48.0,0
SKU168,2025-11-24,actual,45.0,43.0,45.0,45.0,0
SKU168,2025-12-01,actual,38.0,31.0,38.0,38.0,0
SKU168,2025-12-08,actual,34.0,37.0,34.0,34.0,0
SKU168,2025-12-15,actual,39.0,41.0,39.0,39.0,0
SKU168,2025-12-22,actual,99.0,92.0,99.0,99.0,0
SKU168,2025-12-29,actual,42.0,39.0,42.0,42.0,0
SKU168,2026-01-05,actual,49.0,51.0,49.0,49.0,0
SKU168,2026-01-12,actual,50.0,41.0,50.0,50.0,0
SKU168,2026-01-19,actual,62.0,79.0,62.0,62.0,0
SKU168,2026-01-26,actual,70.0,47.0,70.0,70.0,0
SKU168,2026-02-02,actual,38.0,36.0,38.0,38.0,0
SKU168,2026-02-09,actual,38.0,38.0,38.0,38.0,0
SKU168,2026-02-16,actual,39.0,46.0,39.0,39.0,0
SKU168,2026-02-23,actual,36.0,42.0,36.0,36.0,0
SKU168,2026-03-02,actual,46.0,39.0,46.0,46.0,0
SKU168,2026-03-09,actual,41.0,36.0,41.0,41.0,0
SKU168,2026-03-16,actual,34.0,28.0,34.0,34.0,0
SKU168,2026-03-23,actual,40.0,32.0,40.0,40.0,0
SKU168,2026-03-30,actual,43.0,28.0,43.0,43.0,0
SKU168,2026-04-06,actual,28.0,30.0,28.0,28.0,0
SKU168,2026-04-13,actual,31.0,23.0,31.0,31.0,0
SKU168,2026-04-20,actual,23.0,38.0,23.0,23.0,0
SKU168,2026-04-27,actual,64.0,66.0,64.0,64.0,0
SKU168,2026-05-04,actual,28.0,27.0,28.0,28.0,0
SKU168,2026-05-11,actual,22.0,26.0,22.0,22.0,0
SKU168,2026-05-18,actual,23.0,31.0,23.0,23.0,0
SKU168,2026-05-25,actual,23.0,23.0,23.0,23.0,0
SKU168,2026-06-01,actual,33.0,23.0,33.0,33.0,0
SKU168,2026-06-08,actual,31.0,20.0,31.0,31.0,0
SKU168,2026-06-15,actual,23.0,22.0,23.0,23.0,0
SKU169,2025-12-08,actual,0.0,0.0,0.0,0.0,0
SKU169,2025-12-15,actual,3.0,0.0,3.0,3.0,0
SKU169,2025-12-22,actual,7.0,1.5,7.0,7.0,0
SKU169,2025-12-29,actual,5.0,3.3333333333333335,5.0,5.0,0
SKU169,2026-01-05,actual,7.0,3.75,7.0,7.0,0
SKU169,2026-01-12,actual,11.0,5.5,11.0,11.0,0
SKU169,2026-01-19,actual,7.0,7.5,7.0,7.0,0
SKU169,2026-01-26,actual,5.0,7.5,5.0,5.0,0
SKU169,2026-02-02,actual,7.0,7.5,7.0,7.0,0
SKU169,2026-02-09,actual,9.0,7.5,9.0,9.0,0
SKU169,2026-02-16,actual,10.0,7.0,10.0,10.0,0
SKU169,2026-02-23,actual,7.0,7.75,7.0,7.0,0
SKU169,2026-03-02,actual,10.0,8.25,10.0,10.0,0
SKU169,2026-03-09,actual,11.0,9.0,11.0,11.0,0
SKU169,2026-03-16,actual,8.0,9.5,8.0,8.0,0
SKU169,2026-03-23,actual,8.0,9.0,8.0,8.0,0
SKU169,2026-03-30,actual,5.0,9.25,5.0,5.0,0
SKU169,2026-04-06,actual,8.0,8.0,8.0,8.0,0
SKU169,2026-04-13,actual,8.0,7.25,8.0,8.0,0
SKU169,2026-04-20,actual,17.0,7.25,17.0,17.0,0
SKU169,2026-04-27,actual,14.0,9.5,14.0,14.0,0
SKU169,2026-05-04,actual,6.0,11.75,6.0,6.0,0
SKU169,2026-05-11,actual,17.0,11.25,17.0,17.0,0
SKU169,2026-05-18,actual,13.0,13.5,13.0,13.0,0
SKU169,2026-05-25,actual,8.0,12.5,8.0,8.0,0
SKU169,2026-06-01,actual,6.0,11.0,6.0,6.0,0
SKU169,2026-06-08,actual,14.0,11.0,14.0,14.0,0
SKU169,2026-06-15,actual,10.0,10.25,10.0,10.0,0
SKU170,2024-05-27,actual,4.0,0.0,4.0,4.0,0
SKU170,2024-06-03,actual,10.0,4.0,10.0,10.0,0
SKU170,2024-06-10,actual,9.0,7.0,9.0,9.0,0
SKU170,2024-06-17,actual,7.0,7.666666666666667,7.0,7.0,0
SKU170,2024-06-24,actual,4.0,7.5,4.0,4.0,0
SKU170,2024-07-01,actual,6.0,7.5,6.0,6.0,0
SKU170,2024-07-08,actual,13.0,6.5,13.0,13.0,0
SKU170,2024-07-15,actual,13.0,7.5,13.0,13.0,0
SKU170,2024-07-22,actual,10.0,9.0,10.0,10.0,0
SKU170,2024-07-29,actual,16.0,10.5,16.0,16.0,0
SKU170,2024-08-05,actual,10.0,13.0,10.0,10.0,0
SKU170,2024-08-12,actual,30.0,12.25,30.0,30.0,0
SKU170,2024-08-19,actual,11.0,16.5,11.0,11.0,0
SKU170,2024-08-26,actual,16.0,16.75,16.0,16.0,0
SKU170,2024-09-02,actual,20.0,16.75,20.0,20.0,0
SKU170,2024-09-09,actual,18.0,19.25,18.0,18.0,0
SKU170,2024-09-16,actual,21.0,16.25,21.0,21.0,0
SKU170,2024-09-23,actual,16.0,18.75,16.0,16.0,0
SKU170,2024-09-30,actual,19.0,18.75,19.0,19.0,0
SKU170,2024-10-07,actual,22.0,18.5,22.0,22.0,0
SKU170,2024-10-14,actual,23.0,19.5,23.0,23.0,0
SKU170,2024-10-21,actual,44.0,20.0,44.0,44.0,0
SKU170,2024-10-28,actual,23.0,27.0,23.0,23.0,0
SKU170,2024-11-04,actual,21.0,28.0,21.0,21.0,0
SKU170,2024-11-11,actual,10.0,27.75,10.0,10.0,0
SKU170,2024-11-18,actual,18.0,24.5,18.0,18.0,0
SKU170,2024-11-25,actual,21.0,18.0,21.0,21.0,0
SKU170,2024-12-02,actual,17.0,17.5,17.0,17.0,0
SKU170,2024-12-09,actual,16.0,16.5,16.0,16.0,0
SKU170,2024-12-16,actual,19.0,18.0,19.0,19.0,0
SKU170,2024-12-23,actual,43.0,18.25,43.0,43.0,0
SKU170,2024-12-30,actual,25.0,23.75,25.0,25.0,0
SKU170,2025-01-06,actual,12.0,25.75,12.0,12.0,0
SKU170,2025-01-13,actual,16.0,24.75,16.0,16.0,0
SKU170,2025-01-20,actual,29.0,24.0,29.0,29.0,0
SKU170,2025-01-27,actual,13.0,20.5,13.0,13.0,0
SKU170,2025-02-03,actual,7.0,17.5,7.0,7.0,0
SKU170,2025-02-10,actual,13.0,16.25,13.0,13.0,0
SKU170,2025-02-17,actual,16.0,15.5,16.0,16.0,0
SKU170,2025-02-24,actual,15.0,12.25,15.0,15.0,0
SKU170,2025-03-03,actual,9.0,12.75,9.0,9.0,0
SKU170,2025-03-10,actual,8.0,13.25,8.0,8.0,0
SKU170,2025-03-17,actual,11.0,12.0,11.0,11.0,0
SKU170,2025-03-24,actual,17.0,10.75,17.0,17.0,0
SKU170,2025-03-31,actual,17.0,11.25,17.0,17.0,0
SKU170,2025-04-07,actual,9.0,13.25,9.0,9.0,0
SKU170,2025-04-14,actual,12.0,13.5,12.0,12.0,0
SKU170,2025-04-21,actual,8.0,13.75,8.0,8.0,0
SKU170,2025-04-28,actual,30.0,11.5,30.0,30.0,0
SKU170,2025-05-05,actual,18.0,14.75,18.0,18.0,0
SKU170,2025-05-12,actual,9.0,17.0,9.0,9.0,0
SKU170,2025-05-19,actual,8.0,16.25,8.0,8.0,0
SKU170,2025-05-26,actual,15.0,4.0,15.0,15.0,0
SKU170,2025-06-02,actual,7.0,10.0,7.0,7.0,0
SKU170,2025-06-09,actual,7.0,9.0,7.0,7.0,0
SKU170,2025-06-16,actual,15.0,7.0,15.0,15.0,0
SKU170,2025-06-23,actual,10.0,4.0,10.0,10.0,0
SKU170,2025-06-30,actual,8.0,6.0,8.0,8.0,0
SKU170,2025-07-07,actual,9.0,13.0,9.0,9.0,0
SKU170,2025-07-14,actual,7.0,13.0,7.0,7.0,0
SKU170,2025-07-21,actual,7.0,10.0,7.0,7.0,0
SKU170,2025-07-28,actual,18.0,16.0,18.0,18.0,0
SKU170,2025-08-04,actual,13.0,10.0,13.0,13.0,0
SKU170,2025-08-11,actual,29.0,30.0,29.0,29.0,0
SKU170,2025-08-18,actual,20.0,11.0,20.0,20.0,0
SKU170,2025-08-25,actual,15.0,16.0,15.0,15.0,0
SKU170,2025-09-01,actual,10.0,20.0,10.0,10.0,0
SKU170,2025-09-08,actual,14.0,18.0,14.0,14.0,0
SKU170,2025-09-15,actual,8.0,21.0,8.0,8.0,0
SKU170,2025-09-22,actual,18.0,16.0,18.0,18.0,0
SKU170,2025-09-29,actual,14.0,19.0,14.0,14.0,0
SKU170,2025-10-06,actual,17.0,22.0,17.0,17.0,0
SKU170,2025-10-13,actual,21.0,23.0,21.0,21.0,0
SKU170,2025-10-20,actual,49.0,44.0,49.0,49.0,0
SKU170,2025-10-27,actual,12.0,23.0,12.0,12.0,0
SKU170,2025-11-03,actual,17.0,21.0,17.0,17.0,0
SKU170,2025-11-10,actual,28.0,10.0,28.0,28.0,0
SKU170,2025-11-17,actual,19.0,18.0,19.0,19.0,0
SKU170,2025-11-24,actual,16.0,21.0,16.0,16.0,0
SKU170,2025-12-01,actual,17.0,17.0,17.0,17.0,0
SKU170,2025-12-08,actual,16.0,16.0,16.0,16.0,0
SKU170,2025-12-15,actual,16.0,19.0,16.0,16.0,0
SKU170,2025-12-22,actual,51.0,43.0,51.0,51.0,0
SKU170,2025-12-29,actual,22.0,25.0,22.0,22.0,0
SKU170,2026-01-05,actual,18.0,12.0,18.0,18.0,0
SKU170,2026-01-12,actual,11.0,16.0,11.0,11.0,0
SKU170,2026-01-19,actual,23.0,29.0,23.0,23.0,0
SKU170,2026-01-26,actual,33.0,13.0,33.0,33.0,0
SKU170,2026-02-02,actual,18.0,7.0,18.0,18.0,0
SKU170,2026-02-09,actual,10.0,13.0,10.0,10.0,0
SKU170,2026-02-16,actual,8.0,16.0,8.0,8.0,0
SKU170,2026-02-23,actual,10.0,15.0,10.0,10.0,0
SKU170,2026-03-02,actual,13.0,9.0,13.0,13.0,0
SKU170,2026-03-09,actual,13.0,8.0,13.0,13.0,0
SKU170,2026-03-16,actual,9.0,11.0,9.0,9.0,0
SKU170,2026-03-23,actual,12.0,17.0,12.0,12.0,0
SKU170,2026-03-30,actual,12.0,17.0,12.0,12.0,0
SKU170,2026-04-06,actual,10.0,9.0,10.0,10.0,0
SKU170,2026-04-13,actual,10.0,12.0,10.0,10.0,0
SKU170,2026-04-20,actual,9.0,8.0,9.0,9.0,0
SKU170,2026-04-27,actual,20.0,30.0,20.0,20.0,0
SKU170,2026-05-04,actual,19.0,18.0,19.0,19.0,0
SKU170,2026-05-11,actual,8.0,9.0,8.0,8.0,0
SKU170,2026-05-18,actual,13.0,8.0,13.0,13.0,0
SKU170,2026-05-25,actual,10.0,15.0,10.0,10.0,0
SKU170,2026-06-01,actual,9.0,7.0,9.0,9.0,0
SKU170,2026-06-08,actual,11.0,7.0,11.0,11.0,0
SKU170,2026-06-15,actual,8.0,15.0,8.0,8.0,0
SKU171,2025-11-17,actual,48.0,0.0,48.0,48.0,0
SKU171,2025-11-24,actual,31.0,48.0,31.0,31.0,0
SKU171,2025-12-01,actual,40.0,39.5,40.0,40.0,0
SKU171,2025-12-08,actual,48.0,39.666666666666664,48.0,48.0,0
SKU171,2025-12-15,actual,37.0,41.75,37.0,37.0,0
SKU171,2025-12-22,actual,77.0,39.0,77.0,77.0,0
SKU171,2025-12-29,actual,26.0,50.5,26.0,26.0,0
SKU171,2026-01-05,actual,34.0,47.0,34.0,34.0,0
SKU171,2026-01-12,actual,34.0,43.5,34.0,34.0,0
SKU171,2026-01-19,actual,53.0,42.75,53.0,53.0,0
SKU171,2026-01-26,actual,46.0,36.75,46.0,46.0,0
SKU171,2026-02-02,actual,28.0,41.75,28.0,28.0,0
SKU171,2026-02-09,actual,36.0,40.25,36.0,36.0,0
SKU171,2026-02-16,actual,40.0,40.75,40.0,40.0,0
SKU171,2026-02-23,actual,26.0,37.5,26.0,26.0,0
SKU171,2026-03-02,actual,29.0,32.5,29.0,29.0,0
SKU171,2026-03-09,actual,31.0,32.75,31.0,31.0,0
SKU171,2026-03-16,actual,30.0,31.5,30.0,30.0,0
SKU171,2026-03-23,actual,35.0,29.0,35.0,35.0,0
SKU171,2026-03-30,actual,27.0,31.25,27.0,27.0,0
SKU171,2026-04-06,actual,26.0,30.75,26.0,26.0,0
SKU171,2026-04-13,actual,33.0,29.5,33.0,33.0,0
SKU171,2026-04-20,actual,29.0,30.25,29.0,29.0,0
SKU171,2026-04-27,actual,83.0,28.75,83.0,83.0,0
SKU171,2026-05-04,actual,48.0,42.75,48.0,48.0,0
SKU171,2026-05-11,actual,40.0,48.25,40.0,40.0,0
SKU171,2026-05-18,actual,35.0,50.0,35.0,35.0,0
SKU171,2026-05-25,actual,46.0,51.5,46.0,46.0,0
SKU171,2026-06-01,actual,41.0,42.25,41.0,41.0,0
SKU171,2026-06-08,actual,48.0,40.5,48.0,48.0,0
SKU171,2026-06-15,actual,39.0,42.5,39.0,39.0,0
SKU172,2024-06-03,actual,2.0,0.0,2.0,2.0,0
SKU172,2024-06-10,actual,10.0,2.0,10.0,10.0,0
SKU172,2024-06-17,actual,7.0,6.0,7.0,7.0,0
SKU172,2024-06-24,actual,7.0,6.333333333333333,7.0,7.0,0
SKU172,2024-07-01,actual,7.0,6.5,7.0,7.0,0
SKU172,2024-07-08,actual,8.0,7.75,8.0,8.0,0
SKU172,2024-07-15,actual,7.0,7.25,7.0,7.0,0
SKU172,2024-07-22,actual,11.0,7.25,11.0,11.0,0
SKU172,2024-07-29,actual,7.0,8.25,7.0,7.0,0
SKU172,2024-08-05,actual,15.0,8.25,15.0,15.0,0
SKU172,2024-08-12,actual,23.0,10.0,23.0,23.0,0
SKU172,2024-08-19,actual,12.0,14.0,12.0,12.0,0
SKU172,2024-08-26,actual,5.0,14.25,5.0,5.0,0
SKU172,2024-09-02,actual,4.0,13.75,4.0,4.0,0
SKU172,2024-09-09,actual,10.0,11.0,10.0,10.0,0
SKU172,2024-09-16,actual,7.0,7.75,7.0,7.0,0
SKU172,2024-09-23,actual,9.0,6.5,9.0,9.0,0
SKU172,2024-09-30,actual,9.0,7.5,9.0,9.0,0
SKU172,2024-10-07,actual,9.0,8.75,9.0,9.0,0
SKU172,2024-10-14,actual,7.0,8.5,7.0,7.0,0
SKU172,2024-10-21,actual,16.0,8.5,16.0,16.0,0
SKU172,2024-10-28,actual,8.0,10.25,8.0,8.0,0
SKU172,2024-11-04,actual,7.0,10.0,7.0,7.0,0
SKU172,2024-11-11,actual,4.0,9.5,4.0,4.0,0
SKU172,2024-11-18,actual,4.0,8.75,4.0,4.0,0
SKU172,2024-11-25,actual,5.0,5.75,5.0,5.0,0
SKU172,2024-12-02,actual,5.0,5.0,5.0,5.0,0
SKU172,2024-12-09,actual,6.0,4.5,6.0,6.0,0
SKU172,2024-12-16,actual,7.0,5.0,7.0,7.0,0
SKU172,2024-12-23,actual,12.0,5.75,12.0,12.0,0
SKU172,2024-12-30,actual,5.0,7.5,5.0,5.0,0
SKU172,2025-01-06,actual,2.0,7.5,2.0,2.0,0
SKU172,2025-01-13,actual,8.0,6.5,8.0,8.0,0
SKU172,2025-01-20,actual,14.0,6.75,14.0,14.0,0
SKU172,2025-01-27,actual,7.0,7.25,7.0,7.0,0
SKU172,2025-02-03,actual,3.0,7.75,3.0,3.0,0
SKU172,2025-02-10,actual,4.0,8.0,4.0,4.0,0
SKU172,2025-02-17,actual,11.0,7.0,11.0,11.0,0
SKU172,2025-02-24,actual,4.0,6.25,4.0,4.0,0
SKU172,2025-03-03,actual,3.0,5.5,3.0,3.0,0
SKU172,2025-03-10,actual,7.0,5.5,7.0,7.0,0
SKU172,2025-03-17,actual,1.0,6.25,1.0,1.0,0
SKU172,2025-03-24,actual,6.0,3.75,6.0,6.0,0
SKU172,2025-03-31,actual,10.0,4.25,10.0,10.0,0
SKU172,2025-04-07,actual,6.0,6.0,6.0,6.0,0
SKU172,2025-04-14,actual,8.0,5.75,8.0,8.0,0
SKU172,2025-04-21,actual,7.0,7.5,7.0,7.0,0
SKU172,2025-04-28,actual,10.0,7.75,10.0,10.0,0
SKU172,2025-05-05,actual,9.0,7.75,9.0,9.0,0
SKU172,2025-05-12,actual,7.0,8.5,7.0,7.0,0
SKU172,2025-05-19,actual,7.0,8.25,7.0,7.0,0
SKU172,2025-05-26,actual,5.0,8.25,5.0,5.0,0
SKU172,2025-06-02,actual,10.0,2.0,10.0,10.0,0
SKU172,2025-06-09,actual,5.0,10.0,5.0,5.0,0
SKU172,2025-06-16,actual,10.0,7.0,10.0,10.0,0
SKU172,2025-06-23,actual,7.0,7.0,7.0,7.0,0
SKU172,2025-06-30,actual,8.0,7.0,8.0,8.0,0
SKU172,2025-07-07,actual,9.0,8.0,9.0,9.0,0
SKU172,2025-07-14,actual,11.0,7.0,11.0,11.0,0
SKU172,2025-07-21,actual,9.0,11.0,9.0,9.0,0
SKU172,2025-07-28,actual,9.0,7.0,9.0,9.0,0
SKU172,2025-08-04,actual,8.0,15.0,8.0,8.0,0
SKU172,2025-08-11,actual,21.0,23.0,21.0,21.0,0
SKU172,2025-08-18,actual,4.0,12.0,4.0,4.0,0
SKU172,2025-08-25,actual,7.0,5.0,7.0,7.0,0
SKU172,2025-09-01,actual,7.0,4.0,7.0,7.0,0
SKU172,2025-09-08,actual,7.0,10.0,7.0,7.0,0
SKU172,2025-09-15,actual,10.0,7.0,10.0,10.0,0
SKU172,2025-09-22,actual,8.0,9.0,8.0,8.0,0
SKU172,2025-09-29,actual,14.0,9.0,14.0,14.0,0
SKU172,2025-10-06,actual,10.0,9.0,10.0,10.0,0
SKU172,2025-10-13,actual,4.0,7.0,4.0,4.0,0
SKU172,2025-10-20,actual,11.0,16.0,11.0,11.0,0
SKU172,2025-10-27,actual,10.0,8.0,10.0,10.0,0
SKU172,2025-11-03,actual,6.0,7.0,6.0,6.0,0
SKU172,2025-11-10,actual,4.0,4.0,4.0,4.0,0
SKU172,2025-11-17,actual,6.0,4.0,6.0,6.0,0
SKU172,2025-11-24,actual,8.0,5.0,8.0,8.0,0
SKU172,2025-12-01,actual,7.0,5.0,7.0,7.0,0
SKU172,2025-12-08,actual,1.0,6.0,1.0,1.0,0
SKU172,2025-12-15,actual,8.0,7.0,8.0,8.0,0
SKU172,2025-12-22,actual,6.0,12.0,6.0,6.0,0
SKU172,2025-12-29,actual,6.0,5.0,6.0,6.0,0
SKU172,2026-01-05,actual,5.0,2.0,5.0,5.0,0
SKU172,2026-01-12,actual,6.0,8.0,6.0,6.0,0
SKU172,2026-01-19,actual,6.0,14.0,6.0,6.0,0
SKU172,2026-01-26,actual,7.0,7.0,7.0,7.0,0
SKU172,2026-02-02,actual,9.0,3.0,9.0,9.0,0
SKU172,2026-02-09,actual,4.0,4.0,4.0,4.0,0
SKU172,2026-02-16,actual,2.0,11.0,2.0,2.0,0
SKU172,2026-02-23,actual,3.0,4.0,3.0,3.0,0
SKU172,2026-03-02,actual,5.0,3.0,5.0,5.0,0
SKU172,2026-03-09,actual,5.0,7.0,5.0,5.0,0
SKU172,2026-03-16,actual,4.0,1.0,4.0,4.0,0
SKU172,2026-03-23,actual,3.0,6.0,3.0,3.0,0
SKU172,2026-03-30,actual,7.0,10.0,7.0,7.0,0
SKU172,2026-04-06,actual,4.0,6.0,4.0,4.0,0
SKU172,2026-04-13,actual,7.0,8.0,7.0,7.0,0
SKU172,2026-04-20,actual,9.0,7.0,9.0,9.0,0
SKU172,2026-04-27,actual,17.0,10.0,17.0,17.0,0
SKU172,2026-05-04,actual,10.0,9.0,10.0,10.0,0
SKU172,2026-05-11,actual,9.0,7.0,9.0,9.0,0
SKU172,2026-05-18,actual,7.0,7.0,7.0,7.0,0
SKU172,2026-05-25,actual,4.0,5.0,4.0,4.0,0
SKU172,2026-06-01,actual,11.0,10.0,11.0,11.0,0
SKU172,2026-06-08,actual,8.0,5.0,8.0,8.0,0
SKU172,2026-06-15,actual,5.0,10.0,5.0,5.0,0
SKU173,2024-07-22,actual,7.0,0.0,7.0,7.0,0
SKU173,2024-07-29,actual,10.0,7.0,10.0,10.0,0
SKU173,2024-08-05,actual,14.0,8.5,14.0,14.0,0
SKU173,2024-08-12,actual,20.0,10.333333333333334,20.0,20.0,0
SKU173,2024-08-19,actual,8.0,12.75,8.0,8.0,0
SKU173,2024-08-26,actual,7.0,13.0,7.0,7.0,0
SKU173,2024-09-02,actual,9.0,12.25,9.0,9.0,0
SKU173,2024-09-09,actual,10.0,11.0,10.0,10.0,0
SKU173,2024-09-16,actual,10.0,8.5,10.0,10.0,0
SKU173,2024-09-23,actual,10.0,9.0,10.0,10.0,0
SKU173,2024-09-30,actual,10.0,9.75,10.0,10.0,0
SKU173,2024-10-07,actual,9.0,10.0,9.0,9.0,0
SKU173,2024-10-14,actual,7.0,9.75,7.0,7.0,0
SKU173,2024-10-21,actual,13.0,9.0,13.0,13.0,0
SKU173,2024-10-28,actual,8.0,9.75,8.0,8.0,0
SKU173,2024-11-04,actual,7.0,9.25,7.0,7.0,0
SKU173,2024-11-11,actual,9.0,8.75,9.0,9.0,0
SKU173,2024-11-18,actual,8.0,9.25,8.0,8.0,0
SKU173,2024-11-25,actual,12.0,8.0,12.0,12.0,0
SKU173,2024-12-02,actual,9.0,9.0,9.0,9.0,0
SKU173,2024-12-09,actual,8.0,9.5,8.0,8.0,0
SKU173,2024-12-16,actual,10.0,9.25,10.0,10.0,0
SKU173,2024-12-23,actual,16.0,9.75,16.0,16.0,0
SKU173,2024-12-30,actual,6.0,10.75,6.0,6.0,0
SKU173,2025-01-06,actual,10.0,10.0,10.0,10.0,0
SKU173,2025-01-13,actual,6.0,10.5,6.0,6.0,0
SKU173,2025-01-20,actual,13.0,9.5,13.0,13.0,0
SKU173,2025-01-27,actual,3.0,8.75,3.0,3.0,0
SKU173,2025-02-03,actual,7.0,8.0,7.0,7.0,0
SKU173,2025-02-10,actual,6.0,7.25,6.0,6.0,0
SKU173,2025-02-17,actual,5.0,7.25,5.0,5.0,0
SKU173,2025-02-24,actual,3.0,5.25,3.0,3.0,0
SKU173,2025-03-03,actual,3.0,5.25,3.0,3.0,0
SKU173,2025-03-10,actual,1.0,4.25,1.0,1.0,0
SKU173,2025-03-17,actual,5.0,3.0,5.0,5.0,0
SKU173,2025-03-24,actual,4.0,3.0,4.0,4.0,0
SKU173,2025-03-31,actual,6.0,3.25,6.0,6.0,0
SKU173,2025-04-07,actual,4.0,4.0,4.0,4.0,0
SKU173,2025-04-14,actual,3.0,4.75,3.0,3.0,0
SKU173,2025-04-21,actual,5.0,4.25,5.0,5.0,0
SKU173,2025-04-28,actual,5.0,4.5,5.0,5.0,0
SKU173,2025-05-05,actual,4.0,4.25,4.0,4.0,0
SKU173,2025-05-12,actual,4.0,4.25,4.0,4.0,0
SKU173,2025-05-19,actual,4.0,4.5,4.0,4.0,0
SKU173,2025-05-26,actual,4.0,4.25,4.0,4.0,0
SKU173,2025-06-02,actual,6.0,4.0,6.0,6.0,0
SKU173,2025-06-09,actual,6.0,4.5,6.0,6.0,0
SKU173,2025-06-16,actual,8.0,5.0,8.0,8.0,0
SKU173,2025-06-23,actual,8.0,6.0,8.0,8.0,0
SKU173,2025-06-30,actual,4.0,7.0,4.0,4.0,0
SKU173,2025-07-07,actual,8.0,6.5,8.0,8.0,0
SKU173,2025-07-14,actual,10.0,7.0,10.0,10.0,0
SKU173,2025-07-21,actual,12.0,7.0,12.0,12.0,0
SKU173,2025-07-28,actual,8.0,10.0,8.0,8.0,0
SKU173,2025-08-04,actual,7.0,14.0,7.0,7.0,0
SKU173,2025-08-11,actual,12.0,20.0,12.0,12.0,0
SKU173,2025-08-18,actual,6.0,8.0,6.0,6.0,0
SKU173,2025-08-25,actual,1.0,7.0,1.0,1.0,0
SKU173,2025-09-01,actual,7.0,9.0,7.0,7.0,0
SKU173,2025-09-08,actual,9.0,10.0,9.0,9.0,0
SKU173,2025-09-15,actual,10.0,10.0,10.0,10.0,0
SKU173,2025-09-22,actual,13.0,10.0,13.0,13.0,0
SKU173,2025-09-29,actual,10.0,10.0,10.0,10.0,0
SKU173,2025-10-06,actual,7.0,9.0,7.0,7.0,0
SKU173,2025-10-13,actual,9.0,7.0,9.0,9.0,0
SKU173,2025-10-20,actual,26.0,13.0,26.0,26.0,0
SKU173,2025-10-27,actual,8.0,8.0,8.0,8.0,0
SKU173,2025-11-03,actual,8.0,7.0,8.0,8.0,0
SKU173,2025-11-10,actual,7.0,9.0,7.0,7.0,0
SKU173,2025-11-17,actual,17.0,8.0,17.0,17.0,0
SKU173,2025-11-24,actual,10.0,12.0,10.0,10.0,0
SKU173,2025-12-01,actual,9.0,9.0,9.0,9.0,0
SKU173,2025-12-08,actual,7.0,8.0,7.0,7.0,0
SKU173,2025-12-15,actual,7.0,10.0,7.0,7.0,0
SKU173,2025-12-22,actual,18.0,16.0,18.0,18.0,0
SKU173,2025-12-29,actual,8.0,6.0,8.0,8.0,0
SKU173,2026-01-05,actual,7.0,10.0,7.0,7.0,0
SKU173,2026-01-12,actual,6.0,6.0,6.0,6.0,0
SKU173,2026-01-19,actual,9.0,13.0,9.0,9.0,0
SKU173,2026-01-26,actual,10.0,3.0,10.0,10.0,0
SKU173,2026-02-02,actual,4.0,7.0,4.0,4.0,0
SKU173,2026-02-09,actual,4.0,6.0,4.0,4.0,0
SKU173,2026-02-16,actual,6.0,5.0,6.0,6.0,0
SKU173,2026-02-23,actual,6.0,3.0,6.0,6.0,0
SKU173,2026-03-02,actual,9.0,3.0,9.0,9.0,0
SKU173,2026-03-09,actual,5.0,1.0,5.0,5.0,0
SKU173,2026-03-16,actual,5.0,5.0,5.0,5.0,0
SKU173,2026-03-23,actual,6.0,4.0,6.0,6.0,0
SKU173,2026-03-30,actual,9.0,6.0,9.0,9.0,0
SKU173,2026-04-06,actual,7.0,4.0,7.0,7.0,0
SKU173,2026-04-13,actual,3.0,3.0,3.0,3.0,0
SKU173,2026-04-20,actual,2.0,5.0,2.0,2.0,0
SKU173,2026-04-27,actual,9.0,5.0,9.0,9.0,0
SKU173,2026-05-04,actual,4.0,4.0,4.0,4.0,0
SKU173,2026-05-11,actual,3.0,4.0,3.0,3.0,0
SKU173,2026-05-18,actual,8.0,4.0,8.0,8.0,0
SKU173,2026-05-25,actual,8.0,4.0,8.0,8.0,0
SKU173,2026-06-01,actual,3.0,6.0,3.0,3.0,0
SKU173,2026-06-08,actual,4.0,6.0,4.0,4.0,0
SKU173,2026-06-15,actual,7.0,8.0,7.0,7.0,0
SKU174,2026-02-23,actual,8.0,0.0,8.0,8.0,0
SKU174,2026-03-02,actual,35.0,8.0,35.0,35.0,0
SKU174,2026-03-09,actual,40.0,21.5,40.0,40.0,0
SKU174,2026-03-16,actual,33.0,27.666666666666668,33.0,33.0,0
SKU174,2026-03-23,actual,23.0,29.0,23.0,23.0,0
SKU174,2026-03-30,actual,26.0,32.75,26.0,26.0,0
SKU174,2026-04-06,actual,30.0,30.5,30.0,30.0,0
SKU174,2026-04-13,actual,24.0,28.0,24.0,24.0,0
SKU174,2026-04-20,actual,20.0,25.75,20.0,20.0,0
SKU174,2026-04-27,actual,49.0,25.0,49.0,49.0,0
SKU174,2026-05-04,actual,46.0,30.75,46.0,46.0,0
SKU174,2026-05-11,actual,34.0,34.75,34.0,34.0,0
SKU174,2026-05-18,actual,33.0,37.25,33.0,33.0,0
SKU174,2026-05-25,actual,31.0,40.5,31.0,31.0,0
SKU174,2026-06-01,actual,21.0,36.0,21.0,21.0,0
SKU174,2026-06-08,actual,45.0,29.75,45.0,45.0,0
SKU174,2026-06-15,actual,43.0,32.5,43.0,43.0,0
SKU175,2026-01-05,actual,35.0,0.0,35.0,35.0,0
SKU175,2026-01-12,actual,63.0,35.0,63.0,63.0,0
SKU175,2026-01-19,actual,58.0,49.0,58.0,58.0,0
SKU175,2026-01-26,actual,76.0,52.0,76.0,76.0,0
SKU175,2026-02-02,actual,51.0,58.0,51.0,51.0,0
SKU175,2026-02-09,actual,31.0,62.0,31.0,31.0,0
SKU175,2026-02-16,actual,49.0,54.0,49.0,49.0,0
SKU175,2026-02-23,actual,53.0,51.75,53.0,53.0,0
SKU175,2026-03-02,actual,42.0,46.0,42.0,42.0,0
SKU175,2026-03-09,actual,47.0,43.75,47.0,47.0,0
SKU175,2026-03-16,actual,30.0,47.75,30.0,30.0,0
SKU175,2026-03-23,actual,43.0,43.0,43.0,43.0,0
SKU175,2026-03-30,actual,36.0,40.5,36.0,36.0,0
SKU175,2026-04-06,actual,40.0,39.0,40.0,40.0,0
SKU175,2026-04-13,actual,36.0,37.25,36.0,36.0,0
SKU175,2026-04-20,actual,27.0,38.75,27.0,27.0,0
SKU175,2026-04-27,actual,49.0,34.75,49.0,49.0,0
SKU175,2026-05-04,actual,40.0,38.0,40.0,40.0,0
SKU175,2026-05-11,actual,29.0,38.0,29.0,29.0,0
SKU175,2026-05-18,actual,27.0,36.25,27.0,27.0,0
SKU175,2026-05-25,actual,38.0,36.25,38.0,38.0,0
SKU175,2026-06-01,actual,34.0,33.5,34.0,34.0,0
SKU175,2026-06-08,actual,37.0,32.0,37.0,37.0,0
SKU175,2026-06-15,actual,29.0,34.0,29.0,29.0,0
SKU176,2024-07-15,actual,31.0,0.0,31.0,31.0,0
SKU176,2024-07-22,actual,36.0,31.0,36.0,36.0,0
SKU176,2024-07-29,actual,46.0,33.5,46.0,46.0,0
SKU176,2024-08-05,actual,38.0,37.666666666666664,38.0,38.0,0
SKU176,2024-08-12,actual,87.0,37.75,87.0,87.0,0
SKU176,2024-08-19,actual,48.0,51.75,48.0,48.0,0
SKU176,2024-08-26,actual,48.0,54.75,48.0,48.0,0
SKU176,2024-09-02,actual,45.0,55.25,45.0,45.0,0
SKU176,2024-09-09,actual,49.0,57.0,49.0,49.0,0
SKU176,2024-09-16,actual,36.0,47.5,36.0,36.0,0
SKU176,2024-09-23,actual,43.0,44.5,43.0,43.0,0
SKU176,2024-09-30,actual,48.0,43.25,48.0,48.0,0
SKU176,2024-10-07,actual,43.0,44.0,43.0,43.0,0
SKU176,2024-10-14,actual,65.0,42.5,65.0,65.0,0
SKU176,2024-10-21,actual,100.0,49.75,100.0,100.0,0
SKU176,2024-10-28,actual,48.0,64.0,48.0,48.0,0
SKU176,2024-11-04,actual,61.0,64.0,61.0,61.0,0
SKU176,2024-11-11,actual,64.0,68.5,64.0,64.0,0
SKU176,2024-11-18,actual,49.0,68.25,49.0,49.0,0
SKU176,2024-11-25,actual,51.0,55.5,51.0,51.0,0
SKU176,2024-12-02,actual,57.0,56.25,57.0,57.0,0
SKU176,2024-12-09,actual,66.0,55.25,66.0,66.0,0
SKU176,2024-12-16,actual,64.0,55.75,64.0,64.0,0
SKU176,2024-12-23,actual,118.0,59.5,118.0,118.0,0
SKU176,2024-12-30,actual,72.0,76.25,72.0,72.0,0
SKU176,2025-01-06,actual,58.0,80.0,58.0,58.0,0
SKU176,2025-01-13,actual,56.0,78.0,56.0,56.0,0
SKU176,2025-01-20,actual,84.0,76.0,84.0,84.0,0
SKU176,2025-01-27,actual,70.0,67.5,70.0,70.0,0
SKU176,2025-02-03,actual,48.0,67.0,48.0,48.0,0
SKU176,2025-02-10,actual,43.0,64.5,43.0,43.0,0
SKU176,2025-02-17,actual,48.0,61.25,48.0,48.0,0
SKU176,2025-02-24,actual,40.0,52.25,40.0,40.0,0
SKU176,2025-03-03,actual,48.0,44.75,48.0,48.0,0
SKU176,2025-03-10,actual,42.0,44.75,42.0,42.0,0
SKU176,2025-03-17,actual,46.0,44.5,46.0,46.0,0
SKU176,2025-03-24,actual,29.0,44.0,29.0,29.0,0
SKU176,2025-03-31,actual,26.0,41.25,26.0,26.0,0
SKU176,2025-04-07,actual,19.0,35.75,19.0,19.0,0
SKU176,2025-04-14,actual,31.0,30.0,31.0,31.0,0
SKU176,2025-04-21,actual,27.0,26.25,27.0,27.0,0
SKU176,2025-04-28,actual,51.0,25.75,51.0,51.0,0
SKU176,2025-05-05,actual,33.0,32.0,33.0,33.0,0
SKU176,2025-05-12,actual,31.0,35.5,31.0,31.0,0
SKU176,2025-05-19,actual,36.0,35.5,36.0,36.0,0
SKU176,2025-05-26,actual,29.0,37.75,29.0,29.0,0
SKU176,2025-06-02,actual,31.0,32.25,31.0,31.0,0
SKU176,2025-06-09,actual,28.0,31.75,28.0,28.0,0
SKU176,2025-06-16,actual,26.0,31.0,26.0,26.0,0
SKU176,2025-06-23,actual,35.0,28.5,35.0,35.0,0
SKU176,2025-06-30,actual,34.0,30.0,34.0,34.0,0
SKU176,2025-07-07,actual,40.0,30.75,40.0,40.0,0
SKU176,2025-07-14,actual,32.0,31.0,32.0,32.0,0
SKU176,2025-07-21,actual,32.0,36.0,32.0,32.0,0
SKU176,2025-07-28,actual,25.0,46.0,25.0,25.0,0
SKU176,2025-08-04,actual,38.0,38.0,38.0,38.0,0
SKU176,2025-08-11,actual,71.0,87.0,71.0,71.0,0
SKU176,2025-08-18,actual,34.0,48.0,34.0,34.0,0
SKU176,2025-08-25,actual,47.0,48.0,47.0,47.0,0
SKU176,2025-09-01,actual,47.0,45.0,47.0,47.0,0
SKU176,2025-09-08,actual,49.0,49.0,49.0,49.0,0
SKU176,2025-09-15,actual,35.0,36.0,35.0,35.0,0
SKU176,2025-09-22,actual,50.0,43.0,50.0,50.0,0
SKU176,2025-09-29,actual,54.0,48.0,54.0,54.0,0
SKU176,2025-10-06,actual,37.0,43.0,37.0,37.0,0
SKU176,2025-10-13,actual,46.0,65.0,46.0,46.0,0
SKU176,2025-10-20,actual,119.0,100.0,119.0,119.0,0
SKU176,2025-10-27,actual,48.0,48.0,48.0,48.0,0
SKU176,2025-11-03,actual,59.0,61.0,59.0,59.0,0
SKU176,2025-11-10,actual,46.0,64.0,46.0,46.0,0
SKU176,2025-11-17,actual,50.0,49.0,50.0,50.0,0
SKU176,2025-11-24,actual,73.0,51.0,73.0,73.0,0
SKU176,2025-12-01,actual,55.0,57.0,55.0,55.0,0
SKU176,2025-12-08,actual,52.0,66.0,52.0,52.0,0
SKU176,2025-12-15,actual,60.0,64.0,60.0,60.0,0
SKU176,2025-12-22,actual,111.0,118.0,111.0,111.0,0
SKU176,2025-12-29,actual,56.0,72.0,56.0,56.0,0
SKU176,2026-01-05,actual,57.0,58.0,57.0,57.0,0
SKU176,2026-01-12,actual,47.0,56.0,47.0,47.0,0
SKU176,2026-01-19,actual,77.0,84.0,77.0,77.0,0
SKU176,2026-01-26,actual,72.0,70.0,72.0,72.0,0
SKU176,2026-02-02,actual,45.0,48.0,45.0,45.0,0
SKU176,2026-02-09,actual,49.0,43.0,49.0,49.0,0
SKU176,2026-02-16,actual,50.0,48.0,50.0,50.0,0
SKU176,2026-02-23,actual,40.0,40.0,40.0,40.0,0
SKU176,2026-03-02,actual,44.0,48.0,44.0,44.0,0
SKU176,2026-03-09,actual,45.0,42.0,45.0,45.0,0
SKU176,2026-03-16,actual,34.0,46.0,34.0,34.0,0
SKU176,2026-03-23,actual,34.0,29.0,34.0,34.0,0
SKU176,2026-03-30,actual,31.0,26.0,31.0,31.0,0
SKU176,2026-04-06,actual,35.0,19.0,35.0,35.0,0
SKU176,2026-04-13,actual,28.0,31.0,28.0,28.0,0
SKU176,2026-04-20,actual,28.0,27.0,28.0,28.0,0
SKU176,2026-04-27,actual,53.0,51.0,53.0,53.0,0
SKU176,2026-05-04,actual,39.0,33.0,39.0,39.0,0
SKU176,2026-05-11,actual,31.0,31.0,31.0,31.0,0
SKU176,2026-05-18,actual,23.0,36.0,23.0,23.0,0
SKU176,2026-05-25,actual,27.0,29.0,27.0,27.0,0
SKU176,2026-06-01,actual,35.0,31.0,35.0,35.0,0
SKU176,2026-06-08,actual,40.0,28.0,40.0,40.0,0
SKU176,2026-06-15,actual,39.0,26.0,39.0,39.0,0
SKU177,2024-08-12,actual,10.0,0.0,10.0,10.0,0
SKU177,2024-08-19,actual,5.0,10.0,5.0,5.0,0
SKU177,2024-08-26,actual,12.0,7.5,12.0,12.0,0
SKU177,2024-09-02,actual,8.0,9.0,8.0,8.0,0
SKU177,2024-09-09,actual,6.0,8.75,6.0,6.0,0
SKU177,2024-09-16,actual,11.0,7.75,11.0,11.0,0
SKU177,2024-09-23,actual,12.0,9.25,12.0,12.0,0
SKU177,2024-09-30,actual,13.0,9.25,13.0,13.0,0
SKU177,2024-10-07,actual,11.0,10.5,11.0,11.0,0
SKU177,2024-10-14,actual,12.0,11.75,12.0,12.0,0
SKU177,2024-10-21,actual,16.0,12.0,16.0,16.0,0
SKU177,2024-10-28,actual,5.0,13.0,5.0,5.0,0
SKU177,2024-11-04,actual,6.0,11.0,6.0,6.0,0
SKU177,2024-11-11,actual,8.0,9.75,8.0,8.0,0
SKU177,2024-11-18,actual,11.0,8.75,11.0,11.0,0
SKU177,2024-11-25,actual,5.0,7.5,5.0,5.0,0
SKU177,2024-12-02,actual,10.0,7.5,10.0,10.0,0
SKU177,2024-12-09,actual,6.0,8.5,6.0,6.0,0
SKU177,2024-12-16,actual,3.0,8.0,3.0,3.0,0
SKU177,2024-12-23,actual,8.0,6.0,8.0,8.0,0
SKU177,2024-12-30,actual,8.0,6.75,8.0,8.0,0
SKU177,2025-01-06,actual,7.0,6.25,7.0,7.0,0
SKU177,2025-01-13,actual,3.0,6.5,3.0,3.0,0
SKU177,2025-01-20,actual,6.0,6.5,6.0,6.0,0
SKU177,2025-01-27,actual,9.0,6.0,9.0,9.0,0
SKU177,2025-02-03,actual,8.0,6.25,8.0,8.0,0
SKU177,2025-02-10,actual,7.0,6.5,7.0,7.0,0
SKU177,2025-02-17,actual,3.0,7.5,3.0,3.0,0
SKU177,2025-02-24,actual,5.0,6.75,5.0,5.0,0
SKU177,2025-03-03,actual,7.0,5.75,7.0,7.0,0
SKU177,2025-03-10,actual,9.0,5.5,9.0,9.0,0
SKU177,2025-03-17,actual,4.0,6.0,4.0,4.0,0
SKU177,2025-03-24,actual,8.0,6.25,8.0,8.0,0
SKU177,2025-03-31,actual,5.0,7.0,5.0,5.0,0
SKU177,2025-04-07,actual,10.0,6.5,10.0,10.0,0
SKU177,2025-04-14,actual,6.0,6.75,6.0,6.0,0
SKU177,2025-04-21,actual,10.0,7.25,10.0,10.0,0
SKU177,2025-04-28,actual,4.0,7.75,4.0,4.0,0
SKU177,2025-05-05,actual,11.0,7.5,11.0,11.0,0
SKU177,2025-05-12,actual,8.0,7.75,8.0,8.0,0
SKU177,2025-05-19,actual,6.0,8.25,6.0,6.0,0
SKU177,2025-05-26,actual,12.0,7.25,12.0,12.0,0
SKU177,2025-06-02,actual,10.0,9.25,10.0,10.0,0
SKU177,2025-06-09,actual,10.0,9.0,10.0,10.0,0
SKU177,2025-06-16,actual,4.0,9.5,4.0,4.0,0
SKU177,2025-06-23,actual,6.0,9.0,6.0,6.0,0
SKU177,2025-06-30,actual,7.0,7.5,7.0,7.0,0
SKU177,2025-07-07,actual,7.0,6.75,7.0,7.0,0
SKU177,2025-07-14,actual,12.0,6.0,12.0,12.0,0
SKU177,2025-07-21,actual,12.0,8.0,12.0,12.0,0
SKU177,2025-07-28,actual,14.0,9.5,14.0,14.0,0
SKU177,2025-08-04,actual,18.0,11.25,18.0,18.0,0
SKU177,2025-08-11,actual,13.0,10.0,13.0,13.0,0
SKU177,2025-08-18,actual,13.0,5.0,13.0,13.0,0
SKU177,2025-08-25,actual,14.0,12.0,14.0,14.0,0
SKU177,2025-09-01,actual,9.0,8.0,9.0,9.0,0
SKU177,2025-09-08,actual,8.0,6.0,8.0,8.0,0
SKU177,2025-09-15,actual,16.0,11.0,16.0,16.0,0
SKU177,2025-09-22,actual,10.0,12.0,10.0,10.0,0
SKU177,2025-09-29,actual,4.0,13.0,4.0,4.0,0
SKU177,2025-10-06,actual,8.0,11.0,8.0,8.0,0
SKU177,2025-10-13,actual,15.0,12.0,15.0,15.0,0
SKU177,2025-10-20,actual,15.0,16.0,15.0,15.0,0
SKU177,2025-10-27,actual,6.0,5.0,6.0,6.0,0
SKU177,2025-11-03,actual,4.0,6.0,4.0,4.0,0
SKU177,2025-11-10,actual,7.0,8.0,7.0,7.0,0
SKU177,2025-11-17,actual,10.0,11.0,10.0,10.0,0
SKU177,2025-11-24,actual,7.0,5.0,7.0,7.0,0
SKU177,2025-12-01,actual,7.0,10.0,7.0,7.0,0
SKU177,2025-12-08,actual,12.0,6.0,12.0,12.0,0
SKU177,2025-12-15,actual,6.0,3.0,6.0,6.0,0
SKU177,2025-12-22,actual,17.0,8.0,17.0,17.0,0
SKU177,2025-12-29,actual,6.0,8.0,6.0,6.0,0
SKU177,2026-01-05,actual,9.0,7.0,9.0,9.0,0
SKU177,2026-01-12,actual,6.0,3.0,6.0,6.0,0
SKU177,2026-01-19,actual,6.0,6.0,6.0,6.0,0
SKU177,2026-01-26,actual,9.0,9.0,9.0,9.0,0
SKU177,2026-02-02,actual,3.0,8.0,3.0,3.0,0
SKU177,2026-02-09,actual,9.0,7.0,9.0,9.0,0
SKU177,2026-02-16,actual,3.0,3.0,3.0,3.0,0
SKU177,2026-02-23,actual,8.0,5.0,8.0,8.0,0
SKU177,2026-03-02,actual,6.0,7.0,6.0,6.0,0
SKU177,2026-03-09,actual,8.0,9.0,8.0,8.0,0
SKU177,2026-03-16,actual,1.0,4.0,1.0,1.0,0
SKU177,2026-03-23,actual,4.0,8.0,4.0,4.0,0
SKU177,2026-03-30,actual,6.0,5.0,6.0,6.0,0
SKU177,2026-04-06,actual,6.0,10.0,6.0,6.0,0
SKU177,2026-04-13,actual,7.0,6.0,7.0,7.0,0
SKU177,2026-04-20,actual,5.0,10.0,5.0,5.0,0
SKU177,2026-04-27,actual,7.0,4.0,7.0,7.0,0
SKU177,2026-05-04,actual,7.0,11.0,7.0,7.0,0
SKU177,2026-05-11,actual,10.0,8.0,10.0,10.0,0
SKU177,2026-05-18,actual,5.0,6.0,5.0,5.0,0
SKU177,2026-05-25,actual,10.0,12.0,10.0,10.0,0
SKU177,2026-06-01,actual,4.0,10.0,4.0,4.0,0
SKU177,2026-06-08,actual,21.0,10.0,21.0,21.0,0
SKU177,2026-06-15,actual,10.0,4.0,10.0,10.0,0
SKU178,2025-03-10,actual,9.0,0.0,9.0,9.0,0
SKU178,2025-03-17,actual,5.0,9.0,5.0,5.0,0
SKU178,2025-03-24,actual,6.0,7.0,6.0,6.0,0
SKU178,2025-03-31,actual,8.0,6.666666666666667,8.0,8.0,0
SKU178,2025-04-07,actual,3.0,7.0,3.0,3.0,0
SKU178,2025-04-14,actual,2.0,5.5,2.0,2.0,0
SKU178,2025-04-21,actual,6.0,4.75,6.0,6.0,0
SKU178,2025-04-28,actual,24.0,4.75,24.0,24.0,0
SKU178,2025-05-05,actual,12.0,8.75,12.0,12.0,0
SKU178,2025-05-12,actual,10.0,11.0,10.0,10.0,0
SKU178,2025-05-19,actual,5.0,13.0,5.0,5.0,0
SKU178,2025-05-26,actual,8.0,12.75,8.0,8.0,0
SKU178,2025-06-02,actual,11.0,8.75,11.0,11.0,0
SKU178,2025-06-09,actual,9.0,8.5,9.0,9.0,0
SKU178,2025-06-16,actual,7.0,8.25,7.0,7.0,0
SKU178,2025-06-23,actual,7.0,8.75,7.0,7.0,0
SKU178,2025-06-30,actual,10.0,8.5,10.0,10.0,0
SKU178,2025-07-07,actual,7.0,8.25,7.0,7.0,0
SKU178,2025-07-14,actual,5.0,7.75,5.0,5.0,0
SKU178,2025-07-21,actual,8.0,7.25,8.0,8.0,0
SKU178,2025-07-28,actual,11.0,7.5,11.0,11.0,0
SKU178,2025-08-04,actual,9.0,7.75,9.0,9.0,0
SKU178,2025-08-11,actual,13.0,8.25,13.0,13.0,0
SKU178,2025-08-18,actual,6.0,10.25,6.0,6.0,0
SKU178,2025-08-25,actual,8.0,9.75,8.0,8.0,0
SKU178,2025-09-01,actual,6.0,9.0,6.0,6.0,0
SKU178,2025-09-08,actual,4.0,8.25,4.0,4.0,0
SKU178,2025-09-15,actual,4.0,6.0,4.0,4.0,0
SKU178,2025-09-22,actual,9.0,5.5,9.0,9.0,0
SKU178,2025-09-29,actual,10.0,5.75,10.0,10.0,0
SKU178,2025-10-06,actual,5.0,6.75,5.0,5.0,0
SKU178,2025-10-13,actual,5.0,7.0,5.0,5.0,0
SKU178,2025-10-20,actual,12.0,7.25,12.0,12.0,0
SKU178,2025-10-27,actual,5.0,8.0,5.0,5.0,0
SKU178,2025-11-03,actual,6.0,6.75,6.0,6.0,0
SKU178,2025-11-10,actual,10.0,7.0,10.0,10.0,0
SKU178,2025-11-17,actual,2.0,8.25,2.0,2.0,0
SKU178,2025-11-24,actual,6.0,5.75,6.0,6.0,0
SKU178,2025-12-01,actual,5.0,6.0,5.0,5.0,0
SKU178,2025-12-08,actual,4.0,5.75,4.0,4.0,0
SKU178,2025-12-15,actual,4.0,4.25,4.0,4.0,0
SKU178,2025-12-22,actual,5.0,4.75,5.0,5.0,0
SKU178,2025-12-29,actual,5.0,4.5,5.0,5.0,0
SKU178,2026-01-05,actual,7.0,4.5,7.0,7.0,0
SKU178,2026-01-12,actual,4.0,5.25,4.0,4.0,0
SKU178,2026-01-19,actual,8.0,5.25,8.0,8.0,0
SKU178,2026-01-26,actual,9.0,6.0,9.0,9.0,0
SKU178,2026-02-02,actual,6.0,7.0,6.0,6.0,0
SKU178,2026-02-09,actual,5.0,6.75,5.0,5.0,0
SKU178,2026-02-16,actual,6.0,7.0,6.0,6.0,0
SKU178,2026-02-23,actual,5.0,6.5,5.0,5.0,0
SKU178,2026-03-02,actual,9.0,5.5,9.0,9.0,0
SKU178,2026-03-09,actual,9.0,9.0,9.0,9.0,0
SKU178,2026-03-16,actual,7.0,5.0,7.0,7.0,0
SKU178,2026-03-23,actual,10.0,6.0,10.0,10.0,0
SKU178,2026-03-30,actual,8.0,8.0,8.0,8.0,0
SKU178,2026-04-06,actual,6.0,3.0,6.0,6.0,0
SKU178,2026-04-13,actual,7.0,2.0,7.0,7.0,0
SKU178,2026-04-20,actual,15.0,6.0,15.0,15.0,0
SKU178,2026-04-27,actual,9.0,24.0,9.0,9.0,0
SKU178,2026-05-04,actual,9.0,12.0,9.0,9.0,0
SKU178,2026-05-11,actual,8.0,10.0,8.0,8.0,0
SKU178,2026-05-18,actual,18.0,5.0,18.0,18.0,0
SKU178,2026-05-25,actual,4.0,8.0,4.0,4.0,0
SKU178,2026-06-01,actual,11.0,11.0,11.0,11.0,0
SKU178,2026-06-08,actual,9.0,9.0,9.0,9.0,0
SKU178,2026-06-15,actual,9.0,7.0,9.0,9.0,0
SKU179,2026-02-16,actual,4.0,0.0,4.0,4.0,0
SKU179,2026-02-23,actual,31.0,4.0,31.0,31.0,0
SKU179,2026-03-02,actual,25.0,17.5,25.0,25.0,0
SKU179,2026-03-09,actual,23.0,20.0,23.0,23.0,0
SKU179,2026-03-16,actual,21.0,20.75,21.0,21.0,0
SKU179,2026-03-23,actual,26.0,25.0,26.0,26.0,0
SKU179,2026-03-30,actual,16.0,23.75,16.0,16.0,0
SKU179,2026-04-06,actual,19.0,21.5,19.0,19.0,0
SKU179,2026-04-13,actual,19.0,20.5,19.0,19.0,0
SKU179,2026-04-20,actual,20.0,20.0,20.0,20.0,0
SKU179,2026-04-27,actual,31.0,18.5,31.0,31.0,0
SKU179,2026-05-04,actual,23.0,22.25,23.0,23.0,0
SKU179,2026-05-11,actual,9.0,23.25,9.0,9.0,0
SKU179,2026-05-18,actual,10.0,20.75,10.0,10.0,0
SKU179,2026-05-25,actual,11.0,18.25,11.0,11.0,0
SKU179,2026-06-01,actual,15.0,13.25,15.0,15.0,0
SKU179,2026-06-08,actual,12.0,11.25,12.0,12.0,0
SKU179,2026-06-15,actual,11.0,12.0,11.0,11.0,0
SKU180,2025-06-09,actual,9.0,0.0,9.0,9.0,0
SKU180,2025-06-16,actual,11.0,9.0,11.0,11.0,0
SKU180,2025-06-23,actual,11.0,10.0,11.0,11.0,0
SKU180,2025-06-30,actual,14.0,10.333333333333334,14.0,14.0,0
SKU180,2025-07-07,actual,12.0,11.25,12.0,12.0,0
SKU180,2025-07-14,actual,10.0,12.0,10.0,10.0,0
SKU180,2025-07-21,actual,12.0,11.75,12.0,12.0,0
SKU180,2025-07-28,actual,5.0,12.0,5.0,5.0,0
SKU180,2025-08-04,actual,9.0,9.75,9.0,9.0,0
SKU180,2025-08-11,actual,24.0,9.0,24.0,24.0,0
SKU180,2025-08-18,actual,12.0,12.5,12.0,12.0,0
SKU180,2025-08-25,actual,7.0,12.5,7.0,7.0,0
SKU180,2025-09-01,actual,16.0,13.0,16.0,16.0,0
SKU180,2025-09-08,actual,14.0,14.75,14.0,14.0,0
SKU180,2025-09-15,actual,8.0,12.25,8.0,8.0,0
SKU180,2025-09-22,actual,8.0,11.25,8.0,8.0,0
SKU180,2025-09-29,actual,11.0,11.5,11.0,11.0,0
SKU180,2025-10-06,actual,10.0,10.25,10.0,10.0,0
SKU180,2025-10-13,actual,9.0,9.25,9.0,9.0,0
SKU180,2025-10-20,actual,20.0,9.5,20.0,20.0,0
SKU180,2025-10-27,actual,9.0,12.5,9.0,9.0,0
SKU180,2025-11-03,actual,6.0,12.0,6.0,6.0,0
SKU180,2025-11-10,actual,13.0,11.0,13.0,13.0,0
SKU180,2025-11-17,actual,8.0,12.0,8.0,8.0,0
SKU180,2025-11-24,actual,14.0,9.0,14.0,14.0,0
SKU180,2025-12-01,actual,16.0,10.25,16.0,16.0,0
SKU180,2025-12-08,actual,12.0,12.75,12.0,12.0,0
SKU180,2025-12-15,actual,11.0,12.5,11.0,11.0,0
SKU180,2025-12-22,actual,21.0,13.25,21.0,21.0,0
SKU180,2025-12-29,actual,18.0,15.0,18.0,18.0,0
SKU180,2026-01-05,actual,10.0,15.5,10.0,10.0,0
SKU180,2026-01-12,actual,4.0,15.0,4.0,4.0,0
SKU180,2026-01-19,actual,24.0,13.25,24.0,24.0,0
SKU180,2026-01-26,actual,24.0,14.0,24.0,24.0,0
SKU180,2026-02-02,actual,15.0,15.5,15.0,15.0,0
SKU180,2026-02-09,actual,22.0,16.75,22.0,22.0,0
SKU180,2026-02-16,actual,19.0,21.25,19.0,19.0,0
SKU180,2026-02-23,actual,17.0,20.0,17.0,17.0,0
SKU180,2026-03-02,actual,15.0,18.25,15.0,15.0,0
SKU180,2026-03-09,actual,16.0,18.25,16.0,16.0,0
SKU180,2026-03-16,actual,12.0,16.75,12.0,12.0,0
SKU180,2026-03-23,actual,18.0,15.0,18.0,18.0,0
SKU180,2026-03-30,actual,20.0,15.25,20.0,20.0,0
SKU180,2026-04-06,actual,16.0,16.5,16.0,16.0,0
SKU180,2026-04-13,actual,14.0,16.5,14.0,14.0,0
SKU180,2026-04-20,actual,19.0,17.0,19.0,19.0,0
SKU180,2026-04-27,actual,26.0,17.25,26.0,26.0,0
SKU180,2026-05-04,actual,22.0,18.75,22.0,22.0,0
SKU180,2026-05-11,actual,16.0,20.25,16.0,16.0,0
SKU180,2026-05-18,actual,16.0,20.75,16.0,16.0,0
SKU180,2026-05-25,actual,13.0,20.0,13.0,13.0,0
SKU180,2026-06-01,actual,18.0,16.75,18.0,18.0,0
SKU180,2026-06-08,actual,16.0,9.0,16.0,16.0,0
SKU180,2026-06-15,actual,12.0,11.0,12.0,12.0,0
SKU181,2025-07-28,actual,3.0,0.0,3.0,3.0,0
SKU181,2025-08-04,actual,18.0,3.0,18.0,18.0,0
SKU181,2025-08-11,actual,26.0,10.5,26.0,26.0,0
SKU181,2025-08-18,actual,20.0,15.666666666666666,20.0,20.0,0
SKU181,2025-08-25,actual,14.0,16.75,14.0,14.0,0
SKU181,2025-09-01,actual,11.0,19.5,11.0,11.0,0
SKU181,2025-09-08,actual,19.0,17.75,19.0,19.0,0
SKU181,2025-09-15,actual,24.0,16.0,24.0,24.0,0
SKU181,2025-09-22,actual,22.0,17.0,22.0,22.0,0
SKU181,2025-09-29,actual,30.0,19.0,30.0,30.0,0
SKU181,2025-10-06,actual,24.0,23.75,24.0,24.0,0
SKU181,2025-10-13,actual,18.0,25.0,18.0,18.0,0
SKU181,2025-10-20,actual,59.0,23.5,59.0,59.0,0
SKU181,2025-10-27,actual,25.0,32.75,25.0,25.0,0
SKU181,2025-11-03,actual,14.0,31.5,14.0,14.0,0
SKU181,2025-11-10,actual,22.0,29.0,22.0,22.0,0
SKU181,2025-11-17,actual,24.0,30.0,24.0,24.0,0
SKU181,2025-11-24,actual,32.0,21.25,32.0,32.0,0
SKU181,2025-12-01,actual,13.0,23.0,13.0,13.0,0
SKU181,2025-12-08,actual,30.0,22.75,30.0,30.0,0
SKU181,2025-12-15,actual,23.0,24.75,23.0,23.0,0
SKU181,2025-12-22,actual,49.0,24.5,49.0,49.0,0
SKU181,2025-12-29,actual,32.0,28.75,32.0,32.0,0
SKU181,2026-01-05,actual,22.0,33.5,22.0,22.0,0
SKU181,2026-01-12,actual,17.0,31.5,17.0,17.0,0
SKU181,2026-01-19,actual,24.0,30.0,24.0,24.0,0
SKU181,2026-01-26,actual,26.0,23.75,26.0,26.0,0
SKU181,2026-02-02,actual,19.0,22.25,19.0,19.0,0
SKU181,2026-02-09,actual,24.0,21.5,24.0,24.0,0
SKU181,2026-02-16,actual,30.0,23.25,30.0,30.0,0
SKU181,2026-02-23,actual,21.0,24.75,21.0,21.0,0
SKU181,2026-03-02,actual,20.0,23.5,20.0,20.0,0
SKU181,2026-03-09,actual,19.0,23.75,19.0,19.0,0
SKU181,2026-03-16,actual,21.0,22.5,21.0,21.0,0
SKU181,2026-03-23,actual,22.0,20.25,22.0,22.0,0
SKU181,2026-03-30,actual,15.0,20.5,15.0,15.0,0
SKU181,2026-04-06,actual,16.0,19.25,16.0,16.0,0
SKU181,2026-04-13,actual,20.0,18.5,20.0,20.0,0
SKU181,2026-04-20,actual,15.0,18.25,15.0,15.0,0
SKU181,2026-04-27,actual,17.0,16.5,17.0,17.0,0
SKU181,2026-05-04,actual,17.0,17.0,17.0,17.0,0
SKU181,2026-05-11,actual,11.0,17.25,11.0,11.0,0
SKU181,2026-05-18,actual,8.0,15.0,8.0,8.0,0
SKU181,2026-05-25,actual,7.0,13.25,7.0,7.0,0
SKU181,2026-06-01,actual,13.0,10.75,13.0,13.0,0
SKU181,2026-06-08,actual,14.0,9.75,14.0,14.0,0
SKU181,2026-06-15,actual,7.0,10.5,7.0,7.0,0
SKU182,2024-05-27,actual,1.0,0.0,1.0,1.0,0
SKU182,2024-06-03,actual,4.0,1.0,4.0,4.0,0
SKU182,2024-06-10,actual,7.0,2.5,7.0,7.0,0
SKU182,2024-06-17,actual,8.0,4.0,8.0,8.0,0
SKU182,2024-06-24,actual,8.0,5.0,8.0,8.0,0
SKU182,2024-07-01,actual,12.0,6.75,12.0,12.0,0
SKU182,2024-07-08,actual,8.0,8.75,8.0,8.0,0
SKU182,2024-07-15,actual,7.0,9.0,7.0,7.0,0
SKU182,2024-07-22,actual,7.0,8.75,7.0,7.0,0
SKU182,2024-07-29,actual,8.0,8.5,8.0,8.0,0
SKU182,2024-08-05,actual,11.0,7.5,11.0,11.0,0
SKU182,2024-08-12,actual,16.0,8.25,16.0,16.0,0
SKU182,2024-08-19,actual,5.0,10.5,5.0,5.0,0
SKU182,2024-08-26,actual,4.0,10.0,4.0,4.0,0
SKU182,2024-09-02,actual,9.0,9.0,9.0,9.0,0
SKU182,2024-09-09,actual,8.0,8.5,8.0,8.0,0
SKU182,2024-09-16,actual,7.0,6.5,7.0,7.0,0
SKU182,2024-09-23,actual,7.0,7.0,7.0,7.0,0
SKU182,2024-09-30,actual,7.0,7.75,7.0,7.0,0
SKU182,2024-10-07,actual,3.0,7.25,3.0,3.0,0
SKU182,2024-10-14,actual,13.0,6.0,13.0,13.0,0
SKU182,2024-10-21,actual,17.0,7.5,17.0,17.0,0
SKU182,2024-10-28,actual,4.0,10.0,4.0,4.0,0
SKU182,2024-11-04,actual,3.0,9.25,3.0,3.0,0
SKU182,2024-11-11,actual,4.0,9.25,4.0,4.0,0
SKU182,2024-11-18,actual,2.0,7.0,2.0,2.0,0
SKU182,2024-11-25,actual,8.0,3.25,8.0,8.0,0
SKU182,2024-12-02,actual,3.0,4.25,3.0,3.0,0
SKU182,2024-12-09,actual,2.0,4.25,2.0,2.0,0
SKU182,2024-12-16,actual,7.0,3.75,7.0,7.0,0
SKU182,2024-12-23,actual,7.0,5.0,7.0,7.0,0
SKU182,2024-12-30,actual,5.0,4.75,5.0,5.0,0
SKU182,2025-01-06,actual,2.0,5.25,2.0,2.0,0
SKU182,2025-01-13,actual,4.0,5.25,4.0,4.0,0
SKU182,2025-01-20,actual,9.0,4.5,9.0,9.0,0
SKU182,2025-01-27,actual,5.0,5.0,5.0,5.0,0
SKU182,2025-02-03,actual,1.0,5.0,1.0,1.0,0
SKU182,2025-02-10,actual,2.0,4.75,2.0,2.0,0
SKU182,2025-02-17,actual,2.0,4.25,2.0,2.0,0
SKU182,2025-02-24,actual,5.0,2.5,5.0,5.0,0
SKU182,2025-03-03,actual,4.0,2.5,4.0,4.0,0
SKU182,2025-03-10,actual,3.0,3.25,3.0,3.0,0
SKU182,2025-03-17,actual,9.0,3.5,9.0,9.0,0
SKU182,2025-03-24,actual,7.0,5.25,7.0,7.0,0
SKU182,2025-03-31,actual,3.0,5.75,3.0,3.0,0
SKU182,2025-04-07,actual,5.0,5.5,5.0,5.0,0
SKU182,2025-04-14,actual,6.0,6.0,6.0,6.0,0
SKU182,2025-04-21,actual,4.0,5.25,4.0,4.0,0
SKU182,2025-04-28,actual,16.0,4.5,16.0,16.0,0
SKU182,2025-05-05,actual,9.0,7.75,9.0,9.0,0
SKU182,2025-05-12,actual,3.0,8.75,3.0,3.0,0
SKU182,2025-05-19,actual,11.0,8.0,11.0,11.0,0
SKU182,2025-05-26,actual,5.0,1.0,5.0,5.0,0
SKU182,2025-06-02,actual,5.0,4.0,5.0,5.0,0
SKU182,2025-06-09,actual,2.0,7.0,2.0,2.0,0
SKU182,2025-06-16,actual,8.0,8.0,8.0,8.0,0
SKU182,2025-06-23,actual,7.0,8.0,7.0,7.0,0
SKU182,2025-06-30,actual,3.0,12.0,3.0,3.0,0
SKU182,2025-07-07,actual,11.0,8.0,11.0,11.0,0
SKU182,2025-07-14,actual,8.0,7.0,8.0,8.0,0
SKU182,2025-07-21,actual,6.0,7.0,6.0,6.0,0
SKU182,2025-07-28,actual,7.0,8.0,7.0,7.0,0
SKU182,2025-08-04,actual,7.0,11.0,7.0,7.0,0
SKU182,2025-08-11,actual,10.0,16.0,10.0,10.0,0
SKU182,2025-08-18,actual,7.0,5.0,7.0,7.0,0
SKU182,2025-08-25,actual,8.0,4.0,8.0,8.0,0
SKU182,2025-09-01,actual,5.0,9.0,5.0,5.0,0
SKU182,2025-09-08,actual,8.0,8.0,8.0,8.0,0
SKU182,2025-09-15,actual,6.0,7.0,6.0,6.0,0
SKU182,2025-09-22,actual,6.0,7.0,6.0,6.0,0
SKU182,2025-09-29,actual,4.0,7.0,4.0,4.0,0
SKU182,2025-10-06,actual,10.0,3.0,10.0,10.0,0
SKU182,2025-10-13,actual,2.0,13.0,2.0,2.0,0
SKU182,2025-10-20,actual,18.0,17.0,18.0,18.0,0
SKU182,2025-10-27,actual,8.0,4.0,8.0,8.0,0
SKU182,2025-11-03,actual,5.0,3.0,5.0,5.0,0
SKU182,2025-11-10,actual,6.0,4.0,6.0,6.0,0
SKU182,2025-11-17,actual,2.0,2.0,2.0,2.0,0
SKU182,2025-11-24,actual,2.0,8.0,2.0,2.0,0
SKU182,2025-12-01,actual,3.0,3.0,3.0,3.0,0
SKU182,2025-12-08,actual,4.0,2.0,4.0,4.0,0
SKU182,2025-12-15,actual,8.0,7.0,8.0,8.0,0
SKU182,2025-12-22,actual,12.0,7.0,12.0,12.0,0
SKU182,2025-12-29,actual,7.0,5.0,7.0,7.0,0
SKU182,2026-01-05,actual,7.0,2.0,7.0,7.0,0
SKU182,2026-01-12,actual,6.0,4.0,6.0,6.0,0
SKU182,2026-01-19,actual,2.0,9.0,2.0,2.0,0
SKU182,2026-01-26,actual,7.0,5.0,7.0,7.0,0
SKU182,2026-02-02,actual,3.0,1.0,3.0,3.0,0
SKU182,2026-02-09,actual,1.0,2.0,1.0,1.0,0
SKU182,2026-02-16,actual,5.0,2.0,5.0,5.0,0
SKU182,2026-02-23,actual,4.0,5.0,4.0,4.0,0
SKU182,2026-03-02,actual,2.0,4.0,2.0,2.0,0
SKU182,2026-03-09,actual,3.0,3.0,3.0,3.0,0
SKU182,2026-03-16,actual,0.0,9.0,0.0,0.0,0
SKU182,2026-03-23,actual,3.0,7.0,3.0,3.0,0
SKU182,2026-03-30,actual,8.0,3.0,8.0,8.0,0
SKU182,2026-04-06,actual,5.0,5.0,5.0,5.0,0
SKU182,2026-04-13,actual,6.0,6.0,6.0,6.0,0
SKU182,2026-04-20,actual,4.0,4.0,4.0,4.0,0
SKU182,2026-04-27,actual,15.0,16.0,15.0,15.0,0
SKU182,2026-05-04,actual,12.0,9.0,12.0,12.0,0
SKU182,2026-05-11,actual,7.0,3.0,7.0,7.0,0
SKU182,2026-05-18,actual,8.0,11.0,8.0,8.0,0
SKU182,2026-05-25,actual,8.0,5.0,8.0,8.0,0
SKU182,2026-06-01,actual,10.0,5.0,10.0,10.0,0
SKU182,2026-06-08,actual,10.0,2.0,10.0,10.0,0
SKU182,2026-06-15,actual,8.0,8.0,8.0,8.0,0
SKU183,2025-12-15,actual,17.0,0.0,17.0,17.0,0
SKU183,2025-12-22,actual,48.0,17.0,48.0,48.0,0
SKU183,2025-12-29,actual,24.0,32.5,24.0,24.0,0
SKU183,2026-01-05,actual,33.0,29.666666666666668,33.0,33.0,0
SKU183,2026-01-12,actual,29.0,30.5,29.0,29.0,0
SKU183,2026-01-19,actual,30.0,33.5,30.0,30.0,0
SKU183,2026-01-26,actual,34.0,29.0,34.0,34.0,0
SKU183,2026-02-02,actual,32.0,31.5,32.0,32.0,0
SKU183,2026-02-09,actual,31.0,31.25,31.0,31.0,0
SKU183,2026-02-16,actual,24.0,31.75,24.0,24.0,0
SKU183,2026-02-23,actual,35.0,30.25,35.0,35.0,0
SKU183,2026-03-02,actual,36.0,30.5,36.0,36.0,0
SKU183,2026-03-09,actual,34.0,31.5,34.0,34.0,0
SKU183,2026-03-16,actual,34.0,32.25,34.0,34.0,0
SKU183,2026-03-23,actual,43.0,34.75,43.0,43.0,0
SKU183,2026-03-30,actual,34.0,36.75,34.0,34.0,0
SKU183,2026-04-06,actual,33.0,36.25,33.0,33.0,0
SKU183,2026-04-13,actual,33.0,36.0,33.0,33.0,0
SKU183,2026-04-20,actual,30.0,35.75,30.0,30.0,0
SKU183,2026-04-27,actual,43.0,32.5,43.0,43.0,0
SKU183,2026-05-04,actual,39.0,34.75,39.0,39.0,0
SKU183,2026-05-11,actual,33.0,36.25,33.0,33.0,0
SKU183,2026-05-18,actual,33.0,36.25,33.0,33.0,0
SKU183,2026-05-25,actual,31.0,37.0,31.0,31.0,0
SKU183,2026-06-01,actual,28.0,34.0,28.0,28.0,0
SKU183,2026-06-08,actual,33.0,31.25,33.0,33.0,0
SKU183,2026-06-15,actual,36.0,31.25,36.0,36.0,0
SKU184,2024-05-27,actual,3.0,0.0,3.0,3.0,0
SKU184,2024-06-03,actual,6.0,3.0,6.0,6.0,0
SKU184,2024-06-10,actual,9.0,4.5,9.0,9.0,0
SKU184,2024-06-17,actual,10.0,6.0,10.0,10.0,0
SKU184,2024-06-24,actual,10.0,7.0,10.0,10.0,0
SKU184,2024-07-01,actual,11.0,8.75,11.0,11.0,0
SKU184,2024-07-08,actual,8.0,10.0,8.0,8.0,0
SKU184,2024-07-15,actual,7.0,9.75,7.0,7.0,0
SKU184,2024-07-22,actual,6.0,9.0,6.0,6.0,0
SKU184,2024-07-29,actual,6.0,8.0,6.0,6.0,0
SKU184,2024-08-05,actual,5.0,6.75,5.0,5.0,0
SKU184,2024-08-12,actual,15.0,6.0,15.0,15.0,0
SKU184,2024-08-19,actual,9.0,8.0,9.0,9.0,0
SKU184,2024-08-26,actual,3.0,8.75,3.0,3.0,0
SKU184,2024-09-02,actual,3.0,8.0,3.0,3.0,0
SKU184,2024-09-09,actual,6.0,7.5,6.0,6.0,0
SKU184,2024-09-16,actual,3.0,5.25,3.0,3.0,0
SKU184,2024-09-23,actual,4.0,3.75,4.0,4.0,0
SKU184,2024-09-30,actual,7.0,4.0,7.0,7.0,0
SKU184,2024-10-07,actual,5.0,5.0,5.0,5.0,0
SKU184,2024-10-14,actual,8.0,4.75,8.0,8.0,0
SKU184,2024-10-21,actual,8.0,6.0,8.0,8.0,0
SKU184,2024-10-28,actual,12.0,7.0,12.0,12.0,0
SKU184,2024-11-04,actual,13.0,8.25,13.0,13.0,0
SKU184,2024-11-11,actual,13.0,10.25,13.0,13.0,0
SKU184,2024-11-18,actual,7.0,11.5,7.0,7.0,0
SKU184,2024-11-25,actual,4.0,11.25,4.0,4.0,0
SKU184,2024-12-02,actual,6.0,9.25,6.0,6.0,0
SKU184,2024-12-09,actual,8.0,7.5,8.0,8.0,0
SKU184,2024-12-16,actual,8.0,6.25,8.0,8.0,0
SKU184,2024-12-23,actual,20.0,6.5,20.0,20.0,0
SKU184,2024-12-30,actual,13.0,10.5,13.0,13.0,0
SKU184,2025-01-06,actual,8.0,12.25,8.0,8.0,0
SKU184,2025-01-13,actual,15.0,12.25,15.0,15.0,0
SKU184,2025-01-20,actual,15.0,14.0,15.0,15.0,0
SKU184,2025-01-27,actual,17.0,12.75,17.0,17.0,0
SKU184,2025-02-03,actual,8.0,13.75,8.0,8.0,0
SKU184,2025-02-10,actual,8.0,13.75,8.0,8.0,0
SKU184,2025-02-17,actual,8.0,12.0,8.0,8.0,0
SKU184,2025-02-24,actual,16.0,10.25,16.0,16.0,0
SKU184,2025-03-03,actual,6.0,10.0,6.0,6.0,0
SKU184,2025-03-10,actual,9.0,9.5,9.0,9.0,0
SKU184,2025-03-17,actual,5.0,9.75,5.0,5.0,0
SKU184,2025-03-24,actual,5.0,9.0,5.0,5.0,0
SKU184,2025-03-31,actual,14.0,6.25,14.0,14.0,0
SKU184,2025-04-07,actual,9.0,8.25,9.0,9.0,0
SKU184,2025-04-14,actual,11.0,8.25,11.0,11.0,0
SKU184,2025-04-21,actual,13.0,9.75,13.0,13.0,0
SKU184,2025-04-28,actual,18.0,11.75,18.0,18.0,0
SKU184,2025-05-05,actual,12.0,12.75,12.0,12.0,0
SKU184,2025-05-12,actual,7.0,13.5,7.0,7.0,0
SKU184,2025-05-19,actual,16.0,12.5,16.0,16.0,0
SKU184,2025-05-26,actual,8.0,3.0,8.0,8.0,0
SKU184,2025-06-02,actual,9.0,6.0,9.0,9.0,0
SKU184,2025-06-09,actual,8.0,9.0,8.0,8.0,0
SKU184,2025-06-16,actual,11.0,10.0,11.0,11.0,0
SKU184,2025-06-23,actual,8.0,10.0,8.0,8.0,0
SKU184,2025-06-30,actual,8.0,11.0,8.0,8.0,0
SKU184,2025-07-07,actual,2.0,8.0,2.0,2.0,0
SKU184,2025-07-14,actual,6.0,7.0,6.0,6.0,0
SKU184,2025-07-21,actual,7.0,6.0,7.0,7.0,0
SKU184,2025-07-28,actual,10.0,6.0,10.0,10.0,0
SKU184,2025-08-04,actual,5.0,5.0,5.0,5.0,0
SKU184,2025-08-11,actual,14.0,15.0,14.0,14.0,0
SKU184,2025-08-18,actual,9.0,9.0,9.0,9.0,0
SKU184,2025-08-25,actual,6.0,3.0,6.0,6.0,0
SKU184,2025-09-01,actual,5.0,3.0,5.0,5.0,0
SKU184,2025-09-08,actual,6.0,6.0,6.0,6.0,0
SKU184,2025-09-15,actual,10.0,3.0,10.0,10.0,0
SKU184,2025-09-22,actual,9.0,4.0,9.0,9.0,0
SKU184,2025-09-29,actual,6.0,7.0,6.0,6.0,0
SKU184,2025-10-06,actual,5.0,5.0,5.0,5.0,0
SKU184,2025-10-13,actual,8.0,8.0,8.0,8.0,0
SKU184,2025-10-20,actual,15.0,8.0,15.0,15.0,0
SKU184,2025-10-27,actual,6.0,12.0,6.0,6.0,0
SKU184,2025-11-03,actual,5.0,13.0,5.0,5.0,0
SKU184,2025-11-10,actual,11.0,13.0,11.0,11.0,0
SKU184,2025-11-17,actual,5.0,7.0,5.0,5.0,0
SKU184,2025-11-24,actual,3.0,4.0,3.0,3.0,0
SKU184,2025-12-01,actual,7.0,6.0,7.0,7.0,0
SKU184,2025-12-08,actual,10.0,8.0,10.0,10.0,0
SKU184,2025-12-15,actual,8.0,8.0,8.0,8.0,0
SKU184,2025-12-22,actual,24.0,20.0,24.0,24.0,0
SKU184,2025-12-29,actual,15.0,13.0,15.0,15.0,0
SKU184,2026-01-05,actual,4.0,8.0,4.0,4.0,0
SKU184,2026-01-12,actual,6.0,15.0,6.0,6.0,0
SKU184,2026-01-19,actual,17.0,15.0,17.0,17.0,0
SKU184,2026-01-26,actual,19.0,17.0,19.0,19.0,0
SKU184,2026-02-02,actual,11.0,8.0,11.0,11.0,0
SKU184,2026-02-09,actual,13.0,8.0,13.0,13.0,0
SKU184,2026-02-16,actual,13.0,8.0,13.0,13.0,0
SKU184,2026-02-23,actual,13.0,16.0,13.0,13.0,0
SKU184,2026-03-02,actual,10.0,6.0,10.0,10.0,0
SKU184,2026-03-09,actual,8.0,9.0,8.0,8.0,0
SKU184,2026-03-16,actual,14.0,5.0,14.0,14.0,0
SKU184,2026-03-23,actual,6.0,5.0,6.0,6.0,0
SKU184,2026-03-30,actual,12.0,14.0,12.0,12.0,0
SKU184,2026-04-06,actual,18.0,9.0,18.0,18.0,0
SKU184,2026-04-13,actual,10.0,11.0,10.0,10.0,0
SKU184,2026-04-20,actual,14.0,13.0,14.0,14.0,0
SKU184,2026-04-27,actual,23.0,18.0,23.0,23.0,0
SKU184,2026-05-04,actual,9.0,12.0,9.0,9.0,0
SKU184,2026-05-11,actual,12.0,7.0,12.0,12.0,0
SKU184,2026-05-18,actual,7.0,16.0,7.0,7.0,0
SKU184,2026-05-25,actual,7.0,8.0,7.0,7.0,0
SKU184,2026-06-01,actual,8.0,9.0,8.0,8.0,0
SKU184,2026-06-08,actual,6.0,8.0,6.0,6.0,0
SKU184,2026-06-15,actual,10.0,11.0,10.0,10.0,0
SKU185,2026-01-19,actual,31.0,0.0,31.0,31.0,0
SKU185,2026-01-26,actual,29.0,31.0,29.0,29.0,0
SKU185,2026-02-02,actual,29.0,30.0,29.0,29.0,0
SKU185,2026-02-09,actual,36.0,29.666666666666668,36.0,36.0,0
SKU185,2026-02-16,actual,33.0,31.25,33.0,33.0,0
SKU185,2026-02-23,actual,33.0,31.75,33.0,33.0,0
SKU185,2026-03-02,actual,25.0,32.75,25.0,25.0,0
SKU185,2026-03-09,actual,25.0,31.75,25.0,25.0,0
SKU185,2026-03-16,actual,22.0,29.0,22.0,22.0,0
SKU185,2026-03-23,actual,22.0,26.25,22.0,22.0,0
SKU185,2026-03-30,actual,21.0,23.5,21.0,21.0,0
SKU185,2026-04-06,actual,24.0,22.5,24.0,24.0,0
SKU185,2026-04-13,actual,16.0,22.25,16.0,16.0,0
SKU185,2026-04-20,actual,21.0,20.75,21.0,21.0,0
SKU185,2026-04-27,actual,27.0,20.5,27.0,27.0,0
SKU185,2026-05-04,actual,21.0,22.0,21.0,21.0,0
SKU185,2026-05-11,actual,20.0,21.25,20.0,20.0,0
SKU185,2026-05-18,actual,18.0,22.25,18.0,18.0,0
SKU185,2026-05-25,actual,29.0,21.5,29.0,29.0,0
SKU185,2026-06-01,actual,16.0,22.0,16.0,16.0,0
SKU185,2026-06-08,actual,23.0,20.75,23.0,23.0,0
SKU185,2026-06-15,actual,20.0,21.5,20.0,20.0,0
SKU186,2024-05-27,actual,15.0,0.0,15.0,15.0,0
SKU186,2024-06-03,actual,67.0,15.0,67.0,67.0,0
SKU186,2024-06-10,actual,69.0,41.0,69.0,69.0,0
SKU186,2024-06-17,actual,58.0,50.333333333333336,58.0,58.0,0
SKU186,2024-06-24,actual,48.0,52.25,48.0,48.0,0
SKU186,2024-07-01,actual,73.0,60.5,73.0,73.0,0
SKU186,2024-07-08,actual,70.0,62.0,70.0,70.0,0
SKU186,2024-07-15,actual,64.0,62.25,64.0,64.0,0
SKU186,2024-07-22,actual,51.0,63.75,51.0,51.0,0
SKU186,2024-07-29,actual,72.0,64.5,72.0,72.0,0
SKU186,2024-08-05,actual,50.0,64.25,50.0,50.0,0
SKU186,2024-08-12,actual,112.0,59.25,112.0,112.0,0
SKU186,2024-08-19,actual,59.0,71.25,59.0,59.0,0
SKU186,2024-08-26,actual,52.0,73.25,52.0,52.0,0
SKU186,2024-09-02,actual,56.0,68.25,56.0,56.0,0
SKU186,2024-09-09,actual,58.0,69.75,58.0,58.0,0
SKU186,2024-09-16,actual,54.0,56.25,54.0,54.0,0
SKU186,2024-09-23,actual,42.0,55.0,42.0,42.0,0
SKU186,2024-09-30,actual,32.0,52.5,32.0,32.0,0
SKU186,2024-10-07,actual,47.0,46.5,47.0,47.0,0
SKU186,2024-10-14,actual,41.0,43.75,41.0,41.0,0
SKU186,2024-10-21,actual,66.0,40.5,66.0,66.0,0
SKU186,2024-10-28,actual,42.0,46.5,42.0,42.0,0
SKU186,2024-11-04,actual,37.0,49.0,37.0,37.0,0
SKU186,2024-11-11,actual,38.0,46.5,38.0,38.0,0
SKU186,2024-11-18,actual,31.0,45.75,31.0,31.0,0
SKU186,2024-11-25,actual,33.0,37.0,33.0,33.0,0
SKU186,2024-12-02,actual,39.0,34.75,39.0,39.0,0
SKU186,2024-12-09,actual,42.0,35.25,42.0,42.0,0
SKU186,2024-12-16,actual,48.0,36.25,48.0,48.0,0
SKU186,2024-12-23,actual,66.0,40.5,66.0,66.0,0
SKU186,2024-12-30,actual,27.0,48.75,27.0,27.0,0
SKU186,2025-01-06,actual,42.0,45.75,42.0,42.0,0
SKU186,2025-01-13,actual,47.0,45.75,47.0,47.0,0
SKU186,2025-01-20,actual,69.0,45.5,69.0,69.0,0
SKU186,2025-01-27,actual,47.0,46.25,47.0,47.0,0
SKU186,2025-02-03,actual,34.0,51.25,34.0,34.0,0
SKU186,2025-02-10,actual,35.0,49.25,35.0,35.0,0
SKU186,2025-02-17,actual,44.0,46.25,44.0,44.0,0
SKU186,2025-02-24,actual,39.0,40.0,39.0,39.0,0
SKU186,2025-03-03,actual,51.0,38.0,51.0,51.0,0
SKU186,2025-03-10,actual,49.0,42.25,49.0,49.0,0
SKU186,2025-03-17,actual,40.0,45.75,40.0,40.0,0
SKU186,2025-03-24,actual,53.0,44.75,53.0,53.0,0
SKU186,2025-03-31,actual,45.0,48.25,45.0,45.0,0
SKU186,2025-04-07,actual,50.0,46.75,50.0,50.0,0
SKU186,2025-04-14,actual,58.0,47.0,58.0,58.0,0
SKU186,2025-04-21,actual,55.0,51.5,55.0,55.0,0
SKU186,2025-04-28,actual,99.0,52.0,99.0,99.0,0
SKU186,2025-05-05,actual,69.0,65.5,69.0,69.0,0
SKU186,2025-05-12,actual,68.0,70.25,68.0,68.0,0
SKU186,2025-05-19,actual,67.0,72.75,67.0,67.0,0
SKU186,2025-05-26,actual,76.0,15.0,76.0,76.0,0
SKU186,2025-06-02,actual,75.0,67.0,75.0,75.0,0
SKU186,2025-06-09,actual,73.0,69.0,73.0,73.0,0
SKU186,2025-06-16,actual,72.0,58.0,72.0,72.0,0
SKU186,2025-06-23,actual,68.0,48.0,68.0,68.0,0
SKU186,2025-06-30,actual,63.0,73.0,63.0,63.0,0
SKU186,2025-07-07,actual,51.0,70.0,51.0,51.0,0
SKU186,2025-07-14,actual,61.0,64.0,61.0,61.0,0
SKU186,2025-07-21,actual,53.0,51.0,53.0,53.0,0
SKU186,2025-07-28,actual,77.0,72.0,77.0,77.0,0
SKU186,2025-08-04,actual,58.0,50.0,58.0,58.0,0
SKU186,2025-08-11,actual,99.0,112.0,99.0,99.0,0
SKU186,2025-08-18,actual,64.0,59.0,64.0,64.0,0
SKU186,2025-08-25,actual,60.0,52.0,60.0,60.0,0
SKU186,2025-09-01,actual,63.0,56.0,63.0,63.0,0
SKU186,2025-09-08,actual,71.0,58.0,71.0,71.0,0
SKU186,2025-09-15,actual,47.0,54.0,47.0,47.0,0
SKU186,2025-09-22,actual,38.0,42.0,38.0,38.0,0
SKU186,2025-09-29,actual,35.0,32.0,35.0,35.0,0
SKU186,2025-10-06,actual,34.0,47.0,34.0,34.0,0
SKU186,2025-10-13,actual,46.0,41.0,46.0,46.0,0
SKU186,2025-10-20,actual,94.0,66.0,94.0,94.0,0
SKU186,2025-10-27,actual,45.0,42.0,45.0,45.0,0
SKU186,2025-11-03,actual,38.0,37.0,38.0,38.0,0
SKU186,2025-11-10,actual,48.0,38.0,48.0,48.0,0
SKU186,2025-11-17,actual,39.0,31.0,39.0,39.0,0
SKU186,2025-11-24,actual,32.0,33.0,32.0,32.0,0
SKU186,2025-12-01,actual,29.0,39.0,29.0,29.0,0
SKU186,2025-12-08,actual,38.0,42.0,38.0,38.0,0
SKU186,2025-12-15,actual,43.0,48.0,43.0,43.0,0
SKU186,2025-12-22,actual,60.0,66.0,60.0,60.0,0
SKU186,2025-12-29,actual,45.0,27.0,45.0,45.0,0
SKU186,2026-01-05,actual,45.0,42.0,45.0,45.0,0
SKU186,2026-01-12,actual,41.0,47.0,41.0,41.0,0
SKU186,2026-01-19,actual,55.0,69.0,55.0,55.0,0
SKU186,2026-01-26,actual,65.0,47.0,65.0,65.0,0
SKU186,2026-02-02,actual,44.0,34.0,44.0,44.0,0
SKU186,2026-02-09,actual,36.0,35.0,36.0,36.0,0
SKU186,2026-02-16,actual,48.0,44.0,48.0,48.0,0
SKU186,2026-02-23,actual,54.0,39.0,54.0,54.0,0
SKU186,2026-03-02,actual,46.0,51.0,46.0,46.0,0
SKU186,2026-03-09,actual,45.0,49.0,45.0,45.0,0
SKU186,2026-03-16,actual,58.0,40.0,58.0,58.0,0
SKU186,2026-03-23,actual,60.0,53.0,60.0,60.0,0
SKU186,2026-03-30,actual,57.0,45.0,57.0,57.0,0
SKU186,2026-04-06,actual,65.0,50.0,65.0,65.0,0
SKU186,2026-04-13,actual,62.0,58.0,62.0,62.0,0
SKU186,2026-04-20,actual,51.0,55.0,51.0,51.0,0
SKU186,2026-04-27,actual,89.0,99.0,89.0,89.0,0
SKU186,2026-05-04,actual,89.0,69.0,89.0,89.0,0
SKU186,2026-05-11,actual,67.0,68.0,67.0,67.0,0
SKU186,2026-05-18,actual,63.0,67.0,63.0,63.0,0
SKU186,2026-05-25,actual,73.0,76.0,73.0,73.0,0
SKU186,2026-06-01,actual,55.0,75.0,55.0,55.0,0
SKU186,2026-06-08,actual,65.0,73.0,65.0,65.0,0
SKU186,2026-06-15,actual,60.0,72.0,60.0,60.0,0
SKU187,2024-07-08,actual,35.0,0.0,35.0,35.0,0
SKU187,2024-07-15,actual,32.0,35.0,32.0,32.0,0
SKU187,2024-07-22,actual,19.0,33.5,19.0,19.0,0
SKU187,2024-07-29,actual,23.0,28.666666666666668,23.0,23.0,0
SKU187,2024-08-05,actual,33.0,27.25,33.0,33.0,0
SKU187,2024-08-12,actual,42.0,26.75,42.0,42.0,0
SKU187,2024-08-19,actual,20.0,29.25,20.0,20.0,0
SKU187,2024-08-26,actual,26.0,29.5,26.0,26.0,0
SKU187,2024-09-02,actual,29.0,30.25,29.0,29.0,0
SKU187,2024-09-09,actual,20.0,29.25,20.0,20.0,0
SKU187,2024-09-16,actual,16.0,23.75,16.0,16.0,0
SKU187,2024-09-23,actual,25.0,22.75,25.0,25.0,0
SKU187,2024-09-30,actual,31.0,22.5,31.0,31.0,0
SKU187,2024-10-07,actual,19.0,23.0,19.0,19.0,0
SKU187,2024-10-14,actual,23.0,22.75,23.0,23.0,0
SKU187,2024-10-21,actual,31.0,24.5,31.0,31.0,0
SKU187,2024-10-28,actual,16.0,26.0,16.0,16.0,0
SKU187,2024-11-04,actual,20.0,22.25,20.0,20.0,0
SKU187,2024-11-11,actual,20.0,22.5,20.0,20.0,0
SKU187,2024-11-18,actual,21.0,21.75,21.0,21.0,0
SKU187,2024-11-25,actual,25.0,19.25,25.0,25.0,0
SKU187,2024-12-02,actual,28.0,21.5,28.0,28.0,0
SKU187,2024-12-09,actual,20.0,23.5,20.0,20.0,0
SKU187,2024-12-16,actual,22.0,23.5,22.0,22.0,0
SKU187,2024-12-23,actual,32.0,23.75,32.0,32.0,0
SKU187,2024-12-30,actual,34.0,25.5,34.0,34.0,0
SKU187,2025-01-06,actual,22.0,27.0,22.0,22.0,0
SKU187,2025-01-13,actual,22.0,27.5,22.0,22.0,0
SKU187,2025-01-20,actual,51.0,27.5,51.0,51.0,0
SKU187,2025-01-27,actual,29.0,32.25,29.0,29.0,0
SKU187,2025-02-03,actual,34.0,31.0,34.0,34.0,0
SKU187,2025-02-10,actual,34.0,34.0,34.0,34.0,0
SKU187,2025-02-17,actual,29.0,37.0,29.0,29.0,0
SKU187,2025-02-24,actual,34.0,31.5,34.0,34.0,0
SKU187,2025-03-03,actual,35.0,32.75,35.0,35.0,0
SKU187,2025-03-10,actual,40.0,33.0,40.0,40.0,0
SKU187,2025-03-17,actual,31.0,34.5,31.0,31.0,0
SKU187,2025-03-24,actual,35.0,35.0,35.0,35.0,0
SKU187,2025-03-31,actual,36.0,35.25,36.0,36.0,0
SKU187,2025-04-07,actual,37.0,35.5,37.0,37.0,0
SKU187,2025-04-14,actual,31.0,34.75,31.0,31.0,0
SKU187,2025-04-21,actual,36.0,34.75,36.0,36.0,0
SKU187,2025-04-28,actual,47.0,35.0,47.0,47.0,0
SKU187,2025-05-05,actual,52.0,37.75,52.0,52.0,0
SKU187,2025-05-12,actual,43.0,41.5,43.0,43.0,0
SKU187,2025-05-19,actual,33.0,44.5,33.0,33.0,0
SKU187,2025-05-26,actual,29.0,43.75,29.0,29.0,0
SKU187,2025-06-02,actual,47.0,39.25,47.0,47.0,0
SKU187,2025-06-09,actual,39.0,38.0,39.0,39.0,0
SKU187,2025-06-16,actual,38.0,37.0,38.0,38.0,0
SKU187,2025-06-23,actual,23.0,38.25,23.0,23.0,0
SKU187,2025-06-30,actual,26.0,36.75,26.0,26.0,0
SKU187,2025-07-07,actual,40.0,35.0,40.0,40.0,0
SKU187,2025-07-14,actual,44.0,32.0,44.0,44.0,0
SKU187,2025-07-21,actual,40.0,19.0,40.0,40.0,0
SKU187,2025-07-28,actual,25.0,23.0,25.0,25.0,0
SKU187,2025-08-04,actual,26.0,33.0,26.0,26.0,0
SKU187,2025-08-11,actual,64.0,42.0,64.0,64.0,0
SKU187,2025-08-18,actual,38.0,20.0,38.0,38.0,0
SKU187,2025-08-25,actual,24.0,26.0,24.0,24.0,0
SKU187,2025-09-01,actual,30.0,29.0,30.0,30.0,0
SKU187,2025-09-08,actual,33.0,20.0,33.0,33.0,0
SKU187,2025-09-15,actual,28.0,16.0,28.0,28.0,0
SKU187,2025-09-22,actual,27.0,25.0,27.0,27.0,0
SKU187,2025-09-29,actual,28.0,31.0,28.0,28.0,0
SKU187,2025-10-06,actual,18.0,19.0,18.0,18.0,0
SKU187,2025-10-13,actual,20.0,23.0,20.0,20.0,0
SKU187,2025-10-20,actual,38.0,31.0,38.0,38.0,0
SKU187,2025-10-27,actual,19.0,16.0,19.0,19.0,0
SKU187,2025-11-03,actual,17.0,20.0,17.0,17.0,0
SKU187,2025-11-10,actual,24.0,20.0,24.0,24.0,0
SKU187,2025-11-17,actual,22.0,21.0,22.0,22.0,0
SKU187,2025-11-24,actual,19.0,25.0,19.0,19.0,0
SKU187,2025-12-01,actual,31.0,28.0,31.0,31.0,0
SKU187,2025-12-08,actual,24.0,20.0,24.0,24.0,0
SKU187,2025-12-15,actual,21.0,22.0,21.0,21.0,0
SKU187,2025-12-22,actual,36.0,32.0,36.0,36.0,0
SKU187,2025-12-29,actual,24.0,34.0,24.0,24.0,0
SKU187,2026-01-05,actual,20.0,22.0,20.0,20.0,0
SKU187,2026-01-12,actual,28.0,22.0,28.0,28.0,0
SKU187,2026-01-19,actual,43.0,51.0,43.0,43.0,0
SKU187,2026-01-26,actual,37.0,29.0,37.0,37.0,0
SKU187,2026-02-02,actual,36.0,34.0,36.0,36.0,0
SKU187,2026-02-09,actual,28.0,34.0,28.0,28.0,0
SKU187,2026-02-16,actual,34.0,29.0,34.0,34.0,0
SKU187,2026-02-23,actual,34.0,34.0,34.0,34.0,0
SKU187,2026-03-02,actual,35.0,35.0,35.0,35.0,0
SKU187,2026-03-09,actual,39.0,40.0,39.0,39.0,0
SKU187,2026-03-16,actual,37.0,31.0,37.0,37.0,0
SKU187,2026-03-23,actual,31.0,35.0,31.0,31.0,0
SKU187,2026-03-30,actual,38.0,36.0,38.0,38.0,0
SKU187,2026-04-06,actual,32.0,37.0,32.0,32.0,0
SKU187,2026-04-13,actual,34.0,31.0,34.0,34.0,0
SKU187,2026-04-20,actual,44.0,36.0,44.0,44.0,0
SKU187,2026-04-27,actual,42.0,47.0,42.0,42.0,0
SKU187,2026-05-04,actual,58.0,52.0,58.0,58.0,0
SKU187,2026-05-11,actual,31.0,43.0,31.0,31.0,0
SKU187,2026-05-18,actual,43.0,33.0,43.0,43.0,0
SKU187,2026-05-25,actual,26.0,29.0,26.0,26.0,0
SKU187,2026-06-01,actual,48.0,47.0,48.0,48.0,0
SKU187,2026-06-08,actual,41.0,39.0,41.0,41.0,0
SKU187,2026-06-15,actual,33.0,38.0,33.0,33.0,0
SKU188,2024-05-27,actual,5.0,0.0,5.0,5.0,0
SKU188,2024-06-03,actual,7.0,5.0,7.0,7.0,0
SKU188,2024-06-10,actual,15.0,6.0,15.0,15.0,0
SKU188,2024-06-17,actual,11.0,9.0,11.0,11.0,0
SKU188,2024-06-24,actual,12.0,9.5,12.0,12.0,0
SKU188,2024-07-01,actual,11.0,11.25,11.0,11.0,0
SKU188,2024-07-08,actual,8.0,12.25,8.0,8.0,0
SKU188,2024-07-15,actual,11.0,10.5,11.0,11.0,0
SKU188,2024-07-22,actual,19.0,10.5,19.0,19.0,0
SKU188,2024-07-29,actual,11.0,12.25,11.0,11.0,0
SKU188,2024-08-05,actual,15.0,12.25,15.0,15.0,0
SKU188,2024-08-12,actual,22.0,14.0,22.0,22.0,0
SKU188,2024-08-19,actual,15.0,16.75,15.0,15.0,0
SKU188,2024-08-26,actual,11.0,15.75,11.0,11.0,0
SKU188,2024-09-02,actual,11.0,15.75,11.0,11.0,0
SKU188,2024-09-09,actual,15.0,14.75,15.0,15.0,0
SKU188,2024-09-16,actual,19.0,13.0,19.0,19.0,0
SKU188,2024-09-23,actual,21.0,14.0,21.0,21.0,0
SKU188,2024-09-30,actual,20.0,16.5,20.0,20.0,0
SKU188,2024-10-07,actual,13.0,18.75,13.0,13.0,0
SKU188,2024-10-14,actual,23.0,18.25,23.0,23.0,0
SKU188,2024-10-21,actual,24.0,19.25,24.0,24.0,0
SKU188,2024-10-28,actual,20.0,20.0,20.0,20.0,0
SKU188,2024-11-04,actual,16.0,20.0,16.0,16.0,0
SKU188,2024-11-11,actual,14.0,20.75,14.0,14.0,0
SKU188,2024-11-18,actual,20.0,18.5,20.0,20.0,0
SKU188,2024-11-25,actual,23.0,17.5,23.0,23.0,0
SKU188,2024-12-02,actual,14.0,18.25,14.0,14.0,0
SKU188,2024-12-09,actual,15.0,17.75,15.0,15.0,0
SKU188,2024-12-16,actual,28.0,18.0,28.0,28.0,0
SKU188,2024-12-23,actual,38.0,20.0,38.0,38.0,0
SKU188,2024-12-30,actual,22.0,23.75,22.0,22.0,0
SKU188,2025-01-06,actual,15.0,25.75,15.0,15.0,0
SKU188,2025-01-13,actual,21.0,25.75,21.0,21.0,0
SKU188,2025-01-20,actual,26.0,24.0,26.0,26.0,0
SKU188,2025-01-27,actual,14.0,21.0,14.0,14.0,0
SKU188,2025-02-03,actual,20.0,19.0,20.0,20.0,0
SKU188,2025-02-10,actual,23.0,20.25,23.0,23.0,0
SKU188,2025-02-17,actual,17.0,20.75,17.0,17.0,0
SKU188,2025-02-24,actual,22.0,18.5,22.0,22.0,0
SKU188,2025-03-03,actual,11.0,20.5,11.0,11.0,0
SKU188,2025-03-10,actual,16.0,18.25,16.0,16.0,0
SKU188,2025-03-17,actual,21.0,16.5,21.0,21.0,0
SKU188,2025-03-24,actual,16.0,17.5,16.0,16.0,0
SKU188,2025-03-31,actual,17.0,16.0,17.0,17.0,0
SKU188,2025-04-07,actual,13.0,17.5,13.0,13.0,0
SKU188,2025-04-14,actual,9.0,16.75,9.0,9.0,0
SKU188,2025-04-21,actual,11.0,13.75,11.0,11.0,0
SKU188,2025-04-28,actual,9.0,12.5,9.0,9.0,0
SKU188,2025-05-05,actual,12.0,10.5,12.0,12.0,0
SKU188,2025-05-12,actual,2.0,10.25,2.0,2.0,0
SKU188,2025-05-19,actual,13.0,8.5,13.0,13.0,0
SKU188,2025-05-26,actual,11.0,5.0,11.0,11.0,0
SKU188,2025-06-02,actual,14.0,7.0,14.0,14.0,0
SKU188,2025-06-09,actual,8.0,15.0,8.0,8.0,0
SKU188,2025-06-16,actual,6.0,11.0,6.0,6.0,0
SKU188,2025-06-23,actual,8.0,12.0,8.0,8.0,0
SKU188,2025-06-30,actual,7.0,11.0,7.0,7.0,0
SKU188,2025-07-07,actual,14.0,8.0,14.0,14.0,0
SKU188,2025-07-14,actual,12.0,11.0,12.0,12.0,0
SKU188,2025-07-21,actual,14.0,19.0,14.0,14.0,0
SKU188,2025-07-28,actual,6.0,11.0,6.0,6.0,0
SKU188,2025-08-04,actual,15.0,15.0,15.0,15.0,0
SKU188,2025-08-11,actual,19.0,22.0,19.0,19.0,0
SKU188,2025-08-18,actual,20.0,15.0,20.0,20.0,0
SKU188,2025-08-25,actual,16.0,11.0,16.0,16.0,0
SKU188,2025-09-01,actual,9.0,11.0,9.0,9.0,0
SKU188,2025-09-08,actual,25.0,15.0,25.0,25.0,0
SKU188,2025-09-15,actual,8.0,19.0,8.0,8.0,0
SKU188,2025-09-22,actual,21.0,21.0,21.0,21.0,0
SKU188,2025-09-29,actual,19.0,20.0,19.0,19.0,0
SKU188,2025-10-06,actual,13.0,13.0,13.0,13.0,0
SKU188,2025-10-13,actual,22.0,23.0,22.0,22.0,0
SKU188,2025-10-20,actual,36.0,24.0,36.0,36.0,0
SKU188,2025-10-27,actual,24.0,20.0,24.0,24.0,0
SKU188,2025-11-03,actual,18.0,16.0,18.0,18.0,0
SKU188,2025-11-10,actual,27.0,14.0,27.0,27.0,0
SKU188,2025-11-17,actual,14.0,20.0,14.0,14.0,0
SKU188,2025-11-24,actual,29.0,23.0,29.0,29.0,0
SKU188,2025-12-01,actual,18.0,14.0,18.0,18.0,0
SKU188,2025-12-08,actual,19.0,15.0,19.0,19.0,0
SKU188,2025-12-15,actual,21.0,28.0,21.0,21.0,0
SKU188,2025-12-22,actual,31.0,38.0,31.0,31.0,0
SKU188,2025-12-29,actual,17.0,22.0,17.0,17.0,0
SKU188,2026-01-05,actual,17.0,15.0,17.0,17.0,0
SKU188,2026-01-12,actual,19.0,21.0,19.0,19.0,0
SKU188,2026-01-19,actual,18.0,26.0,18.0,18.0,0
SKU188,2026-01-26,actual,18.0,14.0,18.0,18.0,0
SKU188,2026-02-02,actual,17.0,20.0,17.0,17.0,0
SKU188,2026-02-09,actual,17.0,23.0,17.0,17.0,0
SKU188,2026-02-16,actual,13.0,17.0,13.0,13.0,0
SKU188,2026-02-23,actual,20.0,22.0,20.0,20.0,0
SKU188,2026-03-02,actual,12.0,11.0,12.0,12.0,0
SKU188,2026-03-09,actual,16.0,16.0,16.0,16.0,0
SKU188,2026-03-16,actual,15.0,21.0,15.0,15.0,0
SKU188,2026-03-23,actual,11.0,16.0,11.0,11.0,0
SKU188,2026-03-30,actual,13.0,17.0,13.0,13.0,0
SKU188,2026-04-06,actual,10.0,13.0,10.0,10.0,0
SKU188,2026-04-13,actual,12.0,9.0,12.0,12.0,0
SKU188,2026-04-20,actual,15.0,11.0,15.0,15.0,0
SKU188,2026-04-27,actual,21.0,9.0,21.0,21.0,0
SKU188,2026-05-04,actual,18.0,12.0,18.0,18.0,0
SKU188,2026-05-11,actual,8.0,2.0,8.0,8.0,0
SKU188,2026-05-18,actual,8.0,13.0,8.0,8.0,0
SKU188,2026-05-25,actual,9.0,11.0,9.0,9.0,0
SKU188,2026-06-01,actual,17.0,14.0,17.0,17.0,0
SKU188,2026-06-08,actual,12.0,8.0,12.0,12.0,0
SKU188,2026-06-15,actual,10.0,6.0,10.0,10.0,0
SKU189,2025-05-12,actual,2.0,0.0,2.0,2.0,0
SKU189,2025-05-19,actual,6.0,2.0,6.0,6.0,0
SKU189,2025-05-26,actual,3.0,4.0,3.0,3.0,0
SKU189,2025-06-02,actual,1.0,3.6666666666666665,1.0,1.0,0
SKU189,2025-06-09,actual,4.0,3.0,4.0,4.0,0
SKU189,2025-06-16,actual,6.0,3.5,6.0,6.0,0
SKU189,2025-06-23,actual,8.0,3.5,8.0,8.0,0
SKU189,2025-06-30,actual,3.0,4.75,3.0,3.0,0
SKU189,2025-07-07,actual,5.0,5.25,5.0,5.0,0
SKU189,2025-07-14,actual,4.0,5.5,4.0,4.0,0
SKU189,2025-07-21,actual,5.0,5.0,5.0,5.0,0
SKU189,2025-07-28,actual,2.0,4.25,2.0,2.0,0
SKU189,2025-08-04,actual,2.0,4.0,2.0,2.0,0
SKU189,2025-08-11,actual,7.0,3.25,7.0,7.0,0
SKU189,2025-08-18,actual,0.0,4.0,0.0,0.0,0
SKU189,2025-08-25,actual,1.0,2.75,1.0,1.0,0
SKU189,2025-09-01,actual,3.0,2.5,3.0,3.0,0
SKU189,2025-09-08,actual,4.0,2.75,4.0,4.0,0
SKU189,2025-09-15,actual,4.0,2.0,4.0,4.0,0
SKU189,2025-09-22,actual,0.0,3.0,0.0,0.0,0
SKU189,2025-09-29,actual,2.0,2.75,2.0,2.0,0
SKU189,2025-10-06,actual,7.0,2.5,7.0,7.0,0
SKU189,2025-10-13,actual,3.0,3.25,3.0,3.0,0
SKU189,2025-10-20,actual,6.0,3.0,6.0,6.0,0
SKU189,2025-10-27,actual,5.0,4.5,5.0,5.0,0
SKU189,2025-11-03,actual,2.0,5.25,2.0,2.0,0
SKU189,2025-11-10,actual,3.0,4.0,3.0,3.0,0
SKU189,2025-11-17,actual,6.0,4.0,6.0,6.0,0
SKU189,2025-11-24,actual,0.0,4.0,0.0,0.0,0
SKU189,2025-12-01,actual,3.0,2.75,3.0,3.0,0
SKU189,2025-12-08,actual,4.0,3.0,4.0,4.0,0
SKU189,2025-12-15,actual,2.0,3.25,2.0,2.0,0
SKU189,2025-12-22,actual,10.0,2.25,10.0,10.0,0
SKU189,2025-12-29,actual,3.0,4.75,3.0,3.0,0
SKU189,2026-01-05,actual,2.0,4.75,2.0,2.0,0
SKU189,2026-01-12,actual,8.0,4.25,8.0,8.0,0
SKU189,2026-01-19,actual,10.0,5.75,10.0,10.0,0
SKU189,2026-01-26,actual,7.0,5.75,7.0,7.0,0
SKU189,2026-02-02,actual,3.0,6.75,3.0,3.0,0
SKU189,2026-02-09,actual,9.0,7.0,9.0,9.0,0
SKU189,2026-02-16,actual,6.0,7.25,6.0,6.0,0
SKU189,2026-02-23,actual,13.0,6.25,13.0,13.0,0
SKU189,2026-03-02,actual,8.0,7.75,8.0,8.0,0
SKU189,2026-03-09,actual,7.0,9.0,7.0,7.0,0
SKU189,2026-03-16,actual,8.0,8.5,8.0,8.0,0
SKU189,2026-03-23,actual,3.0,9.0,3.0,3.0,0
SKU189,2026-03-30,actual,7.0,6.5,7.0,7.0,0
SKU189,2026-04-06,actual,7.0,6.25,7.0,7.0,0
SKU189,2026-04-13,actual,4.0,6.25,4.0,4.0,0
SKU189,2026-04-20,actual,5.0,5.25,5.0,5.0,0
SKU189,2026-04-27,actual,8.0,5.75,8.0,8.0,0
SKU189,2026-05-04,actual,7.0,6.0,7.0,7.0,0
SKU189,2026-05-11,actual,6.0,2.0,6.0,6.0,0
SKU189,2026-05-18,actual,5.0,6.0,5.0,5.0,0
SKU189,2026-05-25,actual,3.0,3.0,3.0,3.0,0
SKU189,2026-06-01,actual,1.0,1.0,1.0,1.0,0
SKU189,2026-06-08,actual,9.0,4.0,9.0,9.0,0
SKU189,2026-06-15,actual,8.0,6.0,8.0,8.0,0
SKU190,2025-12-15,actual,15.0,0.0,15.0,15.0,0
SKU190,2025-12-22,actual,67.0,15.0,67.0,67.0,0
SKU190,2025-12-29,actual,47.0,41.0,47.0,47.0,0
SKU190,2026-01-05,actual,44.0,43.0,44.0,44.0,0
SKU190,2026-01-12,actual,36.0,43.25,36.0,36.0,0
SKU190,2026-01-19,actual,56.0,48.5,56.0,56.0,0
SKU190,2026-01-26,actual,67.0,45.75,67.0,67.0,0
SKU190,2026-02-02,actual,32.0,50.75,32.0,32.0,0
SKU190,2026-02-09,actual,48.0,47.75,48.0,48.0,0
SKU190,2026-02-16,actual,61.0,50.75,61.0,61.0,0
SKU190,2026-02-23,actual,48.0,52.0,48.0,48.0,0
SKU190,2026-03-02,actual,51.0,47.25,51.0,51.0,0
SKU190,2026-03-09,actual,44.0,52.0,44.0,44.0,0
SKU190,2026-03-16,actual,52.0,51.0,52.0,52.0,0
SKU190,2026-03-23,actual,63.0,48.75,63.0,63.0,0
SKU190,2026-03-30,actual,48.0,52.5,48.0,48.0,0
SKU190,2026-04-06,actual,58.0,51.75,58.0,58.0,0
SKU190,2026-04-13,actual,62.0,55.25,62.0,62.0,0
SKU190,2026-04-20,actual,72.0,57.75,72.0,72.0,0
SKU190,2026-04-27,actual,80.0,60.0,80.0,80.0,0
SKU190,2026-05-04,actual,89.0,68.0,89.0,89.0,0
SKU190,2026-05-11,actual,46.0,75.75,46.0,46.0,0
SKU190,2026-05-18,actual,63.0,71.75,63.0,63.0,0
SKU190,2026-05-25,actual,57.0,69.5,57.0,57.0,0
SKU190,2026-06-01,actual,55.0,63.75,55.0,55.0,0
SKU190,2026-06-08,actual,76.0,55.25,76.0,76.0,0
SKU190,2026-06-15,actual,59.0,62.75,59.0,59.0,0
SKU191,2025-05-19,actual,1.0,0.0,1.0,1.0,0
SKU191,2025-05-26,actual,10.0,1.0,10.0,10.0,0
SKU191,2025-06-02,actual,13.0,5.5,13.0,13.0,0
SKU191,2025-06-09,actual,14.0,8.0,14.0,14.0,0
SKU191,2025-06-16,actual,4.0,9.5,4.0,4.0,0
SKU191,2025-06-23,actual,11.0,10.25,11.0,11.0,0
SKU191,2025-06-30,actual,19.0,10.5,19.0,19.0,0
SKU191,2025-07-07,actual,11.0,12.0,11.0,11.0,0
SKU191,2025-07-14,actual,10.0,11.25,10.0,10.0,0
SKU191,2025-07-21,actual,19.0,12.75,19.0,19.0,0
SKU191,2025-07-28,actual,19.0,14.75,19.0,19.0,0
SKU191,2025-08-04,actual,22.0,14.75,22.0,22.0,0
SKU191,2025-08-11,actual,32.0,17.5,32.0,32.0,0
SKU191,2025-08-18,actual,9.0,23.0,9.0,9.0,0
SKU191,2025-08-25,actual,21.0,20.5,21.0,21.0,0
SKU191,2025-09-01,actual,14.0,21.0,14.0,14.0,0
SKU191,2025-09-08,actual,11.0,19.0,11.0,11.0,0
SKU191,2025-09-15,actual,22.0,13.75,22.0,22.0,0
SKU191,2025-09-22,actual,23.0,17.0,23.0,23.0,0
SKU191,2025-09-29,actual,18.0,17.5,18.0,18.0,0
SKU191,2025-10-06,actual,13.0,18.5,13.0,13.0,0
SKU191,2025-10-13,actual,11.0,19.0,11.0,11.0,0
SKU191,2025-10-20,actual,37.0,16.25,37.0,37.0,0
SKU191,2025-10-27,actual,27.0,19.75,27.0,27.0,0
SKU191,2025-11-03,actual,27.0,22.0,27.0,27.0,0
SKU191,2025-11-10,actual,26.0,25.5,26.0,26.0,0
SKU191,2025-11-17,actual,23.0,29.25,23.0,23.0,0
SKU191,2025-11-24,actual,24.0,25.75,24.0,24.0,0
SKU191,2025-12-01,actual,24.0,25.0,24.0,24.0,0
SKU191,2025-12-08,actual,20.0,24.25,20.0,20.0,0
SKU191,2025-12-15,actual,19.0,22.75,19.0,19.0,0
SKU191,2025-12-22,actual,33.0,21.75,33.0,33.0,0
SKU191,2025-12-29,actual,20.0,24.0,20.0,20.0,0
SKU191,2026-01-05,actual,20.0,23.0,20.0,20.0,0
SKU191,2026-01-12,actual,17.0,23.0,17.0,17.0,0
SKU191,2026-01-19,actual,25.0,22.5,25.0,25.0,0
SKU191,2026-01-26,actual,25.0,20.5,25.0,25.0,0
SKU191,2026-02-02,actual,10.0,21.75,10.0,10.0,0
SKU191,2026-02-09,actual,10.0,19.25,10.0,10.0,0
SKU191,2026-02-16,actual,14.0,17.5,14.0,14.0,0
SKU191,2026-02-23,actual,11.0,14.75,11.0,11.0,0
SKU191,2026-03-02,actual,12.0,11.25,12.0,12.0,0
SKU191,2026-03-09,actual,11.0,11.75,11.0,11.0,0
SKU191,2026-03-16,actual,10.0,12.0,10.0,10.0,0
SKU191,2026-03-23,actual,13.0,11.0,13.0,13.0,0
SKU191,2026-03-30,actual,9.0,11.5,9.0,9.0,0
SKU191,2026-04-06,actual,11.0,10.75,11.0,11.0,0
SKU191,2026-04-13,actual,19.0,10.75,19.0,19.0,0
SKU191,2026-04-20,actual,16.0,13.0,16.0,16.0,0
SKU191,2026-04-27,actual,13.0,13.75,13.0,13.0,0
SKU191,2026-05-04,actual,8.0,14.75,8.0,8.0,0
SKU191,2026-05-11,actual,11.0,14.0,11.0,11.0,0
SKU191,2026-05-18,actual,14.0,1.0,14.0,14.0,0
SKU191,2026-05-25,actual,14.0,10.0,14.0,14.0,0
SKU191,2026-06-01,actual,11.0,13.0,11.0,11.0,0
SKU191,2026-06-08,actual,10.0,14.0,10.0,10.0,0
SKU191,2026-06-15,actual,15.0,4.0,15.0,15.0,0
SKU192,2024-07-01,actual,5.0,0.0,5.0,5.0,0
SKU192,2024-07-08,actual,5.0,5.0,5.0,5.0,0
SKU192,2024-07-15,actual,7.0,5.0,7.0,7.0,0
SKU192,2024-07-22,actual,5.0,5.666666666666667,5.0,5.0,0
SKU192,2024-07-29,actual,7.0,5.5,7.0,7.0,0
SKU192,2024-08-05,actual,10.0,6.0,10.0,10.0,0
SKU192,2024-08-12,actual,10.0,7.25,10.0,10.0,0
SKU192,2024-08-19,actual,7.0,8.0,7.0,7.0,0
SKU192,2024-08-26,actual,5.0,8.5,5.0,5.0,0
SKU192,2024-09-02,actual,8.0,8.0,8.0,8.0,0
SKU192,2024-09-09,actual,6.0,7.5,6.0,6.0,0
SKU192,2024-09-16,actual,8.0,6.5,8.0,8.0,0
SKU192,2024-09-23,actual,5.0,6.75,5.0,5.0,0
SKU192,2024-09-30,actual,4.0,6.75,4.0,4.0,0
SKU192,2024-10-07,actual,9.0,5.75,9.0,9.0,0
SKU192,2024-10-14,actual,4.0,6.5,4.0,4.0,0
SKU192,2024-10-21,actual,10.0,5.5,10.0,10.0,0
SKU192,2024-10-28,actual,5.0,6.75,5.0,5.0,0
SKU192,2024-11-04,actual,4.0,7.0,4.0,4.0,0
SKU192,2024-11-11,actual,6.0,5.75,6.0,6.0,0
SKU192,2024-11-18,actual,5.0,6.25,5.0,5.0,0
SKU192,2024-11-25,actual,9.0,5.0,9.0,9.0,0
SKU192,2024-12-02,actual,5.0,6.0,5.0,5.0,0
SKU192,2024-12-09,actual,6.0,6.25,6.0,6.0,0
SKU192,2024-12-16,actual,8.0,6.25,8.0,8.0,0
SKU192,2024-12-23,actual,12.0,7.0,12.0,12.0,0
SKU192,2024-12-30,actual,5.0,7.75,5.0,5.0,0
SKU192,2025-01-06,actual,9.0,7.75,9.0,9.0,0
SKU192,2025-01-13,actual,6.0,8.5,6.0,6.0,0
SKU192,2025-01-20,actual,11.0,8.0,11.0,11.0,0
SKU192,2025-01-27,actual,10.0,7.75,10.0,10.0,0
SKU192,2025-02-03,actual,2.0,9.0,2.0,2.0,0
SKU192,2025-02-10,actual,7.0,7.25,7.0,7.0,0
SKU192,2025-02-17,actual,6.0,7.5,6.0,6.0,0
SKU192,2025-02-24,actual,6.0,6.25,6.0,6.0,0
SKU192,2025-03-03,actual,11.0,5.25,11.0,11.0,0
SKU192,2025-03-10,actual,9.0,7.5,9.0,9.0,0
SKU192,2025-03-17,actual,7.0,8.0,7.0,7.0,0
SKU192,2025-03-24,actual,2.0,8.25,2.0,2.0,0
SKU192,2025-03-31,actual,3.0,7.25,3.0,3.0,0
SKU192,2025-04-07,actual,10.0,5.25,10.0,10.0,0
SKU192,2025-04-14,actual,7.0,5.5,7.0,7.0,0
SKU192,2025-04-21,actual,8.0,5.5,8.0,8.0,0
SKU192,2025-04-28,actual,11.0,7.0,11.0,11.0,0
SKU192,2025-05-05,actual,7.0,9.0,7.0,7.0,0
SKU192,2025-05-12,actual,4.0,8.25,4.0,4.0,0
SKU192,2025-05-19,actual,7.0,7.5,7.0,7.0,0
SKU192,2025-05-26,actual,6.0,7.25,6.0,6.0,0
SKU192,2025-06-02,actual,9.0,6.0,9.0,9.0,0
SKU192,2025-06-09,actual,6.0,6.5,6.0,6.0,0
SKU192,2025-06-16,actual,7.0,7.0,7.0,7.0,0
SKU192,2025-06-23,actual,11.0,7.0,11.0,11.0,0
SKU192,2025-06-30,actual,7.0,5.0,7.0,7.0,0
SKU192,2025-07-07,actual,4.0,5.0,4.0,4.0,0
SKU192,2025-07-14,actual,4.0,7.0,4.0,4.0,0
SKU192,2025-07-21,actual,5.0,5.0,5.0,5.0,0
SKU192,2025-07-28,actual,11.0,7.0,11.0,11.0,0
SKU192,2025-08-04,actual,7.0,10.0,7.0,7.0,0
SKU192,2025-08-11,actual,9.0,10.0,9.0,9.0,0
SKU192,2025-08-18,actual,6.0,7.0,6.0,6.0,0
SKU192,2025-08-25,actual,0.0,5.0,0.0,0.0,0
SKU192,2025-09-01,actual,5.0,8.0,5.0,5.0,0
SKU192,2025-09-08,actual,5.0,6.0,5.0,5.0,0
SKU192,2025-09-15,actual,3.0,8.0,3.0,3.0,0
SKU192,2025-09-22,actual,7.0,5.0,7.0,7.0,0
SKU192,2025-09-29,actual,4.0,4.0,4.0,4.0,0
SKU192,2025-10-06,actual,5.0,9.0,5.0,5.0,0
SKU192,2025-10-13,actual,6.0,4.0,6.0,6.0,0
SKU192,2025-10-20,actual,8.0,10.0,8.0,8.0,0
SKU192,2025-10-27,actual,6.0,5.0,6.0,6.0,0
SKU192,2025-11-03,actual,3.0,4.0,3.0,3.0,0
SKU192,2025-11-10,actual,4.0,6.0,4.0,4.0,0
SKU192,2025-11-17,actual,8.0,5.0,8.0,8.0,0
SKU192,2025-11-24,actual,5.0,9.0,5.0,5.0,0
SKU192,2025-12-01,actual,6.0,5.0,6.0,6.0,0
SKU192,2025-12-08,actual,7.0,6.0,7.0,7.0,0
SKU192,2025-12-15,actual,6.0,8.0,6.0,6.0,0
SKU192,2025-12-22,actual,10.0,12.0,10.0,10.0,0
SKU192,2025-12-29,actual,10.0,5.0,10.0,10.0,0
SKU192,2026-01-05,actual,11.0,9.0,11.0,11.0,0
SKU192,2026-01-12,actual,4.0,6.0,4.0,4.0,0
SKU192,2026-01-19,actual,15.0,11.0,15.0,15.0,0
SKU192,2026-01-26,actual,14.0,10.0,14.0,14.0,0
SKU192,2026-02-02,actual,9.0,2.0,9.0,9.0,0
SKU192,2026-02-09,actual,6.0,7.0,6.0,6.0,0
SKU192,2026-02-16,actual,8.0,6.0,8.0,8.0,0
SKU192,2026-02-23,actual,8.0,6.0,8.0,8.0,0
SKU192,2026-03-02,actual,9.0,11.0,9.0,9.0,0
SKU192,2026-03-09,actual,9.0,9.0,9.0,9.0,0
SKU192,2026-03-16,actual,10.0,7.0,10.0,10.0,0
SKU192,2026-03-23,actual,7.0,2.0,7.0,7.0,0
SKU192,2026-03-30,actual,14.0,3.0,14.0,14.0,0
SKU192,2026-04-06,actual,10.0,10.0,10.0,10.0,0
SKU192,2026-04-13,actual,12.0,7.0,12.0,12.0,0
SKU192,2026-04-20,actual,11.0,8.0,11.0,11.0,0
SKU192,2026-04-27,actual,13.0,11.0,13.0,13.0,0
SKU192,2026-05-04,actual,7.0,7.0,7.0,7.0,0
SKU192,2026-05-11,actual,2.0,4.0,2.0,2.0,0
SKU192,2026-05-18,actual,8.0,7.0,8.0,8.0,0
SKU192,2026-05-25,actual,8.0,6.0,8.0,8.0,0
SKU192,2026-06-01,actual,3.0,9.0,3.0,3.0,0
SKU192,2026-06-08,actual,9.0,6.0,9.0,9.0,0
SKU192,2026-06-15,actual,9.0,7.0,9.0,9.0,0
SKU193,2024-05-27,actual,2.0,0.0,2.0,2.0,0
SKU193,2024-06-03,actual,3.0,2.0,3.0,3.0,0
SKU193,2024-06-10,actual,5.0,2.5,5.0,5.0,0
SKU193,2024-06-17,actual,5.0,3.3333333333333335,5.0,5.0,0
SKU193,2024-06-24,actual,5.0,3.75,5.0,5.0,0
SKU193,2024-07-01,actual,10.0,4.5,10.0,10.0,0
SKU193,2024-07-08,actual,6.0,6.25,6.0,6.0,0
SKU193,2024-07-15,actual,3.0,6.5,3.0,3.0,0
SKU193,2024-07-22,actual,7.0,6.0,7.0,7.0,0
SKU193,2024-07-29,actual,5.0,6.5,5.0,5.0,0
SKU193,2024-08-05,actual,5.0,5.25,5.0,5.0,0
SKU193,2024-08-12,actual,11.0,5.0,11.0,11.0,0
SKU193,2024-08-19,actual,9.0,7.0,9.0,9.0,0
SKU193,2024-08-26,actual,6.0,7.5,6.0,6.0,0
SKU193,2024-09-02,actual,4.0,7.75,4.0,4.0,0
SKU193,2024-09-09,actual,7.0,7.5,7.0,7.0,0
SKU193,2024-09-16,actual,3.0,6.5,3.0,3.0,0
SKU193,2024-09-23,actual,4.0,5.0,4.0,4.0,0
SKU193,2024-09-30,actual,5.0,4.5,5.0,5.0,0
SKU193,2024-10-07,actual,7.0,4.75,7.0,7.0,0
SKU193,2024-10-14,actual,3.0,4.75,3.0,3.0,0
SKU193,2024-10-21,actual,11.0,4.75,11.0,11.0,0
SKU193,2024-10-28,actual,10.0,6.5,10.0,10.0,0
SKU193,2024-11-04,actual,9.0,7.75,9.0,9.0,0
SKU193,2024-11-11,actual,12.0,8.25,12.0,12.0,0
SKU193,2024-11-18,actual,8.0,10.5,8.0,8.0,0
SKU193,2024-11-25,actual,7.0,9.75,7.0,7.0,0
SKU193,2024-12-02,actual,8.0,9.0,8.0,8.0,0
SKU193,2024-12-09,actual,6.0,8.75,6.0,6.0,0
SKU193,2024-12-16,actual,15.0,7.25,15.0,15.0,0
SKU193,2024-12-23,actual,19.0,9.0,19.0,19.0,0
SKU193,2024-12-30,actual,14.0,12.0,14.0,14.0,0
SKU193,2025-01-06,actual,11.0,13.5,11.0,11.0,0
SKU193,2025-01-13,actual,12.0,14.75,12.0,12.0,0
SKU193,2025-01-20,actual,20.0,14.0,20.0,20.0,0
SKU193,2025-01-27,actual,11.0,14.25,11.0,11.0,0
SKU193,2025-02-03,actual,9.0,13.5,9.0,9.0,0
SKU193,2025-02-10,actual,10.0,13.0,10.0,10.0,0
SKU193,2025-02-17,actual,11.0,12.5,11.0,11.0,0
SKU193,2025-02-24,actual,18.0,10.25,18.0,18.0,0
SKU193,2025-03-03,actual,11.0,12.0,11.0,11.0,0
SKU193,2025-03-10,actual,8.0,12.5,8.0,8.0,0
SKU193,2025-03-17,actual,13.0,12.0,13.0,13.0,0
SKU193,2025-03-24,actual,6.0,12.5,6.0,6.0,0
SKU193,2025-03-31,actual,6.0,9.5,6.0,6.0,0
SKU193,2025-04-07,actual,5.0,8.25,5.0,5.0,0
SKU193,2025-04-14,actual,11.0,7.5,11.0,11.0,0
SKU193,2025-04-21,actual,9.0,7.0,9.0,9.0,0
SKU193,2025-04-28,actual,9.0,7.75,9.0,9.0,0
SKU193,2025-05-05,actual,4.0,8.5,4.0,4.0,0
SKU193,2025-05-12,actual,3.0,8.25,3.0,3.0,0
SKU193,2025-05-19,actual,3.0,6.25,3.0,3.0,0
SKU193,2025-05-26,actual,2.0,2.0,2.0,2.0,0
SKU193,2025-06-02,actual,9.0,3.0,9.0,9.0,0
SKU193,2025-06-09,actual,7.0,5.0,7.0,7.0,0
SKU193,2025-06-16,actual,5.0,5.0,5.0,5.0,0
SKU193,2025-06-23,actual,8.0,5.0,8.0,8.0,0
SKU193,2025-06-30,actual,5.0,10.0,5.0,5.0,0
SKU193,2025-07-07,actual,10.0,6.0,10.0,10.0,0
SKU193,2025-07-14,actual,7.0,3.0,7.0,7.0,0
SKU193,2025-07-21,actual,8.0,7.0,8.0,8.0,0
SKU193,2025-07-28,actual,4.0,5.0,4.0,4.0,0
SKU193,2025-08-04,actual,6.0,5.0,6.0,6.0,0
SKU193,2025-08-11,actual,9.0,11.0,9.0,9.0,0
SKU193,2025-08-18,actual,4.0,9.0,4.0,4.0,0
SKU193,2025-08-25,actual,4.0,6.0,4.0,4.0,0
SKU193,2025-09-01,actual,6.0,4.0,6.0,6.0,0
SKU193,2025-09-08,actual,3.0,7.0,3.0,3.0,0
SKU193,2025-09-15,actual,2.0,3.0,2.0,2.0,0
SKU193,2025-09-22,actual,8.0,4.0,8.0,8.0,0
SKU193,2025-09-29,actual,4.0,5.0,4.0,4.0,0
SKU193,2025-10-06,actual,2.0,7.0,2.0,2.0,0
SKU193,2025-10-13,actual,7.0,3.0,7.0,7.0,0
SKU193,2025-10-20,actual,10.0,11.0,10.0,10.0,0
SKU193,2025-10-27,actual,7.0,10.0,7.0,7.0,0
SKU193,2025-11-03,actual,2.0,9.0,2.0,2.0,0
SKU193,2025-11-10,actual,14.0,12.0,14.0,14.0,0
SKU193,2025-11-17,actual,15.0,8.0,15.0,15.0,0
SKU193,2025-11-24,actual,8.0,7.0,8.0,8.0,0
SKU193,2025-12-01,actual,11.0,8.0,11.0,11.0,0
SKU193,2025-12-08,actual,7.0,6.0,7.0,7.0,0
SKU193,2025-12-15,actual,13.0,15.0,13.0,13.0,0
SKU193,2025-12-22,actual,20.0,19.0,20.0,20.0,0
SKU193,2025-12-29,actual,18.0,14.0,18.0,18.0,0
SKU193,2026-01-05,actual,11.0,11.0,11.0,11.0,0
SKU193,2026-01-12,actual,17.0,12.0,17.0,17.0,0
SKU193,2026-01-19,actual,14.0,20.0,14.0,14.0,0
SKU193,2026-01-26,actual,19.0,11.0,19.0,19.0,0
SKU193,2026-02-02,actual,7.0,9.0,7.0,7.0,0
SKU193,2026-02-09,actual,5.0,10.0,5.0,5.0,0
SKU193,2026-02-16,actual,9.0,11.0,9.0,9.0,0
SKU193,2026-02-23,actual,16.0,18.0,16.0,16.0,0
SKU193,2026-03-02,actual,8.0,11.0,8.0,8.0,0
SKU193,2026-03-09,actual,5.0,8.0,5.0,5.0,0
SKU193,2026-03-16,actual,11.0,13.0,11.0,11.0,0
SKU193,2026-03-23,actual,8.0,6.0,8.0,8.0,0
SKU193,2026-03-30,actual,5.0,6.0,5.0,5.0,0
SKU193,2026-04-06,actual,7.0,5.0,7.0,7.0,0
SKU193,2026-04-13,actual,11.0,11.0,11.0,11.0,0
SKU193,2026-04-20,actual,11.0,9.0,11.0,11.0,0
SKU193,2026-04-27,actual,9.0,9.0,9.0,9.0,0
SKU193,2026-05-04,actual,11.0,4.0,11.0,11.0,0
SKU193,2026-05-11,actual,11.0,3.0,11.0,11.0,0
SKU193,2026-05-18,actual,5.0,3.0,5.0,5.0,0
SKU193,2026-05-25,actual,7.0,2.0,7.0,7.0,0
SKU193,2026-06-01,actual,8.0,9.0,8.0,8.0,0
SKU193,2026-06-08,actual,5.0,7.0,5.0,5.0,0
SKU193,2026-06-15,actual,13.0,5.0,13.0,13.0,0
SKU194,2024-06-03,actual,9.0,0.0,9.0,9.0,0
SKU194,2024-06-10,actual,10.0,9.0,10.0,10.0,0
SKU194,2024-06-17,actual,8.0,9.5,8.0,8.0,0
SKU194,2024-06-24,actual,17.0,9.0,17.0,17.0,0
SKU194,2024-07-01,actual,14.0,11.0,14.0,14.0,0
SKU194,2024-07-08,actual,10.0,12.25,10.0,10.0,0
SKU194,2024-07-15,actual,13.0,12.25,13.0,13.0,0
SKU194,2024-07-22,actual,8.0,13.5,8.0,8.0,0
SKU194,2024-07-29,actual,22.0,11.25,22.0,22.0,0
SKU194,2024-08-05,actual,17.0,13.25,17.0,17.0,0
SKU194,2024-08-12,actual,29.0,15.0,29.0,29.0,0
SKU194,2024-08-19,actual,14.0,19.0,14.0,14.0,0
SKU194,2024-08-26,actual,12.0,20.5,12.0,12.0,0
SKU194,2024-09-02,actual,13.0,18.0,13.0,13.0,0
SKU194,2024-09-09,actual,15.0,17.0,15.0,15.0,0
SKU194,2024-09-16,actual,14.0,13.5,14.0,14.0,0
SKU194,2024-09-23,actual,17.0,13.5,17.0,17.0,0
SKU194,2024-09-30,actual,22.0,14.75,22.0,22.0,0
SKU194,2024-10-07,actual,19.0,17.0,19.0,19.0,0
SKU194,2024-10-14,actual,38.0,18.0,38.0,38.0,0
SKU194,2024-10-21,actual,51.0,24.0,51.0,51.0,0
SKU194,2024-10-28,actual,17.0,32.5,17.0,17.0,0
SKU194,2024-11-04,actual,21.0,31.25,21.0,21.0,0
SKU194,2024-11-11,actual,17.0,31.75,17.0,17.0,0
SKU194,2024-11-18,actual,17.0,26.5,17.0,17.0,0
SKU194,2024-11-25,actual,24.0,18.0,24.0,24.0,0
SKU194,2024-12-02,actual,25.0,19.75,25.0,25.0,0
SKU194,2024-12-09,actual,27.0,20.75,27.0,27.0,0
SKU194,2024-12-16,actual,18.0,23.25,18.0,18.0,0
SKU194,2024-12-23,actual,32.0,23.5,32.0,32.0,0
SKU194,2024-12-30,actual,30.0,25.5,30.0,30.0,0
SKU194,2025-01-06,actual,21.0,26.75,21.0,21.0,0
SKU194,2025-01-13,actual,25.0,25.25,25.0,25.0,0
SKU194,2025-01-20,actual,32.0,27.0,32.0,32.0,0
SKU194,2025-01-27,actual,24.0,27.0,24.0,24.0,0
SKU194,2025-02-03,actual,22.0,25.5,22.0,22.0,0
SKU194,2025-02-10,actual,22.0,25.75,22.0,22.0,0
SKU194,2025-02-17,actual,13.0,25.0,13.0,13.0,0
SKU194,2025-02-24,actual,12.0,20.25,12.0,12.0,0
SKU194,2025-03-03,actual,15.0,17.25,15.0,15.0,0
SKU194,2025-03-10,actual,16.0,15.5,16.0,16.0,0
SKU194,2025-03-17,actual,17.0,14.0,17.0,17.0,0
SKU194,2025-03-24,actual,8.0,15.0,8.0,8.0,0
SKU194,2025-03-31,actual,16.0,14.0,16.0,16.0,0
SKU194,2025-04-07,actual,15.0,14.25,15.0,15.0,0
SKU194,2025-04-14,actual,10.0,14.0,10.0,10.0,0
SKU194,2025-04-21,actual,9.0,12.25,9.0,9.0,0
SKU194,2025-04-28,actual,23.0,12.5,23.0,23.0,0
SKU194,2025-05-05,actual,17.0,14.25,17.0,17.0,0
SKU194,2025-05-12,actual,11.0,14.75,11.0,11.0,0
SKU194,2025-05-19,actual,8.0,15.0,8.0,8.0,0
SKU194,2025-05-26,actual,6.0,14.75,6.0,6.0,0
SKU194,2025-06-02,actual,7.0,9.0,7.0,7.0,0
SKU194,2025-06-09,actual,19.0,10.0,19.0,19.0,0
SKU194,2025-06-16,actual,12.0,8.0,12.0,12.0,0
SKU194,2025-06-23,actual,11.0,17.0,11.0,11.0,0
SKU194,2025-06-30,actual,14.0,14.0,14.0,14.0,0
SKU194,2025-07-07,actual,10.0,10.0,10.0,10.0,0
SKU194,2025-07-14,actual,8.0,13.0,8.0,8.0,0
SKU194,2025-07-21,actual,14.0,8.0,14.0,14.0,0
SKU194,2025-07-28,actual,13.0,22.0,13.0,13.0,0
SKU194,2025-08-04,actual,6.0,17.0,6.0,6.0,0
SKU194,2025-08-11,actual,25.0,29.0,25.0,25.0,0
SKU194,2025-08-18,actual,20.0,14.0,20.0,20.0,0
SKU194,2025-08-25,actual,16.0,12.0,16.0,16.0,0
SKU194,2025-09-01,actual,17.0,13.0,17.0,17.0,0
SKU194,2025-09-08,actual,13.0,15.0,13.0,13.0,0
SKU194,2025-09-15,actual,13.0,14.0,13.0,13.0,0
SKU194,2025-09-22,actual,14.0,17.0,14.0,14.0,0
SKU194,2025-09-29,actual,13.0,22.0,13.0,13.0,0
SKU194,2025-10-06,actual,20.0,19.0,20.0,20.0,0
SKU194,2025-10-13,actual,14.0,38.0,14.0,14.0,0
SKU194,2025-10-20,actual,39.0,51.0,39.0,39.0,0
SKU194,2025-10-27,actual,16.0,17.0,16.0,16.0,0
SKU194,2025-11-03,actual,20.0,21.0,20.0,20.0,0
SKU194,2025-11-10,actual,16.0,17.0,16.0,16.0,0
SKU194,2025-11-17,actual,13.0,17.0,13.0,13.0,0
SKU194,2025-11-24,actual,20.0,24.0,20.0,20.0,0
SKU194,2025-12-01,actual,17.0,25.0,17.0,17.0,0
SKU194,2025-12-08,actual,19.0,27.0,19.0,19.0,0
SKU194,2025-12-15,actual,17.0,18.0,17.0,17.0,0
SKU194,2025-12-22,actual,22.0,32.0,22.0,22.0,0
SKU194,2025-12-29,actual,24.0,30.0,24.0,24.0,0
SKU194,2026-01-05,actual,31.0,21.0,31.0,31.0,0
SKU194,2026-01-12,actual,16.0,25.0,16.0,16.0,0
SKU194,2026-01-19,actual,20.0,32.0,20.0,20.0,0
SKU194,2026-01-26,actual,23.0,24.0,23.0,23.0,0
SKU194,2026-02-02,actual,17.0,22.0,17.0,17.0,0
SKU194,2026-02-09,actual,17.0,22.0,17.0,17.0,0
SKU194,2026-02-16,actual,16.0,13.0,16.0,16.0,0
SKU194,2026-02-23,actual,19.0,12.0,19.0,19.0,0
SKU194,2026-03-02,actual,11.0,15.0,11.0,11.0,0
SKU194,2026-03-09,actual,15.0,16.0,15.0,15.0,0
SKU194,2026-03-16,actual,17.0,17.0,17.0,17.0,0
SKU194,2026-03-23,actual,19.0,8.0,19.0,19.0,0
SKU194,2026-03-30,actual,16.0,16.0,16.0,16.0,0
SKU194,2026-04-06,actual,15.0,15.0,15.0,15.0,0
SKU194,2026-04-13,actual,15.0,10.0,15.0,15.0,0
SKU194,2026-04-20,actual,8.0,9.0,8.0,8.0,0
SKU194,2026-04-27,actual,22.0,23.0,22.0,22.0,0
SKU194,2026-05-04,actual,19.0,17.0,19.0,19.0,0
SKU194,2026-05-11,actual,8.0,11.0,8.0,8.0,0
SKU194,2026-05-18,actual,14.0,8.0,14.0,14.0,0
SKU194,2026-05-25,actual,13.0,6.0,13.0,13.0,0
SKU194,2026-06-01,actual,11.0,7.0,11.0,11.0,0
SKU194,2026-06-08,actual,11.0,19.0,11.0,11.0,0
SKU194,2026-06-15,actual,8.0,12.0,8.0,8.0,0
SKU195,2024-12-09,actual,10.0,0.0,10.0,10.0,0
SKU195,2024-12-16,actual,16.0,10.0,16.0,16.0,0
SKU195,2024-12-23,actual,31.0,13.0,31.0,31.0,0
SKU195,2024-12-30,actual,15.0,19.0,15.0,15.0,0
SKU195,2025-01-06,actual,16.0,18.0,16.0,16.0,0
SKU195,2025-01-13,actual,12.0,19.5,12.0,12.0,0
SKU195,2025-01-20,actual,34.0,18.5,34.0,34.0,0
SKU195,2025-01-27,actual,13.0,19.25,13.0,13.0,0
SKU195,2025-02-03,actual,13.0,18.75,13.0,13.0,0
SKU195,2025-02-10,actual,13.0,18.0,13.0,13.0,0
SKU195,2025-02-17,actual,13.0,18.25,13.0,13.0,0
SKU195,2025-02-24,actual,12.0,13.0,12.0,12.0,0
SKU195,2025-03-03,actual,10.0,12.75,10.0,10.0,0
SKU195,2025-03-10,actual,6.0,12.0,6.0,6.0,0
SKU195,2025-03-17,actual,8.0,10.25,8.0,8.0,0
SKU195,2025-03-24,actual,6.0,9.0,6.0,6.0,0
SKU195,2025-03-31,actual,13.0,7.5,13.0,13.0,0
SKU195,2025-04-07,actual,11.0,8.25,11.0,11.0,0
SKU195,2025-04-14,actual,7.0,9.5,7.0,7.0,0
SKU195,2025-04-21,actual,11.0,9.25,11.0,11.0,0
SKU195,2025-04-28,actual,16.0,10.5,16.0,16.0,0
SKU195,2025-05-05,actual,15.0,11.25,15.0,15.0,0
SKU195,2025-05-12,actual,15.0,12.25,15.0,15.0,0
SKU195,2025-05-19,actual,10.0,14.25,10.0,10.0,0
SKU195,2025-05-26,actual,7.0,14.0,7.0,7.0,0
SKU195,2025-06-02,actual,9.0,11.75,9.0,9.0,0
SKU195,2025-06-09,actual,15.0,10.25,15.0,15.0,0
SKU195,2025-06-16,actual,7.0,10.25,7.0,7.0,0
SKU195,2025-06-23,actual,5.0,9.5,5.0,5.0,0
SKU195,2025-06-30,actual,13.0,9.0,13.0,13.0,0
SKU195,2025-07-07,actual,10.0,10.0,10.0,10.0,0
SKU195,2025-07-14,actual,12.0,8.75,12.0,12.0,0
SKU195,2025-07-21,actual,9.0,10.0,9.0,9.0,0
SKU195,2025-07-28,actual,9.0,11.0,9.0,9.0,0
SKU195,2025-08-04,actual,12.0,10.0,12.0,12.0,0
SKU195,2025-08-11,actual,15.0,10.5,15.0,15.0,0
SKU195,2025-08-18,actual,17.0,11.25,17.0,17.0,0
SKU195,2025-08-25,actual,8.0,13.25,8.0,8.0,0
SKU195,2025-09-01,actual,11.0,13.0,11.0,11.0,0
SKU195,2025-09-08,actual,13.0,12.75,13.0,13.0,0
SKU195,2025-09-15,actual,9.0,12.25,9.0,9.0,0
SKU195,2025-09-22,actual,4.0,10.25,4.0,4.0,0
SKU195,2025-09-29,actual,13.0,9.25,13.0,13.0,0
SKU195,2025-10-06,actual,19.0,9.75,19.0,19.0,0
SKU195,2025-10-13,actual,24.0,11.25,24.0,24.0,0
SKU195,2025-10-20,actual,34.0,15.0,34.0,34.0,0
SKU195,2025-10-27,actual,10.0,22.5,10.0,10.0,0
SKU195,2025-11-03,actual,9.0,21.75,9.0,9.0,0
SKU195,2025-11-10,actual,19.0,19.25,19.0,19.0,0
SKU195,2025-11-17,actual,17.0,18.0,17.0,17.0,0
SKU195,2025-11-24,actual,17.0,13.75,17.0,17.0,0
SKU195,2025-12-01,actual,24.0,15.5,24.0,24.0,0
SKU195,2025-12-08,actual,15.0,10.0,15.0,15.0,0
SKU195,2025-12-15,actual,22.0,16.0,22.0,22.0,0
SKU195,2025-12-22,actual,40.0,31.0,40.0,40.0,0
SKU195,2025-12-29,actual,19.0,15.0,19.0,19.0,0
SKU195,2026-01-05,actual,16.0,16.0,16.0,16.0,0
SKU195,2026-01-12,actual,14.0,12.0,14.0,14.0,0
SKU195,2026-01-19,actual,25.0,34.0,25.0,25.0,0
SKU195,2026-01-26,actual,12.0,13.0,12.0,12.0,0
SKU195,2026-02-02,actual,16.0,13.0,16.0,16.0,0
SKU195,2026-02-09,actual,11.0,13.0,11.0,11.0,0
SKU195,2026-02-16,actual,19.0,13.0,19.0,19.0,0
SKU195,2026-02-23,actual,11.0,12.0,11.0,11.0,0
SKU195,2026-03-02,actual,17.0,10.0,17.0,17.0,0
SKU195,2026-03-09,actual,11.0,6.0,11.0,11.0,0
SKU195,2026-03-16,actual,12.0,8.0,12.0,12.0,0
SKU195,2026-03-23,actual,9.0,6.0,9.0,9.0,0
SKU195,2026-03-30,actual,13.0,13.0,13.0,13.0,0
SKU195,2026-04-06,actual,19.0,11.0,19.0,19.0,0
SKU195,2026-04-13,actual,9.0,7.0,9.0,9.0,0
SKU195,2026-04-20,actual,10.0,11.0,10.0,10.0,0
SKU195,2026-04-27,actual,13.0,16.0,13.0,13.0,0
SKU195,2026-05-04,actual,14.0,15.0,14.0,14.0,0
SKU195,2026-05-11,actual,5.0,15.0,5.0,5.0,0
SKU195,2026-05-18,actual,14.0,10.0,14.0,14.0,0
SKU195,2026-05-25,actual,7.0,7.0,7.0,7.0,0
SKU195,2026-06-01,actual,17.0,9.0,17.0,17.0,0
SKU195,2026-06-08,actual,12.0,15.0,12.0,12.0,0
SKU195,2026-06-15,actual,8.0,7.0,8.0,8.0,0
SKU196,2024-05-27,actual,5.0,0.0,5.0,5.0,0
SKU196,2024-06-03,actual,21.0,5.0,21.0,21.0,0
SKU196,2024-06-10,actual,19.0,13.0,19.0,19.0,0
SKU196,2024-06-17,actual,25.0,15.0,25.0,25.0,0
SKU196,2024-06-24,actual,19.0,17.5,19.0,19.0,0
SKU196,2024-07-01,actual,26.0,21.0,26.0,26.0,0
SKU196,2024-07-08,actual,26.0,22.25,26.0,26.0,0
SKU196,2024-07-15,actual,27.0,24.0,27.0,27.0,0
SKU196,2024-07-22,actual,27.0,24.5,27.0,27.0,0
SKU196,2024-07-29,actual,18.0,26.5,18.0,18.0,0
SKU196,2024-08-05,actual,26.0,24.5,26.0,26.0,0
SKU196,2024-08-12,actual,43.0,24.5,43.0,43.0,0
SKU196,2024-08-19,actual,25.0,28.5,25.0,25.0,0
SKU196,2024-08-26,actual,28.0,28.0,28.0,28.0,0
SKU196,2024-09-02,actual,36.0,30.5,36.0,36.0,0
SKU196,2024-09-09,actual,25.0,33.0,25.0,25.0,0
SKU196,2024-09-16,actual,27.0,28.5,27.0,27.0,0
SKU196,2024-09-23,actual,25.0,29.0,25.0,25.0,0
SKU196,2024-09-30,actual,32.0,28.25,32.0,32.0,0
SKU196,2024-10-07,actual,28.0,27.25,28.0,28.0,0
SKU196,2024-10-14,actual,35.0,28.0,35.0,35.0,0
SKU196,2024-10-21,actual,52.0,30.0,52.0,52.0,0
SKU196,2024-10-28,actual,43.0,36.75,43.0,43.0,0
SKU196,2024-11-04,actual,22.0,39.5,22.0,22.0,0
SKU196,2024-11-11,actual,28.0,38.0,28.0,28.0,0
SKU196,2024-11-18,actual,31.0,36.25,31.0,31.0,0
SKU196,2024-11-25,actual,21.0,31.0,21.0,21.0,0
SKU196,2024-12-02,actual,32.0,25.5,32.0,32.0,0
SKU196,2024-12-09,actual,28.0,28.0,28.0,28.0,0
SKU196,2024-12-16,actual,16.0,28.0,16.0,16.0,0
SKU196,2024-12-23,actual,33.0,24.25,33.0,33.0,0
SKU196,2024-12-30,actual,21.0,27.25,21.0,21.0,0
SKU196,2025-01-06,actual,17.0,24.5,17.0,17.0,0
SKU196,2025-01-13,actual,17.0,21.75,17.0,17.0,0
SKU196,2025-01-20,actual,38.0,22.0,38.0,38.0,0
SKU196,2025-01-27,actual,15.0,23.25,15.0,15.0,0
SKU196,2025-02-03,actual,19.0,21.75,19.0,19.0,0
SKU196,2025-02-10,actual,9.0,22.25,9.0,9.0,0
SKU196,2025-02-17,actual,18.0,20.25,18.0,18.0,0
SKU196,2025-02-24,actual,16.0,15.25,16.0,16.0,0
SKU196,2025-03-03,actual,9.0,15.5,9.0,9.0,0
SKU196,2025-03-10,actual,19.0,13.0,19.0,19.0,0
SKU196,2025-03-17,actual,11.0,15.5,11.0,11.0,0
SKU196,2025-03-24,actual,15.0,13.75,15.0,15.0,0
SKU196,2025-03-31,actual,15.0,13.5,15.0,15.0,0
SKU196,2025-04-07,actual,16.0,15.0,16.0,16.0,0
SKU196,2025-04-14,actual,20.0,14.25,20.0,20.0,0
SKU196,2025-04-21,actual,13.0,16.5,13.0,13.0,0
SKU196,2025-04-28,actual,34.0,16.0,34.0,34.0,0
SKU196,2025-05-05,actual,21.0,20.75,21.0,21.0,0
SKU196,2025-05-12,actual,18.0,22.0,18.0,18.0,0
SKU196,2025-05-19,actual,15.0,21.5,15.0,15.0,0
SKU196,2025-05-26,actual,30.0,5.0,30.0,30.0,0
SKU196,2025-06-02,actual,20.0,21.0,20.0,20.0,0
SKU196,2025-06-09,actual,31.0,19.0,31.0,31.0,0
SKU196,2025-06-16,actual,21.0,25.0,21.0,21.0,0
SKU196,2025-06-23,actual,37.0,19.0,37.0,37.0,0
SKU196,2025-06-30,actual,25.0,26.0,25.0,25.0,0
SKU196,2025-07-07,actual,26.0,26.0,26.0,26.0,0
SKU196,2025-07-14,actual,22.0,27.0,22.0,22.0,0
SKU196,2025-07-21,actual,19.0,27.0,19.0,19.0,0
SKU196,2025-07-28,actual,29.0,18.0,29.0,29.0,0
SKU196,2025-08-04,actual,34.0,26.0,34.0,34.0,0
SKU196,2025-08-11,actual,44.0,43.0,44.0,44.0,0
SKU196,2025-08-18,actual,23.0,25.0,23.0,23.0,0
SKU196,2025-08-25,actual,39.0,28.0,39.0,39.0,0
SKU196,2025-09-01,actual,37.0,36.0,37.0,37.0,0
SKU196,2025-09-08,actual,42.0,25.0,42.0,42.0,0
SKU196,2025-09-15,actual,40.0,27.0,40.0,40.0,0
SKU196,2025-09-22,actual,30.0,25.0,30.0,30.0,0
SKU196,2025-09-29,actual,29.0,32.0,29.0,29.0,0
SKU196,2025-10-06,actual,31.0,28.0,31.0,31.0,0
SKU196,2025-10-13,actual,37.0,35.0,37.0,37.0,0
SKU196,2025-10-20,actual,44.0,52.0,44.0,44.0,0
SKU196,2025-10-27,actual,38.0,43.0,38.0,38.0,0
SKU196,2025-11-03,actual,23.0,22.0,23.0,23.0,0
SKU196,2025-11-10,actual,22.0,28.0,22.0,22.0,0
SKU196,2025-11-17,actual,32.0,31.0,32.0,32.0,0
SKU196,2025-11-24,actual,13.0,21.0,13.0,13.0,0
SKU196,2025-12-01,actual,28.0,32.0,28.0,28.0,0
SKU196,2025-12-08,actual,30.0,28.0,30.0,30.0,0
SKU196,2025-12-15,actual,22.0,16.0,22.0,22.0,0
SKU196,2025-12-22,actual,33.0,33.0,33.0,33.0,0
SKU196,2025-12-29,actual,25.0,21.0,25.0,25.0,0
SKU196,2026-01-05,actual,23.0,17.0,23.0,23.0,0
SKU196,2026-01-12,actual,21.0,17.0,21.0,21.0,0
SKU196,2026-01-19,actual,30.0,38.0,30.0,30.0,0
SKU196,2026-01-26,actual,31.0,15.0,31.0,31.0,0
SKU196,2026-02-02,actual,18.0,19.0,18.0,18.0,0
SKU196,2026-02-09,actual,15.0,9.0,15.0,15.0,0
SKU196,2026-02-16,actual,13.0,18.0,13.0,13.0,0
SKU196,2026-02-23,actual,12.0,16.0,12.0,12.0,0
SKU196,2026-03-02,actual,20.0,9.0,20.0,20.0,0
SKU196,2026-03-09,actual,15.0,19.0,15.0,15.0,0
SKU196,2026-03-16,actual,19.0,11.0,19.0,19.0,0
SKU196,2026-03-23,actual,12.0,15.0,12.0,12.0,0
SKU196,2026-03-30,actual,14.0,15.0,14.0,14.0,0
SKU196,2026-04-06,actual,10.0,16.0,10.0,10.0,0
SKU196,2026-04-13,actual,25.0,20.0,25.0,25.0,0
SKU196,2026-04-20,actual,19.0,13.0,19.0,19.0,0
SKU196,2026-04-27,actual,19.0,34.0,19.0,19.0,0
SKU196,2026-05-04,actual,9.0,21.0,9.0,9.0,0
SKU196,2026-05-11,actual,22.0,18.0,22.0,22.0,0
SKU196,2026-05-18,actual,20.0,15.0,20.0,20.0,0
SKU196,2026-05-25,actual,19.0,30.0,19.0,19.0,0
SKU196,2026-06-01,actual,21.0,20.0,21.0,21.0,0
SKU196,2026-06-08,actual,24.0,31.0,24.0,24.0,0
SKU196,2026-06-15,actual,16.0,21.0,16.0,16.0,0
SKU197,2024-05-27,actual,17.0,0.0,17.0,17.0,0
SKU197,2024-06-03,actual,41.0,17.0,41.0,41.0,0
SKU197,2024-06-10,actual,45.0,29.0,45.0,45.0,0
SKU197,2024-06-17,actual,33.0,34.333333333333336,33.0,33.0,0
SKU197,2024-06-24,actual,42.0,34.0,42.0,42.0,0
SKU197,2024-07-01,actual,50.0,40.25,50.0,50.0,0
SKU197,2024-07-08,actual,42.0,42.5,42.0,42.0,0
SKU197,2024-07-15,actual,50.0,41.75,50.0,50.0,0
SKU197,2024-07-22,actual,53.0,46.0,53.0,53.0,0
SKU197,2024-07-29,actual,50.0,48.75,50.0,50.0,0
SKU197,2024-08-05,actual,45.0,48.75,45.0,45.0,0
SKU197,2024-08-12,actual,73.0,49.5,73.0,73.0,0
SKU197,2024-08-19,actual,38.0,55.25,38.0,38.0,0
SKU197,2024-08-26,actual,35.0,51.5,35.0,35.0,0
SKU197,2024-09-02,actual,55.0,47.75,55.0,55.0,0
SKU197,2024-09-09,actual,42.0,50.25,42.0,42.0,0
SKU197,2024-09-16,actual,48.0,42.5,48.0,48.0,0
SKU197,2024-09-23,actual,39.0,45.0,39.0,39.0,0
SKU197,2024-09-30,actual,49.0,46.0,49.0,49.0,0
SKU197,2024-10-07,actual,58.0,44.5,58.0,58.0,0
SKU197,2024-10-14,actual,54.0,48.5,54.0,54.0,0
SKU197,2024-10-21,actual,73.0,50.0,73.0,73.0,0
SKU197,2024-10-28,actual,44.0,58.5,44.0,44.0,0
SKU197,2024-11-04,actual,37.0,57.25,37.0,37.0,0
SKU197,2024-11-11,actual,35.0,52.0,35.0,35.0,0
SKU197,2024-11-18,actual,35.0,47.25,35.0,35.0,0
SKU197,2024-11-25,actual,32.0,37.75,32.0,32.0,0
SKU197,2024-12-02,actual,40.0,34.75,40.0,40.0,0
SKU197,2024-12-09,actual,37.0,35.5,37.0,37.0,0
SKU197,2024-12-16,actual,35.0,36.0,35.0,35.0,0
SKU197,2024-12-23,actual,60.0,36.0,60.0,60.0,0
SKU197,2024-12-30,actual,29.0,43.0,29.0,29.0,0
SKU197,2025-01-06,actual,30.0,40.25,30.0,30.0,0
SKU197,2025-01-13,actual,22.0,38.5,22.0,22.0,0
SKU197,2025-01-20,actual,51.0,35.25,51.0,51.0,0
SKU197,2025-01-27,actual,23.0,33.0,23.0,23.0,0
SKU197,2025-02-03,actual,10.0,31.5,10.0,10.0,0
SKU197,2025-02-10,actual,21.0,26.5,21.0,21.0,0
SKU197,2025-02-17,actual,30.0,26.25,30.0,30.0,0
SKU197,2025-02-24,actual,26.0,21.0,26.0,26.0,0
SKU197,2025-03-03,actual,27.0,21.75,27.0,27.0,0
SKU197,2025-03-10,actual,23.0,26.0,23.0,23.0,0
SKU197,2025-03-17,actual,26.0,26.5,26.0,26.0,0
SKU197,2025-03-24,actual,26.0,25.5,26.0,26.0,0
SKU197,2025-03-31,actual,30.0,25.5,30.0,30.0,0
SKU197,2025-04-07,actual,29.0,26.25,29.0,29.0,0
SKU197,2025-04-14,actual,37.0,27.75,37.0,37.0,0
SKU197,2025-04-21,actual,28.0,30.5,28.0,28.0,0
SKU197,2025-04-28,actual,44.0,31.0,44.0,44.0,0
SKU197,2025-05-05,actual,47.0,34.5,47.0,47.0,0
SKU197,2025-05-12,actual,48.0,39.0,48.0,48.0,0
SKU197,2025-05-19,actual,43.0,41.75,43.0,43.0,0
SKU197,2025-05-26,actual,50.0,17.0,50.0,50.0,0
SKU197,2025-06-02,actual,47.0,41.0,47.0,47.0,0
SKU197,2025-06-09,actual,51.0,45.0,51.0,51.0,0
SKU197,2025-06-16,actual,40.0,33.0,40.0,40.0,0
SKU197,2025-06-23,actual,49.0,42.0,49.0,49.0,0
SKU197,2025-06-30,actual,53.0,50.0,53.0,53.0,0
SKU197,2025-07-07,actual,47.0,42.0,47.0,47.0,0
SKU197,2025-07-14,actual,42.0,50.0,42.0,42.0,0
SKU197,2025-07-21,actual,44.0,53.0,44.0,44.0,0
SKU197,2025-07-28,actual,47.0,50.0,47.0,47.0,0
SKU197,2025-08-04,actual,50.0,45.0,50.0,50.0,0
SKU197,2025-08-11,actual,90.0,73.0,90.0,90.0,0
SKU197,2025-08-18,actual,57.0,38.0,57.0,57.0,0
SKU197,2025-08-25,actual,47.0,35.0,47.0,47.0,0
SKU197,2025-09-01,actual,58.0,55.0,58.0,58.0,0
SKU197,2025-09-08,actual,32.0,42.0,32.0,32.0,0
SKU197,2025-09-15,actual,52.0,48.0,52.0,52.0,0
SKU197,2025-09-22,actual,48.0,39.0,48.0,48.0,0
SKU197,2025-09-29,actual,34.0,49.0,34.0,34.0,0
SKU197,2025-10-06,actual,45.0,58.0,45.0,45.0,0
SKU197,2025-10-13,actual,52.0,54.0,52.0,52.0,0
SKU197,2025-10-20,actual,81.0,73.0,81.0,81.0,0
SKU197,2025-10-27,actual,45.0,44.0,45.0,45.0,0
SKU197,2025-11-03,actual,31.0,37.0,31.0,31.0,0
SKU197,2025-11-10,actual,40.0,35.0,40.0,40.0,0
SKU197,2025-11-17,actual,42.0,35.0,42.0,42.0,0
SKU197,2025-11-24,actual,32.0,32.0,32.0,32.0,0
SKU197,2025-12-01,actual,28.0,40.0,28.0,28.0,0
SKU197,2025-12-08,actual,39.0,37.0,39.0,39.0,0
SKU197,2025-12-15,actual,31.0,35.0,31.0,31.0,0
SKU197,2025-12-22,actual,63.0,60.0,63.0,63.0,0
SKU197,2025-12-29,actual,28.0,29.0,28.0,28.0,0
SKU197,2026-01-05,actual,30.0,30.0,30.0,30.0,0
SKU197,2026-01-12,actual,25.0,22.0,25.0,25.0,0
SKU197,2026-01-19,actual,35.0,51.0,35.0,35.0,0
SKU197,2026-01-26,actual,39.0,23.0,39.0,39.0,0
SKU197,2026-02-02,actual,21.0,10.0,21.0,21.0,0
SKU197,2026-02-09,actual,29.0,21.0,29.0,29.0,0
SKU197,2026-02-16,actual,29.0,30.0,29.0,29.0,0
SKU197,2026-02-23,actual,21.0,26.0,21.0,21.0,0
SKU197,2026-03-02,actual,25.0,27.0,25.0,25.0,0
SKU197,2026-03-09,actual,18.0,23.0,18.0,18.0,0
SKU197,2026-03-16,actual,28.0,26.0,28.0,28.0,0
SKU197,2026-03-23,actual,37.0,26.0,37.0,37.0,0
SKU197,2026-03-30,actual,35.0,30.0,35.0,35.0,0
SKU197,2026-04-06,actual,31.0,29.0,31.0,31.0,0
SKU197,2026-04-13,actual,30.0,37.0,30.0,30.0,0
SKU197,2026-04-20,actual,25.0,28.0,25.0,25.0,0
SKU197,2026-04-27,actual,49.0,44.0,49.0,49.0,0
SKU197,2026-05-04,actual,47.0,47.0,47.0,47.0,0
SKU197,2026-05-11,actual,41.0,48.0,41.0,41.0,0
SKU197,2026-05-18,actual,26.0,43.0,26.0,26.0,0
SKU197,2026-05-25,actual,46.0,50.0,46.0,46.0,0
SKU197,2026-06-01,actual,37.0,47.0,37.0,37.0,0
SKU197,2026-06-08,actual,45.0,51.0,45.0,45.0,0
SKU197,2026-06-15,actual,51.0,40.0,51.0,51.0,0
SKU198,2024-05-27,actual,12.0,0.0,12.0,12.0,0
SKU198,2024-06-03,actual,28.0,12.0,28.0,28.0,0
SKU198,2024-06-10,actual,32.0,20.0,32.0,32.0,0
SKU198,2024-06-17,actual,29.0,24.0,29.0,29.0,0
SKU198,2024-06-24,actual,27.0,25.25,27.0,27.0,0
SKU198,2024-07-01,actual,34.0,29.0,34.0,34.0,0
SKU198,2024-07-08,actual,29.0,30.5,29.0,29.0,0
SKU198,2024-07-15,actual,21.0,29.75,21.0,21.0,0
SKU198,2024-07-22,actual,38.0,27.75,38.0,38.0,0
SKU198,2024-07-29,actual,20.0,30.5,20.0,20.0,0
SKU198,2024-08-05,actual,23.0,27.0,23.0,23.0,0
SKU198,2024-08-12,actual,40.0,25.5,40.0,40.0,0
SKU198,2024-08-19,actual,26.0,30.25,26.0,26.0,0
SKU198,2024-08-26,actual,17.0,27.25,17.0,17.0,0
SKU198,2024-09-02,actual,15.0,26.5,15.0,15.0,0
SKU198,2024-09-09,actual,24.0,24.5,24.0,24.0,0
SKU198,2024-09-16,actual,26.0,20.5,26.0,26.0,0
SKU198,2024-09-23,actual,8.0,20.5,8.0,8.0,0
SKU198,2024-09-30,actual,15.0,18.25,15.0,15.0,0
SKU198,2024-10-07,actual,22.0,18.25,22.0,22.0,0
SKU198,2024-10-14,actual,22.0,17.75,22.0,22.0,0
SKU198,2024-10-21,actual,27.0,16.75,27.0,27.0,0
SKU198,2024-10-28,actual,15.0,21.5,15.0,15.0,0
SKU198,2024-11-04,actual,15.0,21.5,15.0,15.0,0
SKU198,2024-11-11,actual,19.0,19.75,19.0,19.0,0
SKU198,2024-11-18,actual,13.0,19.0,13.0,13.0,0
SKU198,2024-11-25,actual,19.0,15.5,19.0,19.0,0
SKU198,2024-12-02,actual,14.0,16.5,14.0,14.0,0
SKU198,2024-12-09,actual,17.0,16.25,17.0,17.0,0
SKU198,2024-12-16,actual,16.0,15.75,16.0,16.0,0
SKU198,2024-12-23,actual,15.0,16.5,15.0,15.0,0
SKU198,2024-12-30,actual,11.0,15.5,11.0,11.0,0
SKU198,2025-01-06,actual,16.0,14.75,16.0,16.0,0
SKU198,2025-01-13,actual,24.0,14.5,24.0,24.0,0
SKU198,2025-01-20,actual,28.0,16.5,28.0,28.0,0
SKU198,2025-01-27,actual,14.0,19.75,14.0,14.0,0
SKU198,2025-02-03,actual,19.0,20.5,19.0,19.0,0
SKU198,2025-02-10,actual,12.0,21.25,12.0,12.0,0
SKU198,2025-02-17,actual,21.0,18.25,21.0,21.0,0
SKU198,2025-02-24,actual,22.0,16.5,22.0,22.0,0
SKU198,2025-03-03,actual,33.0,18.5,33.0,33.0,0
SKU198,2025-03-10,actual,21.0,22.0,21.0,21.0,0
SKU198,2025-03-17,actual,20.0,24.25,20.0,20.0,0
SKU198,2025-03-24,actual,27.0,24.0,27.0,27.0,0
SKU198,2025-03-31,actual,24.0,25.25,24.0,24.0,0
SKU198,2025-04-07,actual,25.0,23.0,25.0,25.0,0
SKU198,2025-04-14,actual,26.0,24.0,26.0,26.0,0
SKU198,2025-04-21,actual,25.0,25.5,25.0,25.0,0
SKU198,2025-04-28,actual,36.0,25.0,36.0,36.0,0
SKU198,2025-05-05,actual,20.0,28.0,20.0,20.0,0
SKU198,2025-05-12,actual,21.0,26.75,21.0,21.0,0
SKU198,2025-05-19,actual,28.0,25.5,28.0,28.0,0
SKU198,2025-05-26,actual,25.0,12.0,25.0,25.0,0
SKU198,2025-06-02,actual,28.0,28.0,28.0,28.0,0
SKU198,2025-06-09,actual,28.0,32.0,28.0,28.0,0
SKU198,2025-06-16,actual,32.0,29.0,32.0,32.0,0
SKU198,2025-06-23,actual,22.0,27.0,22.0,22.0,0
SKU198,2025-06-30,actual,29.0,34.0,29.0,29.0,0
SKU198,2025-07-07,actual,28.0,29.0,28.0,28.0,0
SKU198,2025-07-14,actual,29.0,21.0,29.0,29.0,0
SKU198,2025-07-21,actual,25.0,38.0,25.0,25.0,0
SKU198,2025-07-28,actual,23.0,20.0,23.0,23.0,0
SKU198,2025-08-04,actual,23.0,23.0,23.0,23.0,0
SKU198,2025-08-11,actual,30.0,40.0,30.0,30.0,0
SKU198,2025-08-18,actual,22.0,26.0,22.0,22.0,0
SKU198,2025-08-25,actual,40.0,17.0,40.0,40.0,0
SKU198,2025-09-01,actual,26.0,15.0,26.0,26.0,0
SKU198,2025-09-08,actual,27.0,24.0,27.0,27.0,0
SKU198,2025-09-15,actual,23.0,26.0,23.0,23.0,0
SKU198,2025-09-22,actual,18.0,8.0,18.0,18.0,0
SKU198,2025-09-29,actual,31.0,15.0,31.0,31.0,0
SKU198,2025-10-06,actual,16.0,22.0,16.0,16.0,0
SKU198,2025-10-13,actual,20.0,22.0,20.0,20.0,0
SKU198,2025-10-20,actual,33.0,27.0,33.0,33.0,0
SKU198,2025-10-27,actual,16.0,15.0,16.0,16.0,0
SKU198,2025-11-03,actual,11.0,15.0,11.0,11.0,0
SKU198,2025-11-10,actual,20.0,19.0,20.0,20.0,0
SKU198,2025-11-17,actual,19.0,13.0,19.0,19.0,0
SKU198,2025-11-24,actual,13.0,19.0,13.0,13.0,0
SKU198,2025-12-01,actual,13.0,14.0,13.0,13.0,0
SKU198,2025-12-08,actual,13.0,17.0,13.0,13.0,0
SKU198,2025-12-15,actual,17.0,16.0,17.0,17.0,0
SKU198,2025-12-22,actual,25.0,15.0,25.0,25.0,0
SKU198,2025-12-29,actual,14.0,11.0,14.0,14.0,0
SKU198,2026-01-05,actual,10.0,16.0,10.0,10.0,0
SKU198,2026-01-12,actual,17.0,24.0,17.0,17.0,0
SKU198,2026-01-19,actual,17.0,28.0,17.0,17.0,0
SKU198,2026-01-26,actual,24.0,14.0,24.0,24.0,0
SKU198,2026-02-02,actual,20.0,19.0,20.0,20.0,0
SKU198,2026-02-09,actual,13.0,12.0,13.0,13.0,0
SKU198,2026-02-16,actual,20.0,21.0,20.0,20.0,0
SKU198,2026-02-23,actual,17.0,22.0,17.0,17.0,0
SKU198,2026-03-02,actual,28.0,33.0,28.0,28.0,0
SKU198,2026-03-09,actual,18.0,21.0,18.0,18.0,0
SKU198,2026-03-16,actual,20.0,20.0,20.0,20.0,0
SKU198,2026-03-23,actual,24.0,27.0,24.0,24.0,0
SKU198,2026-03-30,actual,27.0,24.0,27.0,27.0,0
SKU198,2026-04-06,actual,23.0,25.0,23.0,23.0,0
SKU198,2026-04-13,actual,24.0,26.0,24.0,24.0,0
SKU198,2026-04-20,actual,27.0,25.0,27.0,27.0,0
SKU198,2026-04-27,actual,37.0,36.0,37.0,37.0,0
SKU198,2026-05-04,actual,36.0,20.0,36.0,36.0,0
SKU198,2026-05-11,actual,28.0,21.0,28.0,28.0,0
SKU198,2026-05-18,actual,25.0,28.0,25.0,25.0,0
SKU198,2026-05-25,actual,17.0,25.0,17.0,17.0,0
SKU198,2026-06-01,actual,18.0,28.0,18.0,18.0,0
SKU198,2026-06-08,actual,38.0,28.0,38.0,38.0,0
SKU198,2026-06-15,actual,26.0,32.0,26.0,26.0,0
SKU199,2024-05-27,actual,9.0,0.0,9.0,9.0,0
SKU199,2024-06-03,actual,13.0,9.0,13.0,13.0,0
SKU199,2024-06-10,actual,7.0,11.0,7.0,7.0,0
SKU199,2024-06-17,actual,10.0,9.666666666666666,10.0,10.0,0
SKU199,2024-06-24,actual,3.0,9.75,3.0,3.0,0
SKU199,2024-07-01,actual,7.0,8.25,7.0,7.0,0
SKU199,2024-07-08,actual,11.0,6.75,11.0,11.0,0
SKU199,2024-07-15,actual,14.0,7.75,14.0,14.0,0
SKU199,2024-07-22,actual,11.0,8.75,11.0,11.0,0
SKU199,2024-07-29,actual,9.0,10.75,9.0,9.0,0
SKU199,2024-08-05,actual,5.0,11.25,5.0,5.0,0
SKU199,2024-08-12,actual,11.0,9.75,11.0,11.0,0
SKU199,2024-08-19,actual,10.0,9.0,10.0,10.0,0
SKU199,2024-08-26,actual,10.0,8.75,10.0,10.0,0
SKU199,2024-09-02,actual,11.0,9.0,11.0,11.0,0
SKU199,2024-09-09,actual,18.0,10.5,18.0,18.0,0
SKU199,2024-09-16,actual,18.0,12.25,18.0,18.0,0
SKU199,2024-09-23,actual,16.0,14.25,16.0,16.0,0
SKU199,2024-09-30,actual,15.0,15.75,15.0,15.0,0
SKU199,2024-10-07,actual,20.0,16.75,20.0,20.0,0
SKU199,2024-10-14,actual,12.0,17.25,12.0,12.0,0
SKU199,2024-10-21,actual,24.0,15.75,24.0,24.0,0
SKU199,2024-10-28,actual,16.0,17.75,16.0,16.0,0
SKU199,2024-11-04,actual,28.0,18.0,28.0,28.0,0
SKU199,2024-11-11,actual,14.0,20.0,14.0,14.0,0
SKU199,2024-11-18,actual,10.0,20.5,10.0,10.0,0
SKU199,2024-11-25,actual,16.0,17.0,16.0,16.0,0
SKU199,2024-12-02,actual,23.0,17.0,23.0,23.0,0
SKU199,2024-12-09,actual,13.0,15.75,13.0,13.0,0
SKU199,2024-12-16,actual,14.0,15.5,14.0,14.0,0
SKU199,2024-12-23,actual,24.0,16.5,24.0,24.0,0
SKU199,2024-12-30,actual,19.0,18.5,19.0,19.0,0
SKU199,2025-01-06,actual,19.0,17.5,19.0,19.0,0
SKU199,2025-01-13,actual,20.0,19.0,20.0,20.0,0
SKU199,2025-01-20,actual,27.0,20.5,27.0,27.0,0
SKU199,2025-01-27,actual,23.0,21.25,23.0,23.0,0
SKU199,2025-02-03,actual,15.0,22.25,15.0,15.0,0
SKU199,2025-02-10,actual,23.0,21.25,23.0,23.0,0
SKU199,2025-02-17,actual,14.0,22.0,14.0,14.0,0
SKU199,2025-02-24,actual,20.0,18.75,20.0,20.0,0
SKU199,2025-03-03,actual,24.0,18.0,24.0,24.0,0
SKU199,2025-03-10,actual,7.0,20.25,7.0,7.0,0
SKU199,2025-03-17,actual,16.0,16.25,16.0,16.0,0
SKU199,2025-03-24,actual,15.0,16.75,15.0,15.0,0
SKU199,2025-03-31,actual,11.0,15.5,11.0,11.0,0
SKU199,2025-04-07,actual,17.0,12.25,17.0,17.0,0
SKU199,2025-04-14,actual,18.0,14.75,18.0,18.0,0
SKU199,2025-04-21,actual,15.0,15.25,15.0,15.0,0
SKU199,2025-04-28,actual,28.0,15.25,28.0,28.0,0
SKU199,2025-05-05,actual,14.0,19.5,14.0,14.0,0
SKU199,2025-05-12,actual,11.0,18.75,11.0,11.0,0
SKU199,2025-05-19,actual,12.0,17.0,12.0,12.0,0
SKU199,2025-05-26,actual,19.0,9.0,19.0,19.0,0
SKU199,2025-06-02,actual,14.0,13.0,14.0,14.0,0
SKU199,2025-06-09,actual,15.0,7.0,15.0,15.0,0
SKU199,2025-06-16,actual,8.0,10.0,8.0,8.0,0
SKU199,2025-06-23,actual,11.0,3.0,11.0,11.0,0
SKU199,2025-06-30,actual,14.0,7.0,14.0,14.0,0
SKU199,2025-07-07,actual,12.0,11.0,12.0,12.0,0
SKU199,2025-07-14,actual,7.0,14.0,7.0,7.0,0
SKU199,2025-07-21,actual,11.0,11.0,11.0,11.0,0
SKU199,2025-07-28,actual,13.0,9.0,13.0,13.0,0
SKU199,2025-08-04,actual,11.0,5.0,11.0,11.0,0
SKU199,2025-08-11,actual,18.0,11.0,18.0,18.0,0
SKU199,2025-08-18,actual,13.0,10.0,13.0,13.0,0
SKU199,2025-08-25,actual,14.0,10.0,14.0,14.0,0
SKU199,2025-09-01,actual,8.0,11.0,8.0,8.0,0
SKU199,2025-09-08,actual,15.0,18.0,15.0,15.0,0
SKU199,2025-09-15,actual,17.0,18.0,17.0,17.0,0
SKU199,2025-09-22,actual,13.0,16.0,13.0,13.0,0
SKU199,2025-09-29,actual,12.0,15.0,12.0,12.0,0
SKU199,2025-10-06,actual,21.0,20.0,21.0,21.0,0
SKU199,2025-10-13,actual,12.0,12.0,12.0,12.0,0
SKU199,2025-10-20,actual,29.0,24.0,29.0,29.0,0
SKU199,2025-10-27,actual,11.0,16.0,11.0,11.0,0
SKU199,2025-11-03,actual,14.0,28.0,14.0,14.0,0
SKU199,2025-11-10,actual,19.0,14.0,19.0,19.0,0
SKU199,2025-11-17,actual,13.0,10.0,13.0,13.0,0
SKU199,2025-11-24,actual,19.0,16.0,19.0,19.0,0
SKU199,2025-12-01,actual,17.0,23.0,17.0,17.0,0
SKU199,2025-12-08,actual,19.0,13.0,19.0,19.0,0
SKU199,2025-12-15,actual,14.0,14.0,14.0,14.0,0
SKU199,2025-12-22,actual,28.0,24.0,28.0,28.0,0
SKU199,2025-12-29,actual,22.0,19.0,22.0,22.0,0
SKU199,2026-01-05,actual,15.0,19.0,15.0,15.0,0
SKU199,2026-01-12,actual,17.0,20.0,17.0,17.0,0
SKU199,2026-01-19,actual,21.0,27.0,21.0,21.0,0
SKU199,2026-01-26,actual,26.0,23.0,26.0,26.0,0
SKU199,2026-02-02,actual,21.0,15.0,21.0,21.0,0
SKU199,2026-02-09,actual,21.0,23.0,21.0,21.0,0
SKU199,2026-02-16,actual,14.0,14.0,14.0,14.0,0
SKU199,2026-02-23,actual,16.0,20.0,16.0,16.0,0
SKU199,2026-03-02,actual,14.0,24.0,14.0,14.0,0
SKU199,2026-03-09,actual,21.0,7.0,21.0,21.0,0
SKU199,2026-03-16,actual,17.0,16.0,17.0,17.0,0
SKU199,2026-03-23,actual,12.0,15.0,12.0,12.0,0
SKU199,2026-03-30,actual,27.0,11.0,27.0,27.0,0
SKU199,2026-04-06,actual,13.0,17.0,13.0,13.0,0
SKU199,2026-04-13,actual,9.0,18.0,9.0,9.0,0
SKU199,2026-04-20,actual,21.0,15.0,21.0,21.0,0
SKU199,2026-04-27,actual,19.0,28.0,19.0,19.0,0
SKU199,2026-05-04,actual,18.0,14.0,18.0,18.0,0
SKU199,2026-05-11,actual,11.0,11.0,11.0,11.0,0
SKU199,2026-05-18,actual,14.0,12.0,14.0,14.0,0
SKU199,2026-05-25,actual,17.0,19.0,17.0,17.0,0
SKU199,2026-06-01,actual,15.0,14.0,15.0,15.0,0
SKU199,2026-06-08,actual,13.0,15.0,13.0,13.0,0
SKU199,2026-06-15,actual,13.0,8.0,13.0,13.0,0
SKU200,2024-05-27,actual,3.0,0.0,3.0,3.0,0
SKU200,2024-06-03,actual,9.0,3.0,9.0,9.0,0
SKU200,2024-06-10,actual,12.0,6.0,12.0,12.0,0
SKU200,2024-06-17,actual,9.0,8.0,9.0,9.0,0
SKU200,2024-06-24,actual,10.0,8.25,10.0,10.0,0
SKU200,2024-07-01,actual,15.0,10.0,15.0,15.0,0
SKU200,2024-07-08,actual,9.0,11.5,9.0,9.0,0
SKU200,2024-07-15,actual,8.0,10.75,8.0,8.0,0
SKU200,2024-07-22,actual,10.0,10.5,10.0,10.0,0
SKU200,2024-07-29,actual,13.0,10.5,13.0,13.0,0
SKU200,2024-08-05,actual,12.0,10.0,12.0,12.0,0
SKU200,2024-08-12,actual,18.0,10.75,18.0,18.0,0
SKU200,2024-08-19,actual,14.0,13.25,14.0,14.0,0
SKU200,2024-08-26,actual,3.0,14.25,3.0,3.0,0
SKU200,2024-09-02,actual,11.0,11.75,11.0,11.0,0
SKU200,2024-09-09,actual,18.0,11.5,18.0,18.0,0
SKU200,2024-09-16,actual,4.0,11.5,4.0,4.0,0
SKU200,2024-09-23,actual,14.0,9.0,14.0,14.0,0
SKU200,2024-09-30,actual,6.0,11.75,6.0,6.0,0
SKU200,2024-10-07,actual,6.0,10.5,6.0,6.0,0
SKU200,2024-10-14,actual,12.0,7.5,12.0,12.0,0
SKU200,2024-10-21,actual,32.0,9.5,32.0,32.0,0
SKU200,2024-10-28,actual,7.0,14.0,7.0,7.0,0
SKU200,2024-11-04,actual,10.0,14.25,10.0,10.0,0
SKU200,2024-11-11,actual,9.0,15.25,9.0,9.0,0
SKU200,2024-11-18,actual,5.0,14.5,5.0,5.0,0
SKU200,2024-11-25,actual,5.0,7.75,5.0,5.0,0
SKU200,2024-12-02,actual,6.0,7.25,6.0,6.0,0
SKU200,2024-12-09,actual,7.0,6.25,7.0,7.0,0
SKU200,2024-12-16,actual,10.0,5.75,10.0,10.0,0
SKU200,2024-12-23,actual,6.0,7.0,6.0,6.0,0
SKU200,2024-12-30,actual,8.0,7.25,8.0,8.0,0
SKU200,2025-01-06,actual,6.0,7.75,6.0,6.0,0
SKU200,2025-01-13,actual,8.0,7.5,8.0,8.0,0
SKU200,2025-01-20,actual,11.0,7.0,11.0,11.0,0
SKU200,2025-01-27,actual,9.0,8.25,9.0,9.0,0
SKU200,2025-02-03,actual,5.0,8.5,5.0,5.0,0
SKU200,2025-02-10,actual,10.0,8.25,10.0,10.0,0
SKU200,2025-02-17,actual,6.0,8.75,6.0,6.0,0
SKU200,2025-02-24,actual,3.0,7.5,3.0,3.0,0
SKU200,2025-03-03,actual,3.0,6.0,3.0,3.0,0
SKU200,2025-03-10,actual,6.0,5.5,6.0,6.0,0
SKU200,2025-03-17,actual,3.0,4.5,3.0,3.0,0
SKU200,2025-03-24,actual,5.0,3.75,5.0,5.0,0
SKU200,2025-03-31,actual,8.0,4.25,8.0,8.0,0
SKU200,2025-04-07,actual,2.0,5.5,2.0,2.0,0
SKU200,2025-04-14,actual,11.0,4.5,11.0,11.0,0
SKU200,2025-04-21,actual,7.0,6.5,7.0,7.0,0
SKU200,2025-04-28,actual,10.0,7.0,10.0,10.0,0
SKU200,2025-05-05,actual,11.0,7.5,11.0,11.0,0
SKU200,2025-05-12,actual,11.0,9.75,11.0,11.0,0
SKU200,2025-05-19,actual,17.0,9.75,17.0,17.0,0
SKU200,2025-05-26,actual,3.0,3.0,3.0,3.0,0
SKU200,2025-06-02,actual,3.0,9.0,3.0,3.0,0
SKU200,2025-06-09,actual,4.0,12.0,4.0,4.0,0
SKU200,2025-06-16,actual,12.0,9.0,12.0,12.0,0
SKU200,2025-06-23,actual,10.0,10.0,10.0,10.0,0
SKU200,2025-06-30,actual,13.0,15.0,13.0,13.0,0
SKU200,2025-07-07,actual,10.0,9.0,10.0,10.0,0
SKU200,2025-07-14,actual,2.0,8.0,2.0,2.0,0
SKU200,2025-07-21,actual,14.0,10.0,14.0,14.0,0
SKU200,2025-07-28,actual,12.0,13.0,12.0,12.0,0
SKU200,2025-08-04,actual,11.0,12.0,11.0,11.0,0
SKU200,2025-08-11,actual,30.0,18.0,30.0,30.0,0
SKU200,2025-08-18,actual,9.0,14.0,9.0,9.0,0
SKU200,2025-08-25,actual,13.0,3.0,13.0,13.0,0
SKU200,2025-09-01,actual,13.0,11.0,13.0,13.0,0
SKU200,2025-09-08,actual,13.0,18.0,13.0,13.0,0
SKU200,2025-09-15,actual,13.0,4.0,13.0,13.0,0
SKU200,2025-09-22,actual,9.0,14.0,9.0,9.0,0
SKU200,2025-09-29,actual,5.0,6.0,5.0,5.0,0
SKU200,2025-10-06,actual,8.0,6.0,8.0,8.0,0
SKU200,2025-10-13,actual,10.0,12.0,10.0,10.0,0
SKU200,2025-10-20,actual,23.0,32.0,23.0,23.0,0
SKU200,2025-10-27,actual,10.0,7.0,10.0,10.0,0
SKU200,2025-11-03,actual,9.0,10.0,9.0,9.0,0
SKU200,2025-11-10,actual,7.0,9.0,7.0,7.0,0
SKU200,2025-11-17,actual,9.0,5.0,9.0,9.0,0
SKU200,2025-11-24,actual,8.0,5.0,8.0,8.0,0
SKU200,2025-12-01,actual,4.0,6.0,4.0,4.0,0
SKU200,2025-12-08,actual,11.0,7.0,11.0,11.0,0
SKU200,2025-12-15,actual,6.0,10.0,6.0,6.0,0
SKU200,2025-12-22,actual,11.0,6.0,11.0,11.0,0
SKU200,2025-12-29,actual,9.0,8.0,9.0,9.0,0
SKU200,2026-01-05,actual,6.0,6.0,6.0,6.0,0
SKU200,2026-01-12,actual,7.0,8.0,7.0,7.0,0
SKU200,2026-01-19,actual,8.0,11.0,8.0,8.0,0
SKU200,2026-01-26,actual,11.0,9.0,11.0,11.0,0
SKU200,2026-02-02,actual,4.0,5.0,4.0,4.0,0
SKU200,2026-02-09,actual,3.0,10.0,3.0,3.0,0
SKU200,2026-02-16,actual,5.0,6.0,5.0,5.0,0
SKU200,2026-02-23,actual,3.0,3.0,3.0,3.0,0
SKU200,2026-03-02,actual,1.0,3.0,1.0,1.0,0
SKU200,2026-03-09,actual,4.0,6.0,4.0,4.0,0
SKU200,2026-03-16,actual,7.0,3.0,7.0,7.0,0
SKU200,2026-03-23,actual,8.0,5.0,8.0,8.0,0
SKU200,2026-03-30,actual,7.0,8.0,7.0,7.0,0
SKU200,2026-04-06,actual,13.0,2.0,13.0,13.0,0
SKU200,2026-04-13,actual,7.0,11.0,7.0,7.0,0
SKU200,2026-04-20,actual,4.0,7.0,4.0,4.0,0
SKU200,2026-04-27,actual,21.0,10.0,21.0,21.0,0
SKU200,2026-05-04,actual,9.0,11.0,9.0,9.0,0
SKU200,2026-05-11,actual,8.0,11.0,8.0,8.0,0
SKU200,2026-05-18,actual,11.0,17.0,11.0,11.0,0
SKU200,2026-05-25,actual,8.0,3.0,8.0,8.0,0
SKU200,2026-06-01,actual,9.0,3.0,9.0,9.0,0
SKU200,2026-06-08,actual,14.0,4.0,14.0,14.0,0
SKU200,2026-06-15,actual,11.0,12.0,11.0,11.0,0
SKU001,2026-06-22,forecast,8.95,6.0,0.0,20.029399729726244,1
SKU002,2026-06-22,forecast,11.06,14.0,0.0,22.139399729726247,1
SKU003,2026-06-22,forecast,5.06,5.0,0.0,16.139399729726247,1
SKU004,2026-06-22,forecast,21.44,26.0,10.360600270273755,32.519399729726246,1
SKU005,2026-06-22,forecast,5.6,3.0,0.0,16.679399729726246,1
SKU006,2026-06-22,forecast,33.27,40.25,22.190600270273755,44.34939972972625,1
SKU007,2026-06-22,forecast,6.23,5.0,0.0,17.309399729726245,1
SKU008,2026-06-22,forecast,7.79,10.0,0.0,18.869399729726247,1
SKU009,2026-06-22,forecast,8.18,11.0,0.0,19.259399729726248,1
SKU010,2026-06-22,forecast,15.01,14.0,3.9306002702737537,26.089399729726246,1
SKU011,2026-06-22,forecast,8.76,12.0,0.0,19.839399729726246,1
SKU012,2026-06-22,forecast,10.3,11.0,0.0,21.379399729726245,1
SKU013,2026-06-22,forecast,9.67,11.0,0.0,20.749399729726246,1
SKU014,2026-06-22,forecast,18.29,17.0,7.210600270273753,29.369399729726247,1
SKU015,2026-06-22,forecast,14.77,17.25,3.6906002702737535,25.849399729726244,1
SKU016,2026-06-22,forecast,34.33,40.0,23.25060027027375,45.409399729726246,1
SKU017,2026-06-22,forecast,8.23,7.0,0.0,19.309399729726245,1
SKU018,2026-06-22,forecast,8.1,5.0,0.0,19.179399729726246,1
SKU019,2026-06-22,forecast,26.87,22.0,15.790600270273755,37.949399729726245,1
SKU020,2026-06-22,forecast,35.73,32.0,24.65060027027375,46.809399729726245,1
SKU021,2026-06-22,forecast,12.08,16.0,1.000600270273754,23.159399729726246,1
SKU022,2026-06-22,forecast,11.51,12.5,0.4306002702737537,22.589399729726246,1
SKU023,2026-06-22,forecast,20.83,25.0,9.750600270273752,31.909399729726246,1
SKU024,2026-06-22,forecast,9.27,4.0,0.0,20.349399729726244,1
SKU025,2026-06-22,forecast,17.26,20.0,6.1806002702737555,28.339399729726246,1
SKU026,2026-06-22,forecast,28.65,32.25,17.57060027027375,39.72939972972625,1
SKU027,2026-06-22,forecast,19.87,25.0,8.790600270273755,30.949399729726245,1
SKU028,2026-06-22,forecast,19.13,19.75,8.050600270273753,30.209399729726243,1
SKU029,2026-06-22,forecast,8.11,10.0,0.0,19.189399729726247,1
SKU030,2026-06-22,forecast,13.73,14.0,2.6506002702737543,24.809399729726245,1
SKU031,2026-06-22,forecast,10.66,15.0,0.0,21.739399729726244,1
SKU032,2026-06-22,forecast,22.02,27.0,10.940600270273753,33.099399729726244,1
SKU033,2026-06-22,forecast,8.04,11.0,0.0,19.119399729726247,1
SKU034,2026-06-22,forecast,7.53,12.0,0.0,18.609399729726245,1
SKU035,2026-06-22,forecast,7.92,8.5,0.0,18.999399729726246,1
SKU036,2026-06-22,forecast,7.0,2.0,0.0,18.079399729726248,1
SKU037,2026-06-22,forecast,15.43,15.0,4.350600270273754,26.509399729726248,1
SKU038,2026-06-22,forecast,9.02,6.0,0.0,20.099399729726244,1
SKU039,2026-06-22,forecast,11.74,11.0,0.6606002702737541,22.819399729726246,1
SKU040,2026-06-22,forecast,22.03,20.0,10.950600270273755,33.10939972972625,1
SKU041,2026-06-22,forecast,6.78,4.0,0.0,17.859399729726245,1
SKU042,2026-06-22,forecast,49.41,55.0,38.33060027027375,60.489399729726244,1
SKU043,2026-06-22,forecast,31.81,36.25,20.730600270273754,42.88939972972624,1
SKU044,2026-06-22,forecast,12.89,14.0,1.8106002702737545,23.96939972972625,1
SKU045,2026-06-22,forecast,11.35,13.0,0.27060027027375355,22.429399729726246,1
SKU046,2026-06-22,forecast,17.67,13.0,6.590600270273756,28.74939972972625,1
SKU047,2026-06-22,forecast,12.35,21.0,1.2706002702737536,23.429399729726246,1
SKU048,2026-06-22,forecast,46.8,54.0,35.72060027027375,57.879399729726245,1
SKU049,2026-06-22,forecast,10.59,6.0,0.0,21.669399729726244,1
SKU050,2026-06-22,forecast,24.89,36.0,13.810600270273754,35.96939972972625,1
SKU051,2026-06-22,forecast,34.4,33.75,23.32060027027375,45.47939972972625,1
SKU052,2026-06-22,forecast,9.53,11.75,0.0,20.609399729726245,1
SKU053,2026-06-22,forecast,23.79,24.0,12.710600270273753,34.86939972972625,1
SKU054,2026-06-22,forecast,10.18,10.0,0.0,21.259399729726248,1
SKU055,2026-06-22,forecast,7.44,3.0,0.0,18.519399729726246,1
SKU056,2026-06-22,forecast,42.58,59.0,31.50060027027375,53.659399729726246,1
SKU057,2026-06-22,forecast,7.77,10.75,0.0,18.849399729726244,1
SKU058,2026-06-22,forecast,6.25,4.0,0.0,17.329399729726248,1
SKU059,2026-06-22,forecast,10.26,14.0,0.0,21.339399729726246,1
SKU060,2026-06-22,forecast,10.29,13.25,0.0,21.369399729726247,1
SKU061,2026-06-22,forecast,16.09,17.5,5.010600270273754,27.169399729726244,1
SKU062,2026-06-22,forecast,14.68,23.0,3.6006002702737536,25.759399729726248,1
SKU063,2026-06-22,forecast,19.82,21.0,8.740600270273754,30.899399729726248,1
SKU064,2026-06-22,forecast,21.12,24.0,10.040600270273755,32.199399729726245,1
SKU065,2026-06-22,forecast,19.13,18.0,8.050600270273753,30.209399729726243,1
SKU066,2026-06-22,forecast,37.12,43.25,26.04060027027375,48.199399729726245,1
SKU067,2026-06-22,forecast,27.02,30.0,15.940600270273753,38.099399729726244,1
SKU068,2026-06-22,forecast,46.8,49.25,35.72060027027375,57.879399729726245,1
SKU069,2026-06-22,forecast,12.05,20.0,0.9706002702737546,23.129399729726245,1
SKU070,2026-06-22,forecast,12.4,13.0,1.3206002702737543,23.479399729726246,1
SKU071,2026-06-22,forecast,22.82,18.0,11.740600270273754,33.89939972972625,1
SKU072,2026-06-22,forecast,18.65,21.0,7.5706002702737525,29.729399729726246,1
SKU073,2026-06-22,forecast,41.2,52.0,30.120600270273755,52.27939972972625,1
SKU074,2026-06-22,forecast,7.16,10.5,0.0,18.239399729726244,1
SKU075,2026-06-22,forecast,19.86,23.0,8.780600270273753,30.939399729726247,1
SKU076,2026-06-22,forecast,9.07,8.0,0.0,20.149399729726248,1
SKU077,2026-06-22,forecast,7.67,5.0,0.0,18.749399729726246,1
SKU078,2026-06-22,forecast,7.03,6.0,0.0,18.109399729726245,1
SKU079,2026-06-22,forecast,23.1,20.0,12.020600270273755,34.17939972972625,1
SKU080,2026-06-22,forecast,12.05,10.0,0.9706002702737546,23.129399729726245,1
SKU081,2026-06-22,forecast,10.07,10.0,0.0,21.149399729726248,1
SKU082,2026-06-22,forecast,12.15,11.0,1.0706002702737543,23.229399729726246,1
SKU083,2026-06-22,forecast,3.83,3.0,0.0,14.909399729726246,1
SKU084,2026-06-22,forecast,18.23,23.0,7.150600270273754,29.309399729726245,1
SKU085,2026-06-22,forecast,32.23,29.0,21.15060027027375,43.309399729726245,1
SKU086,2026-06-22,forecast,22.71,20.0,11.630600270273755,33.78939972972625,1
SKU087,2026-06-22,forecast,30.87,28.75,19.790600270273757,41.949399729726245,1
SKU088,2026-06-22,forecast,43.21,16.0,32.13060027027375,54.28939972972625,1
SKU089,2026-06-22,forecast,85.62,94.0,74.54060027027376,96.69939972972625,1
SKU090,2026-06-22,forecast,13.28,13.0,2.2006002702737533,24.359399729726245,1
SKU091,2026-06-22,forecast,34.94,35.0,23.86060027027375,46.019399729726246,1
SKU092,2026-06-22,forecast,31.98,38.0,20.900600270273756,43.059399729726245,1
SKU093,2026-06-22,forecast,4.4,0.0,0.0,15.479399729726246,1
SKU094,2026-06-22,forecast,30.6,34.75,19.520600270273754,41.67939972972625,1
SKU095,2026-06-22,forecast,54.18,53.0,43.10060027027375,65.25939972972624,1
SKU096,2026-06-22,forecast,16.95,18.75,5.870600270273753,28.029399729726244,1
SKU097,2026-06-22,forecast,44.81,55.0,33.730600270273754,55.88939972972625,1
SKU098,2026-06-22,forecast,11.1,10.0,0.02060027027375355,22.179399729726246,1
SKU099,2026-06-22,forecast,7.47,9.0,0.0,18.549399729726247,1
SKU100,2026-06-22,forecast,8.85,13.0,0.0,19.929399729726246,1
SKU101,2026-06-22,forecast,8.09,9.5,0.0,19.169399729726244,1
SKU102,2026-06-22,forecast,44.71,49.0,33.63060027027375,55.78939972972625,1
SKU103,2026-06-22,forecast,29.28,34.0,18.200600270273753,40.35939972972625,1
SKU104,2026-06-22,forecast,9.23,5.0,0.0,20.309399729726245,1
SKU105,2026-06-22,forecast,19.86,21.75,8.780600270273753,30.939399729726247,1
SKU106,2026-06-22,forecast,7.73,10.0,0.0,18.809399729726245,1
SKU107,2026-06-22,forecast,9.1,4.0,0.0,20.179399729726246,1
SKU108,2026-06-22,forecast,9.53,3.0,0.0,20.609399729726245,1
SKU109,2026-06-22,forecast,6.93,7.0,0.0,18.009399729726248,1
SKU110,2026-06-22,forecast,64.36,59.0,53.28060027027375,75.43939972972625,1
SKU111,2026-06-22,forecast,3.75,2.0,0.0,14.829399729726246,1
SKU112,2026-06-22,forecast,10.84,8.0,0.0,21.919399729726244,1
SKU113,2026-06-22,forecast,6.95,5.0,0.0,18.029399729726247,1
SKU114,2026-06-22,forecast,9.98,11.0,0.0,21.059399729726245,1
SKU115,2026-06-22,forecast,24.36,29.0,13.280600270273753,35.43939972972625,1
SKU116,2026-06-22,forecast,8.21,8.0,0.0,19.28939972972625,1
SKU117,2026-06-22,forecast,7.88,7.0,0.0,18.959399729726247,1
SKU118,2026-06-22,forecast,45.6,41.0,34.52060027027375,56.67939972972625,1
SKU119,2026-06-22,forecast,38.84,45.25,27.760600270273756,49.91939972972625,1
SKU120,2026-06-22,forecast,18.13,18.0,7.050600270273753,29.209399729726243,1
SKU121,2026-06-22,forecast,14.36,16.0,3.2806002702737533,25.439399729726247,1
SKU122,2026-06-22,forecast,18.5,22.0,7.420600270273754,29.579399729726248,1
SKU123,2026-06-22,forecast,6.99,6.0,0.0,18.069399729726246,1
SKU124,2026-06-22,forecast,14.43,18.5,3.3506002702737536,25.509399729726248,1
SKU125,2026-06-22,forecast,8.76,10.75,0.0,19.839399729726246,1
SKU126,2026-06-22,forecast,8.76,12.0,0.0,19.839399729726246,1
SKU127,2026-06-22,forecast,38.33,38.0,27.25060027027375,49.409399729726246,1
SKU128,2026-06-22,forecast,28.17,41.0,17.090600270273754,39.24939972972625,1
SKU129,2026-06-22,forecast,15.56,13.75,4.480600270273754,26.639399729726247,1
SKU130,2026-06-22,forecast,19.6,18.0,8.520600270273755,30.67939972972625,1
SKU131,2026-06-22,forecast,11.59,13.0,0.5106002702737538,22.669399729726244,1
SKU132,2026-06-22,forecast,30.89,27.0,19.810600270273753,41.96939972972625,1
SKU133,2026-06-22,forecast,18.51,18.0,7.4306002702737555,29.589399729726246,1
SKU134,2026-06-22,forecast,20.69,16.0,9.610600270273755,31.769399729726246,1
SKU135,2026-06-22,forecast,9.35,10.0,0.0,20.429399729726246,1
SKU136,2026-06-22,forecast,8.31,10.0,0.0,19.389399729726247,1
SKU137,2026-06-22,forecast,47.08,54.0,36.00060027027375,58.159399729726246,1
SKU138,2026-06-22,forecast,8.67,10.0,0.0,19.749399729726246,1
SKU139,2026-06-22,forecast,13.35,16.5,2.2706002702737536,24.429399729726246,1
SKU140,2026-06-22,forecast,7.26,10.75,0.0,18.339399729726246,1
SKU141,2026-06-22,forecast,15.13,12.0,4.050600270273755,26.209399729726247,1
SKU142,2026-06-22,forecast,10.91,13.25,0.0,21.989399729726244,1
SKU143,2026-06-22,forecast,19.29,21.25,8.210600270273753,30.369399729726247,1
SKU144,2026-06-22,forecast,31.42,41.5,20.340600270273754,42.49939972972625,1
SKU145,2026-06-22,forecast,10.65,9.0,0.0,21.729399729726246,1
SKU146,2026-06-22,forecast,30.68,28.0,19.600600270273752,41.75939972972625,1
SKU147,2026-06-22,forecast,7.23,11.0,0.0,18.309399729726245,1
SKU148,2026-06-22,forecast,8.95,11.0,0.0,20.029399729726244,1
SKU149,2026-06-22,forecast,20.62,26.0,9.540600270273755,31.699399729726245,1
SKU150,2026-06-22,forecast,8.89,11.75,0.0,19.96939972972625,1
SKU151,2026-06-22,forecast,15.45,24.0,4.370600270273753,26.529399729726244,1
SKU152,2026-06-22,forecast,19.22,15.0,8.140600270273753,30.299399729726247,1
SKU153,2026-06-22,forecast,14.82,15.0,3.740600270273754,25.899399729726248,1
SKU154,2026-06-22,forecast,16.99,15.0,5.910600270273752,28.069399729726243,1
SKU155,2026-06-22,forecast,24.74,19.0,13.660600270273752,35.81939972972624,1
SKU156,2026-06-22,forecast,18.89,23.75,7.8106002702737545,29.96939972972625,1
SKU157,2026-06-22,forecast,17.22,16.0,6.140600270273753,28.299399729726247,1
SKU158,2026-06-22,forecast,31.28,33.0,20.200600270273753,42.35939972972625,1
SKU159,2026-06-22,forecast,8.83,9.25,0.0,19.909399729726246,1
SKU160,2026-06-22,forecast,33.7,39.75,22.620600270273755,44.77939972972625,1
SKU161,2026-06-22,forecast,8.58,10.75,0.0,19.659399729726246,1
SKU162,2026-06-22,forecast,17.0,15.5,5.920600270273754,28.079399729726248,1
SKU163,2026-06-22,forecast,35.19,32.0,24.11060027027375,46.269399729726246,1
SKU164,2026-06-22,forecast,11.76,12.75,0.6806002702737537,22.839399729726246,1
SKU165,2026-06-22,forecast,24.0,32.0,12.920600270273754,35.07939972972625,1
SKU166,2026-06-22,forecast,31.65,36.75,20.57060027027375,42.72939972972625,1
SKU167,2026-06-22,forecast,5.23,8.0,0.0,16.309399729726245,1
SKU168,2026-06-22,forecast,27.77,25.0,16.690600270273755,38.849399729726244,1
SKU169,2026-06-22,forecast,7.9,9.5,0.0,18.979399729726246,1
SKU170,2026-06-22,forecast,9.34,10.0,0.0,20.419399729726244,1
SKU171,2026-06-22,forecast,38.97,43.5,27.89060027027375,50.04939972972625,1
SKU172,2026-06-22,forecast,7.23,7.0,0.0,18.309399729726245,1
SKU173,2026-06-22,forecast,6.8,8.0,0.0,17.879399729726245,1
SKU174,2026-06-22,forecast,29.09,35.0,18.010600270273756,40.169399729726244,1
SKU175,2026-06-22,forecast,35.6,34.5,24.520600270273754,46.67939972972625,1
SKU176,2026-06-22,forecast,33.19,35.0,22.11060027027375,44.269399729726246,1
SKU177,2026-06-22,forecast,9.41,6.0,0.0,20.489399729726244,1
SKU178,2026-06-22,forecast,6.85,7.0,0.0,17.929399729726246,1
SKU179,2026-06-22,forecast,11.93,12.25,0.8506002702737536,23.009399729726248,1
SKU180,2026-06-22,forecast,12.94,11.0,1.8606002702737534,24.019399729726246,1
SKU181,2026-06-22,forecast,7.21,10.25,0.0,18.289399729726245,1
SKU182,2026-06-22,forecast,9.07,7.0,0.0,20.149399729726248,1
SKU183,2026-06-22,forecast,35.43,32.0,24.350600270273752,46.50939972972625,1
SKU184,2026-06-22,forecast,9.87,8.0,0.0,20.949399729726245,1
SKU185,2026-06-22,forecast,18.5,22.0,7.420600270273754,29.579399729726248,1
SKU186,2026-06-22,forecast,59.14,68.0,48.06060027027375,70.21939972972625,1
SKU187,2026-06-22,forecast,27.36,23.0,16.28060027027375,38.43939972972625,1
SKU188,2026-06-22,forecast,10.68,8.0,0.0,21.759399729726248,1
SKU189,2026-06-22,forecast,5.92,8.0,0.0,16.999399729726246,1
SKU190,2026-06-22,forecast,44.74,61.75,33.660600270273754,55.81939972972625,1
SKU191,2026-06-22,forecast,13.27,11.0,2.1906002702737535,24.349399729726244,1
SKU192,2026-06-22,forecast,9.34,11.0,0.0,20.419399729726244,1
SKU193,2026-06-22,forecast,8.28,8.0,0.0,19.359399729726245,1
SKU194,2026-06-22,forecast,9.4,11.0,0.0,20.479399729726246,1
SKU195,2026-06-22,forecast,8.24,5.0,0.0,19.319399729726246,1
SKU196,2026-06-22,forecast,23.09,37.0,12.010600270273754,34.169399729726244,1
SKU197,2026-06-22,forecast,45.07,49.0,33.99060027027375,56.14939972972625,1
SKU198,2026-06-22,forecast,24.58,22.0,13.500600270273752,35.659399729726246,1
SKU199,2026-06-22,forecast,12.12,11.0,1.0406002702737531,23.199399729726245,1
SKU200,2026-06-22,forecast,10.43,10.0,0.0,21.509399729726248,1
SKU001,2026-06-29,forecast,8.3,10.0,0.0,18.545423463260718,2
SKU002,2026-06-29,forecast,11.78,16.0,1.5345765367392818,22.025423463260715,2
SKU003,2026-06-29,forecast,4.12,4.0,0.0,14.365423463260719,2
SKU004,2026-06-29,forecast,29.74,28.36,19.49457653673928,39.985423463260716,2
SKU005,2026-06-29,forecast,7.46,8.0,0.0,17.70542346326072,2
SKU006,2026-06-29,forecast,33.07,38.3175,22.824576536739283,43.315423463260714,2
SKU007,2026-06-29,forecast,7.73,7.0,0.0,17.975423463260718,2
SKU008,2026-06-29,forecast,7.13,1.0,0.0,17.375423463260717,2
SKU009,2026-06-29,forecast,8.03,10.045,0.0,18.275423463260715,2
SKU010,2026-06-29,forecast,14.41,14.0,4.164576536739283,24.655423463260718,2
SKU011,2026-06-29,forecast,8.97,5.0,0.0,19.21542346326072,2
SKU012,2026-06-29,forecast,11.6,20.0,1.3545765367392821,21.845423463260715,2
SKU013,2026-06-29,forecast,9.13,7.0,0.0,19.375423463260717,2
SKU014,2026-06-29,forecast,14.52,14.0,4.274576536739282,24.765423463260717,2
SKU015,2026-06-29,forecast,13.88,15.692499999999999,3.6345765367392833,24.125423463260717,2
SKU016,2026-06-29,forecast,31.69,31.0,21.444576536739284,41.93542346326072,2
SKU017,2026-06-29,forecast,9.29,7.0,0.0,19.535423463260717,2
SKU018,2026-06-29,forecast,10.43,8.0,0.1845765367392822,20.675423463260717,2
SKU019,2026-06-29,forecast,25.3,19.0,15.054576536739283,35.54542346326072,2
SKU020,2026-06-29,forecast,37.43,41.0,27.184576536739282,47.675423463260714,2
SKU021,2026-06-29,forecast,10.99,8.0,0.7445765367392827,21.235423463260716,2
SKU022,2026-06-29,forecast,10.33,12.3775,0.08457653673928256,20.57542346326072,2
SKU023,2026-06-29,forecast,18.86,20.0,8.614576536739282,29.105423463260717,2
SKU024,2026-06-29,forecast,8.29,5.0,0.0,18.535423463260717,2
SKU025,2026-06-29,forecast,14.73,16.0,4.484576536739283,24.975423463260718,2
SKU026,2026-06-29,forecast,32.27,33.6625,22.024576536739286,42.51542346326072,2
SKU027,2026-06-29,forecast,20.93,21.7175,10.684576536739282,31.175423463260717,2
SKU028,2026-06-29,forecast,16.91,18.7825,6.664576536739283,27.155423463260718,2
SKU029,2026-06-29,forecast,8.51,6.0,0.0,18.75542346326072,2
SKU030,2026-06-29,forecast,14.58,21.0,4.334576536739283,24.82542346326072,2
SKU031,2026-06-29,forecast,11.34,9.0,1.0945765367392823,21.585423463260717,2
SKU032,2026-06-29,forecast,21.53,26.0,11.284576536739284,31.77542346326072,2
SKU033,2026-06-29,forecast,7.42,11.26,0.0,17.665423463260716,2
SKU034,2026-06-29,forecast,9.15,10.0,0.0,19.39542346326072,2
SKU035,2026-06-29,forecast,10.33,8.48,0.08457653673928256,20.57542346326072,2
SKU036,2026-06-29,forecast,7.69,8.0,0.0,17.93542346326072,2
SKU037,2026-06-29,forecast,17.82,21.0,7.574576536739283,28.065423463260718,2
SKU038,2026-06-29,forecast,11.34,14.0,1.0945765367392823,21.585423463260717,2
SKU039,2026-06-29,forecast,9.73,6.0,0.0,19.975423463260718,2
SKU040,2026-06-29,forecast,23.99,22.0,13.744576536739281,34.235423463260716,2
SKU041,2026-06-29,forecast,10.51,8.0,0.2645765367392823,20.75542346326072,2
SKU042,2026-06-29,forecast,53.69,56.0,43.44457653673928,63.93542346326072,2
SKU043,2026-06-29,forecast,36.61,33.9525,26.364576536739282,46.85542346326072,2
SKU044,2026-06-29,forecast,15.87,13.7225,5.624576536739282,26.11542346326072,2
SKU045,2026-06-29,forecast,9.58,13.0,0.0,19.82542346326072,2
SKU046,2026-06-29,forecast,18.55,22.0,8.304576536739283,28.795423463260718,2
SKU047,2026-06-29,forecast,7.62,12.0,0.0,17.86542346326072,2
SKU048,2026-06-29,forecast,44.88,34.0,34.63457653673929,55.12542346326072,2
SKU049,2026-06-29,forecast,9.57,6.0,0.0,19.815423463260718,2
SKU050,2026-06-29,forecast,25.27,31.0,15.024576536739282,35.51542346326072,2
SKU051,2026-06-29,forecast,34.74,32.1,24.494576536739284,44.985423463260716,2
SKU052,2026-06-29,forecast,9.92,11.3825,0.0,20.165423463260716,2
SKU053,2026-06-29,forecast,20.81,24.197499999999998,10.564576536739281,31.055423463260716,2
SKU054,2026-06-29,forecast,10.56,11.0,0.314576536739283,20.805423463260716,2
SKU055,2026-06-29,forecast,7.72,7.0,0.0,17.965423463260716,2
SKU056,2026-06-29,forecast,41.26,31.0,31.01457653673928,51.50542346326071,2
SKU057,2026-06-29,forecast,7.2,10.192499999999999,0.0,17.445423463260717,2
SKU058,2026-06-29,forecast,6.09,3.0,0.0,16.335423463260717,2
SKU059,2026-06-29,forecast,9.9,10.0,0.0,20.14542346326072,2
SKU060,2026-06-29,forecast,9.25,11.5725,0.0,19.495423463260718,2
SKU061,2026-06-29,forecast,13.29,16.7725,3.0445765367392816,23.535423463260717,2
SKU062,2026-06-29,forecast,15.3,17.0,5.054576536739283,25.545423463260718,2
SKU063,2026-06-29,forecast,20.72,23.0,10.474576536739281,30.965423463260716,2
SKU064,2026-06-29,forecast,20.37,23.0,10.124576536739283,30.61542346326072,2
SKU065,2026-06-29,forecast,18.66,17.0,8.414576536739283,28.905423463260718,2
SKU066,2026-06-29,forecast,37.37,42.78,27.12457653673928,47.61542346326071,2
SKU067,2026-06-29,forecast,26.97,29.0,16.72457653673928,37.21542346326072,2
SKU068,2026-06-29,forecast,45.22,48.2,34.97457653673928,55.46542346326072,2
SKU069,2026-06-29,forecast,11.95,18.0,1.7045765367392818,22.195423463260717,2
SKU070,2026-06-29,forecast,10.7,13.0,0.4545765367392818,20.945423463260717,2
SKU071,2026-06-29,forecast,25.09,28.0,14.844576536739282,35.33542346326072,2
SKU072,2026-06-29,forecast,19.63,21.4125,9.384576536739281,29.875423463260717,2
SKU073,2026-06-29,forecast,41.95,44.0,31.704576536739285,52.195423463260724,2
SKU074,2026-06-29,forecast,8.26,9.79,0.0,18.50542346326072,2
SKU075,2026-06-29,forecast,18.54,18.0,8.294576536739282,28.785423463260717,2
SKU076,2026-06-29,forecast,10.79,8.0,0.5445765367392816,21.035423463260717,2
SKU077,2026-06-29,forecast,8.49,5.0,0.0,18.735423463260716,2
SKU078,2026-06-29,forecast,7.71,9.0,0.0,17.95542346326072,2
SKU079,2026-06-29,forecast,31.03,40.0,20.784576536739284,41.27542346326072,2
SKU080,2026-06-29,forecast,12.5,20.0,2.2545765367392825,22.745423463260718,2
SKU081,2026-06-29,forecast,9.54,8.0,0.0,19.785423463260717,2
SKU082,2026-06-29,forecast,10.27,10.0,0.024576536739282062,20.515423463260717,2
SKU083,2026-06-29,forecast,4.32,3.0,0.0,14.565423463260718,2
SKU084,2026-06-29,forecast,19.06,28.0,8.814576536739281,29.305423463260716,2
SKU085,2026-06-29,forecast,32.18,28.0,21.934576536739282,42.425423463260714,2
SKU086,2026-06-29,forecast,20.7,20.0,10.454576536739282,30.945423463260717,2
SKU087,2026-06-29,forecast,32.09,29.4675,21.844576536739286,42.335423463260724,2
SKU088,2026-06-29,forecast,44.04,40.0,33.794576536739285,54.28542346326071,2
SKU089,2026-06-29,forecast,80.92,99.0,70.67457653673928,91.16542346326072,2
SKU090,2026-06-29,forecast,12.61,9.0,2.364576536739282,22.855423463260717,2
SKU091,2026-06-29,forecast,26.89,19.0,16.644576536739283,37.13542346326072,2
SKU092,2026-06-29,forecast,27.81,24.0,17.56457653673928,38.055423463260716,2
SKU093,2026-06-29,forecast,5.47,2.0,0.0,15.715423463260716,2
SKU094,2026-06-29,forecast,34.18,31.15,23.934576536739282,44.425423463260714,2
SKU095,2026-06-29,forecast,54.79,47.0,44.544576536739285,65.03542346326071,2
SKU096,2026-06-29,forecast,15.91,17.7375,5.664576536739283,26.155423463260718,2
SKU097,2026-06-29,forecast,43.32,54.9525,33.074576536739286,53.565423463260714,2
SKU098,2026-06-29,forecast,10.81,9.0,0.564576536739283,21.055423463260716,2
SKU099,2026-06-29,forecast,7.63,7.0,0.0,17.875423463260717,2
SKU100,2026-06-29,forecast,9.05,7.0,0.0,19.295423463260718,2
SKU101,2026-06-29,forecast,8.87,9.2725,0.0,19.11542346326072,2
SKU102,2026-06-29,forecast,40.67,32.0,30.424576536739284,50.91542346326072,2
SKU103,2026-06-29,forecast,30.61,29.0,20.364576536739282,40.85542346326072,2
SKU104,2026-06-29,forecast,9.22,10.0,0.0,19.46542346326072,2
SKU105,2026-06-29,forecast,18.84,21.465,8.594576536739282,29.085423463260717,2
SKU106,2026-06-29,forecast,9.11,11.0,0.0,19.355423463260717,2
SKU107,2026-06-29,forecast,9.13,4.0,0.0,19.375423463260717,2
SKU108,2026-06-29,forecast,9.29,11.0,0.0,19.535423463260717,2
SKU109,2026-06-29,forecast,8.76,6.9825,0.0,19.00542346326072,2
SKU110,2026-06-29,forecast,63.1,55.0,52.85457653673929,73.34542346326072,2
SKU111,2026-06-29,forecast,4.75,4.0,0.0,14.995423463260718,2
SKU112,2026-06-29,forecast,14.68,15.0,4.434576536739282,24.925423463260717,2
SKU113,2026-06-29,forecast,5.56,5.0,0.0,15.805423463260716,2
SKU114,2026-06-29,forecast,9.52,7.0,0.0,19.765423463260717,2
SKU115,2026-06-29,forecast,23.99,27.0,13.744576536739281,34.235423463260716,2
SKU116,2026-06-29,forecast,8.75,8.0525,0.0,18.995423463260718,2
SKU117,2026-06-29,forecast,7.59,4.0,0.0,17.835423463260717,2
SKU118,2026-06-29,forecast,47.82,38.0,37.574576536739286,58.065423463260714,2
SKU119,2026-06-29,forecast,36.45,44.46,26.204576536739285,46.695423463260724,2
SKU120,2026-06-29,forecast,20.39,21.0,10.144576536739283,30.635423463260718,2
SKU121,2026-06-29,forecast,12.39,14.0,2.144576536739283,22.635423463260718,2
SKU122,2026-06-29,forecast,19.09,20.0,8.844576536739282,29.335423463260717,2
SKU123,2026-06-29,forecast,7.52,6.2475000000000005,0.0,17.765423463260717,2
SKU124,2026-06-29,forecast,16.26,18.1075,6.014576536739284,26.50542346326072,2
SKU125,2026-06-29,forecast,9.05,11.69,0.0,19.295423463260718,2
SKU126,2026-06-29,forecast,10.23,10.0,0.0,20.475423463260718,2
SKU127,2026-06-29,forecast,35.15,29.0,24.90457653673928,45.39542346326071,2
SKU128,2026-06-29,forecast,24.49,27.0,14.244576536739281,34.735423463260716,2
SKU129,2026-06-29,forecast,14.54,13.64,4.294576536739282,24.785423463260717,2
SKU130,2026-06-29,forecast,21.23,21.0,10.984576536739283,31.475423463260718,2
SKU131,2026-06-29,forecast,10.76,12.8975,0.5145765367392823,21.00542346326072,2
SKU132,2026-06-29,forecast,33.83,44.0,23.58457653673928,44.07542346326072,2
SKU133,2026-06-29,forecast,21.98,22.0,11.734576536739283,32.22542346326072,2
SKU134,2026-06-29,forecast,19.85,19.0,9.604576536739284,30.09542346326072,2
SKU135,2026-06-29,forecast,9.49,10.0,0.0,19.735423463260716,2
SKU136,2026-06-29,forecast,8.37,11.0,0.0,18.61542346326072,2
SKU137,2026-06-29,forecast,46.48,43.0,36.23457653673928,56.72542346326071,2
SKU138,2026-06-29,forecast,8.98,4.0,0.0,19.225423463260718,2
SKU139,2026-06-29,forecast,15.16,16.0875,4.914576536739283,25.405423463260718,2
SKU140,2026-06-29,forecast,7.98,10.065,0.0,18.225423463260718,2
SKU141,2026-06-29,forecast,19.21,23.0,8.964576536739283,29.45542346326072,2
SKU142,2026-06-29,forecast,10.6,12.9775,0.35457653673928213,20.845423463260715,2
SKU143,2026-06-29,forecast,20.28,21.822499999999998,10.034576536739284,30.52542346326072,2
SKU144,2026-06-29,forecast,29.42,40.355000000000004,19.174576536739284,39.66542346326072,2
SKU145,2026-06-29,forecast,9.89,8.0,0.0,20.135423463260718,2
SKU146,2026-06-29,forecast,30.36,33.0,20.114576536739282,40.60542346326072,2
SKU147,2026-06-29,forecast,7.9,10.557500000000001,0.0,18.14542346326072,2
SKU148,2026-06-29,forecast,10.95,17.0,0.7045765367392818,21.195423463260717,2
SKU149,2026-06-29,forecast,20.68,26.155,10.434576536739282,30.925423463260717,2
SKU150,2026-06-29,forecast,10.18,12.2225,0.0,20.425423463260717,2
SKU151,2026-06-29,forecast,14.57,16.0,4.324576536739283,24.815423463260718,2
SKU152,2026-06-29,forecast,16.46,13.0,6.214576536739283,26.70542346326072,2
SKU153,2026-06-29,forecast,11.95,12.0,1.7045765367392818,22.195423463260717,2
SKU154,2026-06-29,forecast,19.37,20.0,9.124576536739283,29.61542346326072,2
SKU155,2026-06-29,forecast,26.38,24.0,16.13457653673928,36.62542346326072,2
SKU156,2026-06-29,forecast,17.79,20.9725,7.544576536739282,28.035423463260717,2
SKU157,2026-06-29,forecast,14.96,14.0,4.714576536739283,25.20542346326072,2
SKU158,2026-06-29,forecast,33.16,37.0,22.91457653673928,43.40542346326072,2
SKU159,2026-06-29,forecast,8.17,9.7075,0.0,18.415423463260716,2
SKU160,2026-06-29,forecast,31.5,36.925,21.254576536739282,41.74542346326072,2
SKU161,2026-06-29,forecast,8.26,9.645,0.0,18.50542346326072,2
SKU162,2026-06-29,forecast,14.66,16.25,4.414576536739283,24.905423463260718,2
SKU163,2026-06-29,forecast,32.7,34.0,22.454576536739285,42.945423463260724,2
SKU164,2026-06-29,forecast,10.3,12.44,0.0545765367392832,20.545423463260718,2
SKU165,2026-06-29,forecast,20.52,21.0,10.274576536739282,30.765423463260717,2
SKU166,2026-06-29,forecast,28.12,34.6625,17.874576536739283,38.36542346326072,2
SKU167,2026-06-29,forecast,4.31,6.0,0.0,14.555423463260716,2
SKU168,2026-06-29,forecast,24.43,21.0,14.184576536739282,34.675423463260714,2
SKU169,2026-06-29,forecast,8.13,9.475,0.0,18.375423463260717,2
SKU170,2026-06-29,forecast,9.78,8.0,0.0,20.025423463260715,2
SKU171,2026-06-29,forecast,37.42,41.7425,27.174576536739284,47.66542346326072,2
SKU172,2026-06-29,forecast,9.23,8.0,0.0,19.475423463260718,2
SKU173,2026-06-29,forecast,5.63,4.0,0.0,15.875423463260717,2
SKU174,2026-06-29,forecast,28.1,34.5225,17.854576536739284,38.345423463260715,2
SKU175,2026-06-29,forecast,38.75,33.9,28.504576536739282,48.99542346326072,2
SKU176,2026-06-29,forecast,32.58,34.0,22.33457653673928,42.82542346326072,2
SKU177,2026-06-29,forecast,8.98,7.0,0.0,19.225423463260718,2
SKU178,2026-06-29,forecast,8.59,10.0,0.0,18.835423463260717,2
SKU179,2026-06-29,forecast,11.55,12.4825,1.3045765367392832,21.795423463260718,2
SKU180,2026-06-29,forecast,14.57,14.0,4.324576536739283,24.815423463260718,2
SKU181,2026-06-29,forecast,8.36,10.3025,0.0,18.605423463260717,2
SKU182,2026-06-29,forecast,9.17,3.0,0.0,19.415423463260716,2
SKU183,2026-06-29,forecast,38.19,33.1075,27.94457653673928,48.43542346326072,2
SKU184,2026-06-29,forecast,8.6,8.0,0.0,18.845423463260715,2
SKU185,2026-06-29,forecast,16.53,19.375,6.284576536739284,26.77542346326072,2
SKU186,2026-06-29,forecast,56.71,63.0,46.46457653673929,66.95542346326071,2
SKU187,2026-06-29,forecast,29.71,26.0,19.464576536739283,39.955423463260715,2
SKU188,2026-06-29,forecast,11.0,7.0,0.7545765367392825,21.245423463260718,2
SKU189,2026-06-29,forecast,5.83,3.0,0.0,16.07542346326072,2
SKU190,2026-06-29,forecast,42.45,58.685,32.20457653673928,52.695423463260724,2
SKU191,2026-06-29,forecast,13.22,19.0,2.974576536739283,23.46542346326072,2
SKU192,2026-06-29,forecast,7.47,7.0,0.0,17.715423463260716,2
SKU193,2026-06-29,forecast,8.81,5.0,0.0,19.055423463260716,2
SKU194,2026-06-29,forecast,9.83,14.0,0.0,20.07542346326072,2
SKU195,2026-06-29,forecast,9.94,13.0,0.0,20.18542346326072,2
SKU196,2026-06-29,forecast,22.69,25.0,12.444576536739284,32.93542346326072,2
SKU197,2026-06-29,forecast,48.67,53.0,38.42457653673928,58.91542346326072,2
SKU198,2026-06-29,forecast,23.38,29.0,13.134576536739281,33.62542346326072,2
SKU199,2026-06-29,forecast,14.46,14.0,4.214576536739283,24.70542346326072,2
SKU200,2026-06-29,forecast,11.18,13.0,0.9345765367392822,21.425423463260717,2
SKU001,2026-07-06,forecast,10.06,6.0,0.0,22.360688951332108,3
SKU002,2026-07-06,forecast,10.68,8.0,0.0,22.980688951332105,3
SKU003,2026-07-06,forecast,3.85,3.0,0.0,16.150688951332107,3
SKU004,2026-07-06,forecast,30.6,4.0,18.299311048667896,42.90068895133211,3
SKU005,2026-07-06,forecast,7.47,2.0,0.0,19.770688951332104,3
SKU006,2026-07-06,forecast,30.92,37.085,18.619311048667896,43.22068895133211,3
SKU007,2026-07-06,forecast,7.56,4.0,0.0,19.860688951332104,3
SKU008,2026-07-06,forecast,9.42,3.0,0.0,21.720688951332107,3
SKU009,2026-07-06,forecast,8.41,10.0525,0.0,20.710688951332106,3
SKU010,2026-07-06,forecast,16.52,16.0,4.219311048667894,28.820688951332105,3
SKU011,2026-07-06,forecast,7.98,3.0,0.0,20.280688951332106,3
SKU012,2026-07-06,forecast,10.36,12.0,0.0,22.660688951332105,3
SKU013,2026-07-06,forecast,13.6,13.0,1.299311048667894,25.900688951332107,3
SKU014,2026-07-06,forecast,18.65,20.0,6.349311048667893,30.950688951332104,3
SKU015,2026-07-06,forecast,14.01,13.6625,1.7093110486678942,26.310688951332104,3
SKU016,2026-07-06,forecast,34.05,29.0,21.74931104866789,46.3506889513321,3
SKU017,2026-07-06,forecast,10.26,7.0,0.0,22.560688951332104,3
SKU018,2026-07-06,forecast,9.74,9.0,0.0,22.040688951332108,3
SKU019,2026-07-06,forecast,28.17,26.0,15.869311048667896,40.47068895133211,3
SKU020,2026-07-06,forecast,35.5,29.0,23.199311048667894,47.800688951332106,3
SKU021,2026-07-06,forecast,10.95,3.0,0.0,23.250688951332105,3
SKU022,2026-07-06,forecast,9.14,10.21,0.0,21.440688951332106,3
SKU023,2026-07-06,forecast,18.0,22.0,5.699311048667894,30.300688951332106,3
SKU024,2026-07-06,forecast,6.21,9.0,0.0,18.510688951332106,3
SKU025,2026-07-06,forecast,17.09,21.0,4.789311048667894,29.390688951332105,3
SKU026,2026-07-06,forecast,32.85,34.230000000000004,20.549311048667896,45.15068895133211,3
SKU027,2026-07-06,forecast,20.24,20.7,7.939311048667893,32.5406889513321,3
SKU028,2026-07-06,forecast,15.71,18.259999999999998,3.4093110486678952,28.010688951332106,3
SKU029,2026-07-06,forecast,9.03,4.0,0.0,21.330688951332107,3
SKU030,2026-07-06,forecast,14.19,18.0,1.889311048667894,26.490688951332103,3
SKU031,2026-07-06,forecast,9.74,7.0,0.0,22.040688951332108,3
SKU032,2026-07-06,forecast,22.27,29.0,9.969311048667894,34.5706889513321,3
SKU033,2026-07-06,forecast,8.02,10.615,0.0,20.320688951332105,3
SKU034,2026-07-06,forecast,12.95,20.0,0.6493110486678937,25.250688951332105,3
SKU035,2026-07-06,forecast,8.99,1.0,0.0,21.290688951332108,3
SKU036,2026-07-06,forecast,9.31,3.0,0.0,21.610688951332108,3
SKU037,2026-07-06,forecast,16.38,14.0,4.079311048667893,28.680688951332105,3
SKU038,2026-07-06,forecast,9.55,8.0,0.0,21.850688951332106,3
SKU039,2026-07-06,forecast,9.85,11.0,0.0,22.150688951332107,3
SKU040,2026-07-06,forecast,22.33,18.0,10.029311048667893,34.630688951332104,3
SKU041,2026-07-06,forecast,9.5,4.0,0.0,21.800688951332106,3
SKU042,2026-07-06,forecast,56.98,54.0,44.67931104866789,69.28068895133211,3
SKU043,2026-07-06,forecast,35.6,34.105000000000004,23.299311048667896,47.90068895133211,3
SKU044,2026-07-06,forecast,12.6,13.94,0.29931104866789404,24.900688951332107,3
SKU045,2026-07-06,forecast,10.99,16.0,0.0,23.290688951332108,3
SKU046,2026-07-06,forecast,18.59,22.0,6.289311048667894,30.890688951332105,3
SKU047,2026-07-06,forecast,12.22,17.0,0.0,24.520688951332104,3
SKU048,2026-07-06,forecast,47.65,42.0,35.34931104866789,59.950688951332104,3
SKU049,2026-07-06,forecast,9.17,12.0,0.0,21.470688951332107,3
SKU050,2026-07-06,forecast,27.31,36.0,15.009311048667893,39.61068895133211,3
SKU051,2026-07-06,forecast,37.94,33.285,25.639311048667892,50.2406889513321,3
SKU052,2026-07-06,forecast,9.33,10.8625,0.0,21.630688951332104,3
SKU053,2026-07-06,forecast,21.65,24.15,9.349311048667893,33.950688951332104,3
SKU054,2026-07-06,forecast,13.23,16.0,0.9293110486678948,25.530688951332106,3
SKU055,2026-07-06,forecast,8.61,5.0,0.0,20.910688951332105,3
SKU056,2026-07-06,forecast,51.04,66.0,38.73931104866789,63.340688951332105,3
SKU057,2026-07-06,forecast,8.63,9.2425,0.0,20.930688951332108,3
SKU058,2026-07-06,forecast,7.03,4.0,0.0,19.330688951332107,3
SKU059,2026-07-06,forecast,10.68,8.0,0.0,22.980688951332105,3
SKU060,2026-07-06,forecast,8.93,11.385,0.0,21.230688951332105,3
SKU061,2026-07-06,forecast,15.58,16.595,3.2793110486678945,27.880688951332104,3
SKU062,2026-07-06,forecast,14.66,21.0,2.3593110486678945,26.960688951332106,3
SKU063,2026-07-06,forecast,18.33,16.0,6.029311048667893,30.630688951332104,3
SKU064,2026-07-06,forecast,22.19,25.0,9.889311048667896,34.4906889513321,3
SKU065,2026-07-06,forecast,19.61,22.0,7.309311048667894,31.910688951332105,3
SKU066,2026-07-06,forecast,34.31,41.1225,22.009311048667897,46.61068895133211,3
SKU067,2026-07-06,forecast,26.27,38.0,13.969311048667894,38.5706889513321,3
SKU068,2026-07-06,forecast,44.47,48.004999999999995,32.16931104866789,56.770688951332104,3
SKU069,2026-07-06,forecast,12.33,15.0,0.029311048667894468,24.630688951332104,3
SKU070,2026-07-06,forecast,10.05,12.0,0.0,22.350688951332106,3
SKU071,2026-07-06,forecast,25.9,23.0,13.599311048667893,38.200688951332104,3
SKU072,2026-07-06,forecast,24.5,33.0,12.199311048667894,36.800688951332106,3
SKU073,2026-07-06,forecast,41.37,44.0,29.069311048667892,53.6706889513321,3
SKU074,2026-07-06,forecast,8.54,11.105,0.0,20.840688951332105,3
SKU075,2026-07-06,forecast,21.71,24.0,9.409311048667895,34.01068895133211,3
SKU076,2026-07-06,forecast,9.66,11.0,0.0,21.960688951332106,3
SKU077,2026-07-06,forecast,8.41,4.0,0.0,20.710688951332106,3
SKU078,2026-07-06,forecast,8.37,8.0,0.0,20.670688951332103,3
SKU079,2026-07-06,forecast,23.81,27.0,11.509311048667893,36.11068895133211,3
SKU080,2026-07-06,forecast,13.29,13.0,0.9893110486678935,25.590688951332105,3
SKU081,2026-07-06,forecast,10.28,9.0,0.0,22.580688951332107,3
SKU082,2026-07-06,forecast,12.18,16.0,0.0,24.480688951332105,3
SKU083,2026-07-06,forecast,5.12,6.0,0.0,17.420688951332107,3
SKU084,2026-07-06,forecast,17.67,19.0,5.369311048667896,29.970688951332107,3
SKU085,2026-07-06,forecast,26.09,20.0,13.789311048667894,38.39068895133211,3
SKU086,2026-07-06,forecast,22.04,28.0,9.739311048667894,34.340688951332105,3
SKU087,2026-07-06,forecast,32.38,30.490000000000002,20.079311048667897,44.68068895133211,3
SKU088,2026-07-06,forecast,40.29,31.0,27.989311048667894,52.590688951332105,3
SKU089,2026-07-06,forecast,81.69,89.0,69.38931104866789,93.9906889513321,3
SKU090,2026-07-06,forecast,12.76,13.0,0.4593110486678942,25.060688951332104,3
SKU091,2026-07-06,forecast,22.95,20.0,10.649311048667894,35.25068895133211,3
SKU092,2026-07-06,forecast,32.15,32.0,19.849311048667893,44.450688951332104,3
SKU093,2026-07-06,forecast,7.02,8.0,0.0,19.320688951332105,3
SKU094,2026-07-06,forecast,33.59,30.945,21.289311048667898,45.89068895133211,3
SKU095,2026-07-06,forecast,57.93,48.0,45.629311048667894,70.2306889513321,3
SKU096,2026-07-06,forecast,13.6,17.215,1.299311048667894,25.900688951332107,3
SKU097,2026-07-06,forecast,43.41,52.2825,31.10931104866789,55.7106889513321,3
SKU098,2026-07-06,forecast,10.59,8.0,0.0,22.890688951332105,3
SKU099,2026-07-06,forecast,7.42,7.0,0.0,19.720688951332107,3
SKU100,2026-07-06,forecast,10.11,8.0,0.0,22.410688951332105,3
SKU101,2026-07-06,forecast,9.08,9.49,0.0,21.380688951332104,3
SKU102,2026-07-06,forecast,40.81,38.0,28.509311048667897,53.11068895133211,3
SKU103,2026-07-06,forecast,29.11,23.0,16.809311048667894,41.410688951332105,3
SKU104,2026-07-06,forecast,10.23,8.0,0.0,22.530688951332106,3
SKU105,2026-07-06,forecast,20.27,21.675,7.969311048667894,32.5706889513321,3
SKU106,2026-07-06,forecast,9.32,14.0,0.0,21.620688951332106,3
SKU107,2026-07-06,forecast,10.46,9.0,0.0,22.760688951332106,3
SKU108,2026-07-06,forecast,8.75,4.0,0.0,21.050688951332106,3
SKU109,2026-07-06,forecast,9.02,7.922499999999999,0.0,21.320688951332105,3
SKU110,2026-07-06,forecast,68.6,63.0,56.29931104866789,80.9006889513321,3
SKU111,2026-07-06,forecast,6.13,8.0,0.0,18.430688951332105,3
SKU112,2026-07-06,forecast,12.71,15.0,0.40931104866789525,25.010688951332106,3
SKU113,2026-07-06,forecast,5.57,7.0,0.0,17.870688951332106,3
SKU114,2026-07-06,forecast,10.95,11.0,0.0,23.250688951332105,3
SKU115,2026-07-06,forecast,21.86,29.0,9.559311048667894,34.160688951332105,3
SKU116,2026-07-06,forecast,8.16,7.49,0.0,20.460688951332106,3
SKU117,2026-07-06,forecast,8.97,10.0,0.0,21.270688951332104,3
SKU118,2026-07-06,forecast,47.75,41.0,35.449311048667894,60.050688951332106,3
SKU119,2026-07-06,forecast,36.51,44.072500000000005,24.209311048667892,48.810688951332104,3
SKU120,2026-07-06,forecast,18.0,16.0,5.699311048667894,30.300688951332106,3
SKU121,2026-07-06,forecast,13.72,13.0,1.419311048667895,26.020688951332104,3
SKU122,2026-07-06,forecast,19.39,20.0,7.089311048667895,31.690688951332106,3
SKU123,2026-07-06,forecast,7.23,6.3774999999999995,0.0,19.530688951332106,3
SKU124,2026-07-06,forecast,13.68,18.1725,1.3793110486678941,25.980688951332105,3
SKU125,2026-07-06,forecast,7.92,9.4525,0.0,20.220688951332107,3
SKU126,2026-07-06,forecast,11.61,14.0,0.0,23.910688951332105,3
SKU127,2026-07-06,forecast,36.93,50.0,24.629311048667894,49.230688951332105,3
SKU128,2026-07-06,forecast,25.37,19.0,13.069311048667895,37.67068895133211,3
SKU129,2026-07-06,forecast,11.8,14.0,0.0,24.100688951332106,3
SKU130,2026-07-06,forecast,17.53,19.0,5.2293110486678955,29.830688951332107,3
SKU131,2026-07-06,forecast,11.59,12.3375,0.0,23.890688951332105,3
SKU132,2026-07-06,forecast,34.53,41.0,22.229311048667896,46.83068895133211,3
SKU133,2026-07-06,forecast,18.71,21.0,6.409311048667895,31.010688951332106,3
SKU134,2026-07-06,forecast,17.93,15.0,5.629311048667894,30.230688951332105,3
SKU135,2026-07-06,forecast,8.1,12.0,0.0,20.400688951332107,3
SKU136,2026-07-06,forecast,10.59,10.0,0.0,22.890688951332105,3
SKU137,2026-07-06,forecast,47.29,40.0,34.98931104866789,59.590688951332105,3
SKU138,2026-07-06,forecast,10.89,10.0,0.0,23.190688951332106,3
SKU139,2026-07-06,forecast,14.13,14.8775,1.8293110486678952,26.430688951332108,3
SKU140,2026-07-06,forecast,8.25,10.56,0.0,20.550688951332106,3
SKU141,2026-07-06,forecast,16.36,11.0,4.059311048667894,28.660688951332105,3
SKU142,2026-07-06,forecast,9.13,10.6275,0.0,21.430688951332108,3
SKU143,2026-07-06,forecast,19.2,21.1425,6.899311048667894,31.500688951332105,3
SKU144,2026-07-06,forecast,29.84,39.71,17.539311048667894,42.14068895133211,3
SKU145,2026-07-06,forecast,10.54,8.0,0.0,22.840688951332105,3
SKU146,2026-07-06,forecast,34.46,33.0,22.159311048667895,46.76068895133211,3
SKU147,2026-07-06,forecast,8.58,10.7825,0.0,20.880688951332104,3
SKU148,2026-07-06,forecast,8.84,9.0,0.0,21.140688951332105,3
SKU149,2026-07-06,forecast,20.83,23.075,8.529311048667893,33.130688951332104,3
SKU150,2026-07-06,forecast,8.53,11.2675,0.0,20.830688951332107,3
SKU151,2026-07-06,forecast,12.87,14.0,0.5693110486678936,25.170688951332103,3
SKU152,2026-07-06,forecast,18.07,17.0,5.769311048667895,30.370688951332106,3
SKU153,2026-07-06,forecast,15.45,14.0,3.1493110486678937,27.750688951332105,3
SKU154,2026-07-06,forecast,21.28,29.0,8.979311048667896,33.58068895133211,3
SKU155,2026-07-06,forecast,24.89,23.0,12.589311048667895,37.190688951332106,3
SKU156,2026-07-06,forecast,15.53,17.42,3.2293110486678938,27.830688951332107,3
SKU157,2026-07-06,forecast,16.0,14.0,3.6993110486678944,28.300688951332106,3
SKU158,2026-07-06,forecast,38.88,58.0,26.579311048667897,51.18068895133211,3
SKU159,2026-07-06,forecast,8.22,9.5,0.0,20.520688951332104,3
SKU160,2026-07-06,forecast,33.48,35.3,21.17931104866789,45.7806889513321,3
SKU161,2026-07-06,forecast,8.53,9.21,0.0,20.830688951332107,3
SKU162,2026-07-06,forecast,14.39,16.915,2.089311048667895,26.690688951332106,3
SKU163,2026-07-06,forecast,32.93,35.0,20.629311048667894,45.230688951332105,3
SKU164,2026-07-06,forecast,8.39,10.765,0.0,20.690688951332106,3
SKU165,2026-07-06,forecast,21.29,29.0,8.989311048667894,33.590688951332105,3
SKU166,2026-07-06,forecast,28.1,35.942499999999995,15.799311048667896,40.40068895133211,3
SKU167,2026-07-06,forecast,4.31,5.0,0.0,16.610688951332104,3
SKU168,2026-07-06,forecast,25.34,24.0,13.039311048667894,37.64068895133211,3
SKU169,2026-07-06,forecast,8.75,10.0075,0.0,21.050688951332106,3
SKU170,2026-07-06,forecast,10.36,9.0,0.0,22.660688951332105,3
SKU171,2026-07-06,forecast,34.16,40.8475,21.85931104866789,46.4606889513321,3
SKU172,2026-07-06,forecast,10.56,9.0,0.0,22.860688951332108,3
SKU173,2026-07-06,forecast,8.26,8.0,0.0,20.560688951332104,3
SKU174,2026-07-06,forecast,28.75,36.2975,16.449311048667894,41.050688951332106,3
SKU175,2026-07-06,forecast,36.1,35.0875,23.799311048667896,48.40068895133211,3
SKU176,2026-07-06,forecast,33.51,40.0,21.209311048667892,45.810688951332104,3
SKU177,2026-07-06,forecast,10.23,7.0,0.0,22.530688951332106,3
SKU178,2026-07-06,forecast,8.77,7.0,0.0,21.070688951332105,3
SKU179,2026-07-06,forecast,10.57,11.620000000000001,0.0,22.870688951332106,3
SKU180,2026-07-06,forecast,11.82,12.0,0.0,24.120688951332106,3
SKU181,2026-07-06,forecast,6.54,9.1425,0.0,18.840688951332105,3
SKU182,2026-07-06,forecast,9.86,11.0,0.0,22.160688951332105,3
SKU183,2026-07-06,forecast,36.6,35.655,24.299311048667896,48.90068895133211,3
SKU184,2026-07-06,forecast,9.25,2.0,0.0,21.550688951332106,3
SKU185,2026-07-06,forecast,18.17,19.5075,5.869311048667896,30.470688951332107,3
SKU186,2026-07-06,forecast,57.76,51.0,45.45931104866789,70.06068895133211,3
SKU187,2026-07-06,forecast,32.54,40.0,20.239311048667894,44.840688951332105,3
SKU188,2026-07-06,forecast,10.27,14.0,0.0,22.570688951332105,3
SKU189,2026-07-06,forecast,8.11,5.0,0.0,20.410688951332105,3
SKU190,2026-07-06,forecast,42.2,55.5475,29.899311048667897,54.50068895133211,3
SKU191,2026-07-06,forecast,12.3,11.0,0.0,24.600688951332106,3
SKU192,2026-07-06,forecast,9.23,4.0,0.0,21.530688951332106,3
SKU193,2026-07-06,forecast,8.05,10.0,0.0,20.350688951332106,3
SKU194,2026-07-06,forecast,9.8,10.0,0.0,22.100688951332106,3
SKU195,2026-07-06,forecast,9.3,10.0,0.0,21.600688951332106,3
SKU196,2026-07-06,forecast,23.83,26.0,11.529311048667893,36.130688951332104,3
SKU197,2026-07-06,forecast,48.78,47.0,36.479311048667896,61.08068895133211,3
SKU198,2026-07-06,forecast,26.9,28.0,14.599311048667893,39.200688951332104,3
SKU199,2026-07-06,forecast,12.96,12.0,0.6593110486678952,25.260688951332106,3
SKU200,2026-07-06,forecast,9.99,10.0,0.0,22.290688951332108,3
SKU001,2026-07-13,forecast,9.12,5.0,0.0,23.335961448967,4
SKU002,2026-07-13,forecast,10.77,8.0,0.0,24.985961448967004,4
SKU003,2026-07-13,forecast,4.01,4.0,0.0,18.225961448967002,4
SKU004,2026-07-13,forecast,25.58,19.0,11.364038551032996,39.795961448967,4
SKU005,2026-07-13,forecast,7.45,4.0,0.0,21.665961448967003,4
SKU006,2026-07-13,forecast,36.59,32.565,22.374038551033003,50.805961448967004,4
SKU007,2026-07-13,forecast,6.75,8.0,0.0,20.965961448967,4
SKU008,2026-07-13,forecast,8.94,7.0,0.0,23.155961448967002,4
SKU009,2026-07-13,forecast,8.29,9.155,0.0,22.505961448967,4
SKU010,2026-07-13,forecast,15.69,19.0,1.4740385510329972,29.905961448967002,4
SKU011,2026-07-13,forecast,9.22,7.0,0.0,23.435961448967003,4
SKU012,2026-07-13,forecast,9.44,8.0,0.0,23.655961448967002,4
SKU013,2026-07-13,forecast,13.2,17.0,0.0,27.415961448967003,4
SKU014,2026-07-13,forecast,17.53,16.0,3.314038551032999,31.745961448967,4
SKU015,2026-07-13,forecast,9.13,12.915,0.0,23.345961448967003,4
SKU016,2026-07-13,forecast,37.41,35.0,23.194038551032996,51.625961448967,4
SKU017,2026-07-13,forecast,8.58,3.0,0.0,22.795961448967002,4
SKU018,2026-07-13,forecast,8.21,7.0,0.0,22.425961448967,4
SKU019,2026-07-13,forecast,27.9,25.0,13.684038551032996,42.115961448967,4
SKU020,2026-07-13,forecast,38.47,33.0,24.254038551033,52.685961448967,4
SKU021,2026-07-13,forecast,10.53,10.0,0.0,24.745961448967,4
SKU022,2026-07-13,forecast,8.33,9.995,0.0,22.545961448967002,4
SKU023,2026-07-13,forecast,19.08,17.0,4.864038551032996,33.295961448967,4
SKU024,2026-07-13,forecast,8.36,6.0,0.0,22.575961448967,4
SKU025,2026-07-13,forecast,16.3,20.0,2.0840385510329984,30.515961448967005,4
SKU026,2026-07-13,forecast,32.19,30.942500000000003,17.974038551032997,46.405961448967,4
SKU027,2026-07-13,forecast,19.55,20.26,5.334038551032998,33.765961448967005,4
SKU028,2026-07-13,forecast,13.49,16.9375,0.0,27.705961448967003,4
SKU029,2026-07-13,forecast,9.95,11.0,0.0,24.165961448967003,4
SKU030,2026-07-13,forecast,12.27,18.0,0.0,26.485961448967004,4
SKU031,2026-07-13,forecast,9.38,8.0,0.0,23.595961448967003,4
SKU032,2026-07-13,forecast,24.33,30.0,10.114038551032996,38.545961448967,4
SKU033,2026-07-13,forecast,8.04,9.62,0.0,22.255961448967,4
SKU034,2026-07-13,forecast,11.29,12.0,0.0,25.505961448967,4
SKU035,2026-07-13,forecast,8.99,6.0,0.0,23.205961448967003,4
SKU036,2026-07-13,forecast,9.81,8.0,0.0,24.025961448967003,4
SKU037,2026-07-13,forecast,15.08,14.0,0.8640385510329978,29.295961448967002,4
SKU038,2026-07-13,forecast,10.56,12.0,0.0,24.775961448967003,4
SKU039,2026-07-13,forecast,10.08,8.0,0.0,24.295961448967002,4
SKU040,2026-07-13,forecast,19.6,17.0,5.384038551032999,33.815961448967,4
SKU041,2026-07-13,forecast,9.02,6.0,0.0,23.235961448967004,4
SKU042,2026-07-13,forecast,58.35,57.0,44.134038551033,72.565961448967,4
SKU043,2026-07-13,forecast,36.29,33.005,22.074038551033,50.505961448967,4
SKU044,2026-07-13,forecast,10.75,13.09,0.0,24.965961448967,4
SKU045,2026-07-13,forecast,8.76,6.0,0.0,22.975961448967002,4
SKU046,2026-07-13,forecast,17.97,18.0,3.7540385510329966,32.185961448967,4
SKU047,2026-07-13,forecast,9.88,8.0,0.0,24.095961448967003,4
SKU048,2026-07-13,forecast,50.88,46.0,36.664038551033,65.095961448967,4
SKU049,2026-07-13,forecast,8.88,5.0,0.0,23.095961448967003,4
SKU050,2026-07-13,forecast,27.15,34.0,12.934038551032996,41.365961448967,4
SKU051,2026-07-13,forecast,37.19,35.77,22.974038551032997,51.405961448967,4
SKU052,2026-07-13,forecast,8.27,9.695,0.0,22.485961448967004,4
SKU053,2026-07-13,forecast,20.68,22.0625,6.464038551032997,34.895961448967,4
SKU054,2026-07-13,forecast,9.46,14.0,0.0,23.675961448967,4
SKU055,2026-07-13,forecast,8.83,5.0,0.0,23.045961448967002,4
SKU056,2026-07-13,forecast,46.75,52.0,32.534038551033,60.965961448967,4
SKU057,2026-07-13,forecast,7.88,9.4,0.0,22.095961448967003,4
SKU058,2026-07-13,forecast,6.39,6.0,0.0,20.605961448967,4
SKU059,2026-07-13,forecast,8.97,6.0,0.0,23.185961448967003,4
SKU060,2026-07-13,forecast,8.72,9.6175,0.0,22.935961448967003,4
SKU061,2026-07-13,forecast,13.53,14.739999999999998,0.0,27.745961448967,4
SKU062,2026-07-13,forecast,15.7,19.0,1.484038551032997,29.915961448967003,4
SKU063,2026-07-13,forecast,20.96,24.0,6.7440385510329985,35.175961448967,4
SKU064,2026-07-13,forecast,21.56,22.0,7.344038551032996,35.775961448967,4
SKU065,2026-07-13,forecast,22.11,26.0,7.894038551032997,36.325961448967,4
SKU066,2026-07-13,forecast,34.41,37.2,20.194038551032996,48.625961448967,4
SKU067,2026-07-13,forecast,22.88,25.0,8.664038551032997,37.095961448967,4
SKU068,2026-07-13,forecast,43.8,46.1225,29.584038551032997,58.015961448967,4
SKU069,2026-07-13,forecast,16.43,24.0,2.2140385510329974,30.645961448967,4
SKU070,2026-07-13,forecast,10.67,11.0,0.0,24.885961448967002,4
SKU071,2026-07-13,forecast,26.45,31.0,12.234038551032997,40.665961448967,4
SKU072,2026-07-13,forecast,22.62,31.0,8.404038551032999,36.835961448967005,4
SKU073,2026-07-13,forecast,39.29,48.0,25.074038551033,53.505961448967,4
SKU074,2026-07-13,forecast,8.43,8.489999999999998,0.0,22.645961448967,4
SKU075,2026-07-13,forecast,22.58,28.0,8.364038551032996,36.795961448967,4
SKU076,2026-07-13,forecast,9.45,8.0,0.0,23.665961448967003,4
SKU077,2026-07-13,forecast,9.15,9.0,0.0,23.365961448967003,4
SKU078,2026-07-13,forecast,8.72,3.0,0.0,22.935961448967003,4
SKU079,2026-07-13,forecast,25.75,28.0,11.534038551032998,39.965961448967,4
SKU080,2026-07-13,forecast,12.69,17.0,0.0,26.905961448967002,4
SKU081,2026-07-13,forecast,11.05,10.0,0.0,25.265961448967005,4
SKU082,2026-07-13,forecast,9.46,13.0,0.0,23.675961448967,4
SKU083,2026-07-13,forecast,4.1,2.0,0.0,18.315961448967002,4
SKU084,2026-07-13,forecast,18.55,20.0,4.334038551032998,32.765961448967005,4
SKU085,2026-07-13,forecast,23.42,17.0,9.204038551033,37.635961448967,4
SKU086,2026-07-13,forecast,23.37,27.0,9.154038551032999,37.585961448967005,4
SKU087,2026-07-13,forecast,32.16,31.085,17.944038551032996,46.375961448967,4
SKU088,2026-07-13,forecast,40.74,39.0,26.524038551033,54.955961448967,4
SKU089,2026-07-13,forecast,80.78,88.0,66.564038551033,94.99596144896701,4
SKU090,2026-07-13,forecast,11.47,11.0,0.0,25.685961448967003,4
SKU091,2026-07-13,forecast,28.03,25.0,13.814038551032999,42.245961448967,4
SKU092,2026-07-13,forecast,29.45,27.0,15.234038551032997,43.665961448967,4
SKU093,2026-07-13,forecast,7.49,9.0,0.0,21.705961448967003,4
SKU094,2026-07-13,forecast,32.98,31.5925,18.764038551032996,47.195961448967,4
SKU095,2026-07-13,forecast,57.79,56.0,43.574038551033,72.005961448967,4
SKU096,2026-07-13,forecast,15.04,15.614999999999998,0.8240385510329968,29.255961448967,4
SKU097,2026-07-13,forecast,42.56,45.885,28.344038551033,56.775961448967,4
SKU098,2026-07-13,forecast,11.69,17.0,0.0,25.905961448967002,4
SKU099,2026-07-13,forecast,8.29,13.0,0.0,22.505961448967,4
SKU100,2026-07-13,forecast,9.68,13.0,0.0,23.895961448967,4
SKU101,2026-07-13,forecast,8.48,9.51,0.0,22.695961448967005,4
SKU102,2026-07-13,forecast,42.18,33.0,27.964038551033,56.395961448967,4
SKU103,2026-07-13,forecast,25.34,21.0,11.124038551032998,39.555961448967004,4
SKU104,2026-07-13,forecast,10.78,9.0,0.0,24.995961448967,4
SKU105,2026-07-13,forecast,20.89,20.7425,6.674038551032998,35.105961448967,4
SKU106,2026-07-13,forecast,7.81,5.0,0.0,22.025961448967003,4
SKU107,2026-07-13,forecast,9.29,6.0,0.0,23.505961448967,4
SKU108,2026-07-13,forecast,9.39,5.0,0.0,23.605961448967,4
SKU109,2026-07-13,forecast,8.05,7.9275,0.0,22.265961448967005,4
SKU110,2026-07-13,forecast,57.04,56.0,42.824038551033,71.255961448967,4
SKU111,2026-07-13,forecast,4.5,3.0,0.0,18.715961448967,4
SKU112,2026-07-13,forecast,11.99,12.0,0.0,26.205961448967003,4
SKU113,2026-07-13,forecast,8.67,4.0,0.0,22.885961448967002,4
SKU114,2026-07-13,forecast,11.27,13.0,0.0,25.485961448967004,4
SKU115,2026-07-13,forecast,26.66,30.0,12.444038551032998,40.875961448967004,4
SKU116,2026-07-13,forecast,8.09,7.78,0.0,22.305961448967004,4
SKU117,2026-07-13,forecast,9.54,9.0,0.0,23.755961448967,4
SKU118,2026-07-13,forecast,47.71,51.0,33.494038551033,61.925961448967,4
SKU119,2026-07-13,forecast,32.94,40.95,18.724038551032997,47.155961448967,4
SKU120,2026-07-13,forecast,19.97,26.0,5.7540385510329966,34.185961448967,4
SKU121,2026-07-13,forecast,12.86,12.0,0.0,27.075961448967,4
SKU122,2026-07-13,forecast,20.15,23.0,5.934038551032996,34.365961448967,4
SKU123,2026-07-13,forecast,8.16,6.6850000000000005,0.0,22.375961448967004,4
SKU124,2026-07-13,forecast,16.88,18.5925,2.6640385510329967,31.095961448967003,4
SKU125,2026-07-13,forecast,8.59,7.932499999999999,0.0,22.805961448967004,4
SKU126,2026-07-13,forecast,10.34,16.0,0.0,24.555961448967004,4
SKU127,2026-07-13,forecast,38.81,41.0,24.594038551033,53.025961448967,4
SKU128,2026-07-13,forecast,24.21,26.0,9.994038551032999,38.425961448967,4
SKU129,2026-07-13,forecast,11.43,10.0,0.0,25.645961448967,4
SKU130,2026-07-13,forecast,19.02,17.0,4.804038551032997,33.235961448967004,4
SKU131,2026-07-13,forecast,11.72,12.235,0.0,25.935961448967003,4
SKU132,2026-07-13,forecast,36.44,43.0,22.224038551032997,50.655961448967,4
SKU133,2026-07-13,forecast,21.53,30.0,7.314038551032999,35.745961448967,4
SKU134,2026-07-13,forecast,19.2,11.0,4.984038551032997,33.415961448967,4
SKU135,2026-07-13,forecast,7.62,12.0,0.0,21.835961448967,4
SKU136,2026-07-13,forecast,9.63,9.0,0.0,23.845961448967003,4
SKU137,2026-07-13,forecast,49.13,50.0,34.914038551033,63.345961448967,4
SKU138,2026-07-13,forecast,9.54,10.0,0.0,23.755961448967,4
SKU139,2026-07-13,forecast,14.02,14.66,0.0,28.235961448967004,4
SKU140,2026-07-13,forecast,8.4,8.8725,0.0,22.615961448967003,4
SKU141,2026-07-13,forecast,16.8,20.0,2.5840385510329984,31.015961448967005,4
SKU142,2026-07-13,forecast,8.38,10.91,0.0,22.595961448967003,4
SKU143,2026-07-13,forecast,21.18,21.442500000000003,6.964038551032997,35.395961448967,4
SKU144,2026-07-13,forecast,33.52,33.67,19.304038551033003,47.735961448967004,4
SKU145,2026-07-13,forecast,8.1,12.0,0.0,22.315961448967002,4
SKU146,2026-07-13,forecast,32.6,29.0,18.384038551033,46.815961448967,4
SKU147,2026-07-13,forecast,7.64,9.4275,0.0,21.855961448967,4
SKU148,2026-07-13,forecast,9.93,13.0,0.0,24.145961448967,4
SKU149,2026-07-13,forecast,20.02,21.0325,5.804038551032997,34.235961448967004,4
SKU150,2026-07-13,forecast,8.46,10.65,0.0,22.675961448967,4
SKU151,2026-07-13,forecast,12.34,11.0,0.0,26.555961448967004,4
SKU152,2026-07-13,forecast,17.75,22.0,3.5340385510329977,31.965961448967,4
SKU153,2026-07-13,forecast,11.65,13.0,0.0,25.865961448967003,4
SKU154,2026-07-13,forecast,20.71,21.0,6.4940385510329985,34.925961448967,4
SKU155,2026-07-13,forecast,26.05,28.0,11.834038551032998,40.265961448967005,4
SKU156,2026-07-13,forecast,15.38,15.8025,1.1640385510329985,29.595961448967003,4
SKU157,2026-07-13,forecast,14.48,16.0,0.2640385510329981,28.695961448967005,4
SKU158,2026-07-13,forecast,36.65,47.0,22.434038551032998,50.865961448967,4
SKU159,2026-07-13,forecast,8.74,9.055,0.0,22.955961448967003,4
SKU160,2026-07-13,forecast,36.77,32.42,22.554038551033003,50.985961448967004,4
SKU161,2026-07-13,forecast,9.24,8.8425,0.0,23.455961448967003,4
SKU162,2026-07-13,forecast,14.86,15.2625,0.6440385510329971,29.075961448967,4
SKU163,2026-07-13,forecast,32.59,27.0,18.374038551033003,46.805961448967004,4
SKU164,2026-07-13,forecast,8.21,9.1125,0.0,22.425961448967,4
SKU165,2026-07-13,forecast,20.71,21.0,6.4940385510329985,34.925961448967,4
SKU166,2026-07-13,forecast,29.18,33.9675,14.964038551032997,43.395961448967,4
SKU167,2026-07-13,forecast,6.37,9.0,0.0,20.585961448967,4
SKU168,2026-07-13,forecast,21.17,18.0,6.954038551032999,35.385961448967,4
SKU169,2026-07-13,forecast,8.44,8.695,0.0,22.655961448967002,4
SKU170,2026-07-13,forecast,9.25,7.0,0.0,23.465961448967,4
SKU171,2026-07-13,forecast,36.31,37.3875,22.094038551033,50.525961448967,4
SKU172,2026-07-13,forecast,10.0,11.0,0.0,24.215961448967,4
SKU173,2026-07-13,forecast,6.83,10.0,0.0,21.045961448967002,4
SKU174,2026-07-13,forecast,31.07,32.235,16.854038551033,45.285961448967,4
SKU175,2026-07-13,forecast,33.64,34.8625,19.424038551033,47.855961448967,4
SKU176,2026-07-13,forecast,36.23,32.0,22.014038551032996,50.445961448967,4
SKU177,2026-07-13,forecast,9.19,12.0,0.0,23.405961448967002,4
SKU178,2026-07-13,forecast,7.69,5.0,0.0,21.905961448967002,4
SKU179,2026-07-13,forecast,8.7,11.2625,0.0,22.915961448967003,4
SKU180,2026-07-13,forecast,10.63,10.0,0.0,24.845961448967003,4
SKU181,2026-07-13,forecast,8.71,7.2775,0.0,22.925961448967,4
SKU182,2026-07-13,forecast,10.86,8.0,0.0,25.075961448967,4
SKU183,2026-07-13,forecast,36.66,36.555,22.444038551032996,50.875961448967,4
SKU184,2026-07-13,forecast,9.31,6.0,0.0,23.525961448967003,4
SKU185,2026-07-13,forecast,16.69,18.3,2.474038551032999,30.905961448967005,4
SKU186,2026-07-13,forecast,57.52,61.0,43.304038551033,71.735961448967,4
SKU187,2026-07-13,forecast,34.68,44.0,20.464038551033,48.895961448967,4
SKU188,2026-07-13,forecast,10.35,12.0,0.0,24.565961448967002,4
SKU189,2026-07-13,forecast,8.07,4.0,0.0,22.285961448967,4
SKU190,2026-07-13,forecast,40.03,47.097500000000004,25.814038551033,54.245961448967,4
SKU191,2026-07-13,forecast,10.88,10.0,0.0,25.095961448967003,4
SKU192,2026-07-13,forecast,9.4,4.0,0.0,23.615961448967003,4
SKU193,2026-07-13,forecast,9.53,7.0,0.0,23.745961448967,4
SKU194,2026-07-13,forecast,9.99,8.0,0.0,24.205961448967003,4
SKU195,2026-07-13,forecast,9.52,12.0,0.0,23.735961448967004,4
SKU196,2026-07-13,forecast,20.66,22.0,6.444038551032998,34.875961448967004,4
SKU197,2026-07-13,forecast,47.23,42.0,33.014038551032996,61.445961448967,4
SKU198,2026-07-13,forecast,25.23,29.0,11.014038551032998,39.445961448967005,4
SKU199,2026-07-13,forecast,11.12,7.0,0.0,25.335961448967,4
SKU200,2026-07-13,forecast,8.75,2.0,0.0,22.965961448967,4
SKU001,2026-07-20,forecast,11.8,15.0,1.9437390437134283,21.656260956286573,5
SKU002,2026-07-20,forecast,10.27,10.0,0.4137390437134272,20.126260956286572,5
SKU003,2026-07-20,forecast,3.64,3.0,0.0,13.496260956286573,5
SKU004,2026-07-20,forecast,30.64,28.0,20.783739043713428,40.49626095628658,5
SKU005,2026-07-20,forecast,9.17,3.0,0.0,19.02626095628657,5
SKU006,2026-07-20,forecast,38.77,33.462500000000006,28.91373904371343,48.62626095628657,5
SKU007,2026-07-20,forecast,8.15,2.0,0.0,18.006260956286575,5
SKU008,2026-07-20,forecast,11.65,16.0,1.793739043713428,21.506260956286575,5
SKU009,2026-07-20,forecast,8.78,8.2275,0.0,18.63626095628657,5
SKU010,2026-07-20,forecast,13.15,14.0,3.293739043713428,23.006260956286575,5
SKU011,2026-07-20,forecast,9.58,6.0,0.0,19.436260956286574,5
SKU012,2026-07-20,forecast,10.8,12.0,0.9437390437134283,20.656260956286573,5
SKU013,2026-07-20,forecast,10.7,11.0,0.8437390437134269,20.55626095628657,5
SKU014,2026-07-20,forecast,13.1,12.0,3.2437390437134273,22.95626095628657,5
SKU015,2026-07-20,forecast,10.33,12.947500000000002,0.4737390437134277,20.186260956286574,5
SKU016,2026-07-20,forecast,36.08,41.0,26.223739043713426,45.936260956286574,5
SKU017,2026-07-20,forecast,8.46,4.0,0.0,18.316260956286573,5
SKU018,2026-07-20,forecast,8.5,7.0,0.0,18.356260956286572,5
SKU019,2026-07-20,forecast,25.51,14.0,15.65373904371343,35.366260956286574,5
SKU020,2026-07-20,forecast,33.51,28.0,23.653739043713426,43.36626095628657,5
SKU021,2026-07-20,forecast,9.76,13.0,0.0,19.616260956286574,5
SKU022,2026-07-20,forecast,8.69,9.827499999999999,0.0,18.546260956286574,5
SKU023,2026-07-20,forecast,19.14,24.0,9.283739043713428,28.996260956286573,5
SKU024,2026-07-20,forecast,9.77,10.0,0.0,19.626260956286572,5
SKU025,2026-07-20,forecast,14.92,23.0,5.0637390437134275,24.77626095628657,5
SKU026,2026-07-20,forecast,32.08,31.490000000000002,22.223739043713426,41.936260956286574,5
SKU027,2026-07-20,forecast,19.59,20.1475,9.733739043713427,29.446260956286572,5
SKU028,2026-07-20,forecast,14.13,16.31,4.273739043713428,23.98626095628657,5
SKU029,2026-07-20,forecast,11.09,9.0,1.2337390437134275,20.946260956286572,5
SKU030,2026-07-20,forecast,13.24,16.0,3.383739043713428,23.09626095628657,5
SKU031,2026-07-20,forecast,11.79,13.0,1.9337390437134268,21.64626095628657,5
SKU032,2026-07-20,forecast,23.19,21.0,13.333739043713429,33.046260956286574,5
SKU033,2026-07-20,forecast,8.87,7.879999999999999,0.0,18.726260956286573,5
SKU034,2026-07-20,forecast,12.77,15.0,2.913739043713427,22.626260956286572,5
SKU035,2026-07-20,forecast,9.8,14.0,0.0,19.656260956286573,5
SKU036,2026-07-20,forecast,8.47,10.0,0.0,18.326260956286575,5
SKU037,2026-07-20,forecast,14.71,16.0,4.8537390437134285,24.566260956286573,5
SKU038,2026-07-20,forecast,8.97,3.0,0.0,18.826260956286575,5
SKU039,2026-07-20,forecast,10.54,11.0,0.6837390437134268,20.39626095628657,5
SKU040,2026-07-20,forecast,21.42,21.0,11.56373904371343,31.276260956286574,5
SKU041,2026-07-20,forecast,9.16,7.0,0.0,19.016260956286573,5
SKU042,2026-07-20,forecast,58.75,71.0,48.893739043713424,68.60626095628658,5
SKU043,2026-07-20,forecast,35.82,35.0775,25.963739043713428,45.67626095628657,5
SKU044,2026-07-20,forecast,11.86,13.0275,2.003739043713427,21.716260956286572,5
SKU045,2026-07-20,forecast,10.92,11.0,1.0637390437134275,20.77626095628657,5
SKU046,2026-07-20,forecast,17.26,17.0,7.403739043713429,27.116260956286574,5
SKU047,2026-07-20,forecast,13.16,17.0,3.3037390437134277,23.016260956286573,5
SKU048,2026-07-20,forecast,50.0,45.0,40.143739043713424,59.856260956286576,5
SKU049,2026-07-20,forecast,9.91,11.0,0.05373904371342775,19.766260956286573,5
SKU050,2026-07-20,forecast,27.23,42.0,17.373739043713428,37.08626095628657,5
SKU051,2026-07-20,forecast,35.69,36.0675,25.833739043713425,45.546260956286574,5
SKU052,2026-07-20,forecast,8.91,9.262500000000001,0.0,18.766260956286573,5
SKU053,2026-07-20,forecast,21.04,21.7325,11.183739043713427,30.89626095628657,5
SKU054,2026-07-20,forecast,11.36,11.0,1.503739043713427,21.216260956286572,5
SKU055,2026-07-20,forecast,9.19,13.0,0.0,19.046260956286574,5
SKU056,2026-07-20,forecast,47.35,56.0,37.49373904371343,57.20626095628657,5
SKU057,2026-07-20,forecast,8.43,7.87,0.0,18.286260956286572,5
SKU058,2026-07-20,forecast,7.26,7.0,0.0,17.116260956286574,5
SKU059,2026-07-20,forecast,10.32,12.0,0.4637390437134279,20.176260956286573,5
SKU060,2026-07-20,forecast,8.91,9.2975,0.0,18.766260956286573,5
SKU061,2026-07-20,forecast,13.24,14.622499999999999,3.383739043713428,23.09626095628657,5
SKU062,2026-07-20,forecast,14.29,16.0,4.433739043713427,24.14626095628657,5
SKU063,2026-07-20,forecast,20.28,21.0,10.423739043713429,30.136260956286574,5
SKU064,2026-07-20,forecast,24.19,30.0,14.333739043713429,34.046260956286574,5
SKU065,2026-07-20,forecast,21.54,23.0,11.683739043713427,31.39626095628657,5
SKU066,2026-07-20,forecast,36.55,35.8025,26.693739043713425,46.40626095628657,5
SKU067,2026-07-20,forecast,23.76,32.0,13.90373904371343,33.616260956286574,5
SKU068,2026-07-20,forecast,41.93,45.072500000000005,32.07373904371343,51.78626095628657,5
SKU069,2026-07-20,forecast,12.89,19.0,3.033739043713428,22.746260956286573,5
SKU070,2026-07-20,forecast,11.51,15.0,1.6537390437134274,21.366260956286574,5
SKU071,2026-07-20,forecast,23.23,18.0,13.373739043713428,33.08626095628657,5
SKU072,2026-07-20,forecast,23.11,38.0,13.253739043713427,32.966260956286575,5
SKU073,2026-07-20,forecast,40.77,51.0,30.91373904371343,50.62626095628657,5
SKU074,2026-07-20,forecast,8.39,8.0975,0.0,18.246260956286573,5
SKU075,2026-07-20,forecast,18.68,15.0,8.823739043713427,28.536260956286572,5
SKU076,2026-07-20,forecast,9.13,6.0,0.0,18.98626095628657,5
SKU077,2026-07-20,forecast,8.95,4.0,0.0,18.80626095628657,5
SKU078,2026-07-20,forecast,9.56,6.0,0.0,19.41626095628657,5
SKU079,2026-07-20,forecast,21.77,23.0,11.913739043713427,31.626260956286572,5
SKU080,2026-07-20,forecast,10.35,10.0,0.49373904371342725,20.20626095628657,5
SKU081,2026-07-20,forecast,9.32,11.0,0.0,19.176260956286573,5
SKU082,2026-07-20,forecast,11.38,19.0,1.5237390437134284,21.23626095628657,5
SKU083,2026-07-20,forecast,4.53,5.0,0.0,14.386260956286574,5
SKU084,2026-07-20,forecast,19.64,27.0,9.783739043713428,29.496260956286573,5
SKU085,2026-07-20,forecast,26.96,31.0,17.10373904371343,36.81626095628657,5
SKU086,2026-07-20,forecast,23.29,22.0,13.433739043713427,33.14626095628657,5
SKU087,2026-07-20,forecast,33.65,31.875,23.793739043713426,43.50626095628657,5
SKU088,2026-07-20,forecast,41.18,39.0,31.323739043713427,51.03626095628657,5
SKU089,2026-07-20,forecast,81.18,87.0,71.32373904371343,91.03626095628658,5
SKU090,2026-07-20,forecast,12.37,3.0,2.513739043713427,22.226260956286573,5
SKU091,2026-07-20,forecast,24.58,26.0,14.723739043713426,34.436260956286574,5
SKU092,2026-07-20,forecast,29.5,28.0,19.643739043713428,39.356260956286576,5
SKU093,2026-07-20,forecast,7.09,6.0,0.0,16.946260956286572,5
SKU094,2026-07-20,forecast,37.65,32.8375,27.793739043713426,47.50626095628657,5
SKU095,2026-07-20,forecast,56.48,58.0,46.62373904371343,66.33626095628657,5
SKU096,2026-07-20,forecast,13.97,15.375,4.113739043713428,23.826260956286575,5
SKU097,2026-07-20,forecast,40.28,43.525,30.42373904371343,50.13626095628658,5
SKU098,2026-07-20,forecast,11.88,18.0,2.0237390437134284,21.73626095628657,5
SKU099,2026-07-20,forecast,9.42,10.0,0.0,19.27626095628657,5
SKU100,2026-07-20,forecast,10.58,9.0,0.7237390437134277,20.436260956286574,5
SKU101,2026-07-20,forecast,9.39,8.629999999999999,0.0,19.246260956286573,5
SKU102,2026-07-20,forecast,41.57,38.0,31.713739043713428,51.42626095628657,5
SKU103,2026-07-20,forecast,29.53,34.0,19.67373904371343,39.38626095628658,5
SKU104,2026-07-20,forecast,11.57,13.0,1.713739043713428,21.426260956286573,5
SKU105,2026-07-20,forecast,19.49,19.965,9.633739043713426,29.34626095628657,5
SKU106,2026-07-20,forecast,11.51,10.0,1.6537390437134274,21.366260956286574,5
SKU107,2026-07-20,forecast,10.46,9.0,0.6037390437134285,20.316260956286573,5
SKU108,2026-07-20,forecast,10.92,8.0,1.0637390437134275,20.77626095628657,5
SKU109,2026-07-20,forecast,8.49,8.19,0.0,18.34626095628657,5
SKU110,2026-07-20,forecast,62.25,70.0,52.393739043713424,72.10626095628658,5
SKU111,2026-07-20,forecast,4.65,1.0,0.0,14.506260956286573,5
SKU112,2026-07-20,forecast,13.01,13.0,3.1537390437134274,22.866260956286574,5
SKU113,2026-07-20,forecast,7.6,1.0,0.0,17.45626095628657,5
SKU114,2026-07-20,forecast,12.13,9.0,2.2737390437134284,21.98626095628657,5
SKU115,2026-07-20,forecast,23.26,23.0,13.40373904371343,33.116260956286574,5
SKU116,2026-07-20,forecast,8.92,8.3025,0.0,18.77626095628657,5
SKU117,2026-07-20,forecast,10.85,15.0,0.9937390437134273,20.70626095628657,5
SKU118,2026-07-20,forecast,46.8,43.0,36.94373904371342,56.65626095628657,5
SKU119,2026-07-20,forecast,35.57,36.185,25.713739043713428,45.42626095628657,5
SKU120,2026-07-20,forecast,20.72,22.0,10.863739043713426,30.57626095628657,5
SKU121,2026-07-20,forecast,13.37,17.0,3.513739043713427,23.226260956286573,5
SKU122,2026-07-20,forecast,18.32,19.0,8.463739043713428,28.176260956286573,5
SKU123,2026-07-20,forecast,8.78,7.475,0.0,18.63626095628657,5
SKU124,2026-07-20,forecast,14.23,15.3125,4.373739043713428,24.086260956286573,5
SKU125,2026-07-20,forecast,9.15,8.58,0.0,19.006260956286575,5
SKU126,2026-07-20,forecast,10.47,10.0,0.6137390437134282,20.326260956286575,5
SKU127,2026-07-20,forecast,36.34,44.0,26.48373904371343,46.19626095628658,5
SKU128,2026-07-20,forecast,23.78,26.0,13.923739043713429,33.63626095628658,5
SKU129,2026-07-20,forecast,12.68,13.0,2.8237390437134273,22.536260956286572,5
SKU130,2026-07-20,forecast,19.16,21.0,9.303739043713428,29.016260956286573,5
SKU131,2026-07-20,forecast,9.75,11.415,0.0,19.606260956286572,5
SKU132,2026-07-20,forecast,29.8,23.0,19.94373904371343,39.65626095628657,5
SKU133,2026-07-20,forecast,19.69,18.0,9.833739043713429,29.546260956286574,5
SKU134,2026-07-20,forecast,16.9,12.0,7.043739043713426,26.75626095628657,5
SKU135,2026-07-20,forecast,9.4,6.0,0.0,19.256260956286575,5
SKU136,2026-07-20,forecast,9.8,11.0,0.0,19.656260956286573,5
SKU137,2026-07-20,forecast,46.07,38.0,36.21373904371343,55.92626095628657,5
SKU138,2026-07-20,forecast,11.08,13.0,1.2237390437134277,20.936260956286574,5
SKU139,2026-07-20,forecast,12.9,14.165000000000001,3.043739043713428,22.756260956286575,5
SKU140,2026-07-20,forecast,8.67,7.9725,0.0,18.52626095628657,5
SKU141,2026-07-20,forecast,15.39,18.0,5.533739043713428,25.246260956286573,5
SKU142,2026-07-20,forecast,8.68,9.754999999999999,0.0,18.536260956286572,5
SKU143,2026-07-20,forecast,19.4,19.987499999999997,9.543739043713426,29.25626095628657,5
SKU144,2026-07-20,forecast,32.32,31.05,22.463739043713428,42.17626095628657,5
SKU145,2026-07-20,forecast,11.04,15.0,1.1837390437134268,20.89626095628657,5
SKU146,2026-07-20,forecast,26.46,22.0,16.60373904371343,36.31626095628657,5
SKU147,2026-07-20,forecast,8.3,7.8374999999999995,0.0,18.156260956286573,5
SKU148,2026-07-20,forecast,11.87,21.0,2.013739043713427,21.726260956286573,5
SKU149,2026-07-20,forecast,19.64,20.537499999999998,9.783739043713428,29.496260956286573,5
SKU150,2026-07-20,forecast,9.36,9.015,0.0,19.216260956286572,5
SKU151,2026-07-20,forecast,11.72,10.0,1.8637390437134282,21.576260956286575,5
SKU152,2026-07-20,forecast,16.28,13.0,6.423739043713429,26.136260956286574,5
SKU153,2026-07-20,forecast,10.91,10.0,1.0537390437134277,20.766260956286573,5
SKU154,2026-07-20,forecast,20.76,22.0,10.90373904371343,30.616260956286574,5
SKU155,2026-07-20,forecast,21.21,14.0,11.353739043713428,31.066260956286573,5
SKU156,2026-07-20,forecast,13.39,16.8975,3.533739043713428,23.246260956286573,5
SKU157,2026-07-20,forecast,14.75,12.0,4.893739043713428,24.606260956286572,5
SKU158,2026-07-20,forecast,34.62,39.0,24.763739043713425,44.476260956286566,5
SKU159,2026-07-20,forecast,8.69,8.49,0.0,18.546260956286574,5
SKU160,2026-07-20,forecast,36.66,33.8625,26.803739043713424,46.51626095628657,5
SKU161,2026-07-20,forecast,8.05,8.6525,0.0,17.906260956286573,5
SKU162,2026-07-20,forecast,14.41,15.2275,4.553739043713428,24.266260956286573,5
SKU163,2026-07-20,forecast,36.88,35.0,27.02373904371343,46.73626095628657,5
SKU164,2026-07-20,forecast,8.45,9.665000000000001,0.0,18.30626095628657,5
SKU165,2026-07-20,forecast,25.81,30.0,15.953739043713426,35.66626095628657,5
SKU166,2026-07-20,forecast,29.97,29.262500000000003,20.113739043713426,39.826260956286575,5
SKU167,2026-07-20,forecast,5.89,4.0,0.0,15.746260956286573,5
SKU168,2026-07-20,forecast,23.79,23.0,13.933739043713427,33.64626095628657,5
SKU169,2026-07-20,forecast,8.3,8.305,0.0,18.156260956286573,5
SKU170,2026-07-20,forecast,9.09,7.0,0.0,18.946260956286572,5
SKU171,2026-07-20,forecast,34.81,36.715,24.95373904371343,44.66626095628658,5
SKU172,2026-07-20,forecast,10.09,9.0,0.23373904371342746,19.946260956286572,5
SKU173,2026-07-20,forecast,7.66,12.0,0.0,17.516260956286573,5
SKU174,2026-07-20,forecast,29.69,29.2525,19.83373904371343,39.546260956286574,5
SKU175,2026-07-20,forecast,37.1,36.0225,27.24373904371343,46.95626095628657,5
SKU176,2026-07-20,forecast,34.68,32.0,24.823739043713427,44.53626095628657,5
SKU177,2026-07-20,forecast,9.79,12.0,0.0,19.64626095628657,5
SKU178,2026-07-20,forecast,10.66,8.0,0.8037390437134277,20.516260956286573,5
SKU179,2026-07-20,forecast,8.88,10.6875,0.0,18.73626095628657,5
SKU180,2026-07-20,forecast,12.47,12.0,2.6137390437134282,22.326260956286575,5
SKU181,2026-07-20,forecast,9.15,7.705,0.0,19.006260956286575,5
SKU182,2026-07-20,forecast,8.97,6.0,0.0,18.826260956286575,5
SKU183,2026-07-20,forecast,35.72,36.72,25.863739043713426,45.576260956286575,5
SKU184,2026-07-20,forecast,9.5,7.0,0.0,19.356260956286572,5
SKU185,2026-07-20,forecast,15.23,17.4725,5.373739043713428,25.086260956286573,5
SKU186,2026-07-20,forecast,57.41,53.0,47.55373904371342,67.26626095628657,5
SKU187,2026-07-20,forecast,32.36,40.0,22.503739043713427,42.216260956286575,5
SKU188,2026-07-20,forecast,10.73,14.0,0.873739043713428,20.586260956286573,5
SKU189,2026-07-20,forecast,7.5,5.0,0.0,17.356260956286572,5
SKU190,2026-07-20,forecast,39.13,42.355000000000004,29.27373904371343,48.98626095628657,5
SKU191,2026-07-20,forecast,13.16,19.0,3.3037390437134277,23.016260956286573,5
SKU192,2026-07-20,forecast,7.58,5.0,0.0,17.436260956286574,5
SKU193,2026-07-20,forecast,10.78,8.0,0.923739043713427,20.63626095628657,5
SKU194,2026-07-20,forecast,10.36,14.0,0.503739043713427,20.216260956286572,5
SKU195,2026-07-20,forecast,10.29,9.0,0.43373904371342675,20.14626095628657,5
SKU196,2026-07-20,forecast,20.28,19.0,10.423739043713429,30.136260956286574,5
SKU197,2026-07-20,forecast,45.14,44.0,35.283739043713425,54.99626095628658,5
SKU198,2026-07-20,forecast,27.22,25.0,17.363739043713426,37.076260956286575,5
SKU199,2026-07-20,forecast,11.6,11.0,1.7437390437134273,21.45626095628657,5
SKU200,2026-07-20,forecast,10.29,14.0,0.43373904371342675,20.14626095628657,5
SKU001,2026-07-27,forecast,9.29,10.0,0.0,20.154136968322227,6
SKU002,2026-07-27,forecast,9.81,10.0,0.0,20.67413696832223,6
SKU003,2026-07-27,forecast,3.06,1.0,0.0,13.924136968322228,6
SKU004,2026-07-27,forecast,30.96,41.0,20.095863031677773,41.82413696832223,6
SKU005,2026-07-27,forecast,9.19,2.0,0.0,20.054136968322226,6
SKU006,2026-07-27,forecast,34.58,34.837500000000006,23.71586303167777,45.444136968322226,6
SKU007,2026-07-27,forecast,8.67,5.0,0.0,19.53413696832223,6
SKU008,2026-07-27,forecast,9.22,4.0,0.0,20.084136968322227,6
SKU009,2026-07-27,forecast,8.82,8.3775,0.0,19.68413696832223,6
SKU010,2026-07-27,forecast,12.35,11.0,1.4858630316777717,23.21413696832223,6
SKU011,2026-07-27,forecast,9.18,10.0,0.0,20.044136968322228,6
SKU012,2026-07-27,forecast,10.54,14.0,0.0,21.404136968322227,6
SKU013,2026-07-27,forecast,11.02,14.0,0.1558630316777716,21.884136968322228,6
SKU014,2026-07-27,forecast,12.79,13.0,1.9258630316777712,23.654136968322227,6
SKU015,2026-07-27,forecast,10.09,11.8375,0.0,20.954136968322228,6
SKU016,2026-07-27,forecast,32.76,30.0,21.89586303167777,43.624136968322226,6
SKU017,2026-07-27,forecast,8.78,4.0,0.0,19.64413696832223,6
SKU018,2026-07-27,forecast,9.05,8.0,0.0,19.91413696832223,6
SKU019,2026-07-27,forecast,25.33,20.0,14.46586303167777,36.194136968322226,6
SKU020,2026-07-27,forecast,32.72,24.0,21.85586303167777,43.58413696832223,6
SKU021,2026-07-27,forecast,9.35,6.0,0.0,20.21413696832223,6
SKU022,2026-07-27,forecast,9.07,9.1225,0.0,19.93413696832223,6
SKU023,2026-07-27,forecast,17.71,19.0,6.845863031677773,28.57413696832223,6
SKU024,2026-07-27,forecast,8.43,12.0,0.0,19.294136968322228,6
SKU025,2026-07-27,forecast,14.89,11.0,4.025863031677773,25.75413696832223,6
SKU026,2026-07-27,forecast,34.22,32.347500000000004,23.35586303167777,45.08413696832223,6
SKU027,2026-07-27,forecast,18.15,16.0,7.285863031677771,29.014136968322227,6
SKU028,2026-07-27,forecast,14.72,15.059999999999999,3.8558630316777727,25.584136968322227,6
SKU029,2026-07-27,forecast,10.95,9.0,0.08586303167777132,21.814136968322227,6
SKU030,2026-07-27,forecast,12.51,17.0,1.6458630316777718,23.374136968322226,6
SKU031,2026-07-27,forecast,9.61,2.0,0.0,20.474136968322227,6
SKU032,2026-07-27,forecast,21.34,19.0,10.475863031677772,32.20413696832223,6
SKU033,2026-07-27,forecast,8.71,8.087499999999999,0.0,19.57413696832223,6
SKU034,2026-07-27,forecast,10.86,8.0,0.0,21.724136968322227,6
SKU035,2026-07-27,forecast,10.82,9.0,0.0,21.68413696832223,6
SKU036,2026-07-27,forecast,10.83,11.0,0.0,21.694136968322226,6
SKU037,2026-07-27,forecast,13.23,13.0,2.3658630316777725,24.09413696832223,6
SKU038,2026-07-27,forecast,9.35,4.0,0.0,20.21413696832223,6
SKU039,2026-07-27,forecast,9.24,6.0,0.0,20.10413696832223,6
SKU040,2026-07-27,forecast,25.26,22.0,14.395863031677774,36.12413696832223,6
SKU041,2026-07-27,forecast,8.89,2.0,0.0,19.75413696832223,6
SKU042,2026-07-27,forecast,57.7,53.0,46.835863031677775,68.56413696832223,6
SKU043,2026-07-27,forecast,35.61,36.08,24.74586303167777,46.47413696832223,6
SKU044,2026-07-27,forecast,11.81,12.77,0.9458630316777725,22.67413696832223,6
SKU045,2026-07-27,forecast,9.72,10.0,0.0,20.584136968322227,6
SKU046,2026-07-27,forecast,17.07,19.0,6.205863031677772,27.93413696832223,6
SKU047,2026-07-27,forecast,11.18,10.0,0.31586303167777174,22.044136968322228,6
SKU048,2026-07-27,forecast,46.23,41.0,35.36586303167777,57.094136968322225,6
SKU049,2026-07-27,forecast,9.11,4.0,0.0,19.974136968322227,6
SKU050,2026-07-27,forecast,26.45,40.0,15.585863031677771,37.31413696832223,6
SKU051,2026-07-27,forecast,36.13,36.39,25.265863031677775,46.99413696832223,6
SKU052,2026-07-27,forecast,9.38,9.1075,0.0,20.24413696832223,6
SKU053,2026-07-27,forecast,19.42,21.044999999999998,8.555863031677774,30.28413696832223,6
SKU054,2026-07-27,forecast,11.39,15.0,0.5258630316777726,22.25413696832223,6
SKU055,2026-07-27,forecast,12.82,8.0,1.9558630316777723,23.68413696832223,6
SKU056,2026-07-27,forecast,51.09,64.0,40.225863031677775,61.95413696832223,6
SKU057,2026-07-27,forecast,8.79,8.035,0.0,19.654136968322227,6
SKU058,2026-07-27,forecast,9.44,4.0,0.0,20.304136968322226,6
SKU059,2026-07-27,forecast,9.03,8.0,0.0,19.89413696832223,6
SKU060,2026-07-27,forecast,8.96,8.9525,0.0,19.82413696832223,6
SKU061,2026-07-27,forecast,15.34,13.91,4.475863031677772,26.204136968322228,6
SKU062,2026-07-27,forecast,13.79,15.0,2.925863031677771,24.654136968322227,6
SKU063,2026-07-27,forecast,19.96,20.0,9.095863031677773,30.82413696832223,6
SKU064,2026-07-27,forecast,22.76,25.0,11.895863031677774,33.62413696832223,6
SKU065,2026-07-27,forecast,22.22,25.0,11.355863031677771,33.08413696832223,6
SKU066,2026-07-27,forecast,36.11,12.0,25.24586303167777,46.97413696832223,6
SKU067,2026-07-27,forecast,23.55,20.0,12.685863031677773,34.414136968322225,6
SKU068,2026-07-27,forecast,40.23,43.855,29.36586303167777,51.094136968322225,6
SKU069,2026-07-27,forecast,13.28,18.0,2.4158630316777714,24.14413696832223,6
SKU070,2026-07-27,forecast,12.19,15.0,1.3258630316777715,23.054136968322226,6
SKU071,2026-07-27,forecast,23.69,22.0,12.825863031677773,34.554136968322226,6
SKU072,2026-07-27,forecast,24.44,30.0,13.575863031677773,35.304136968322226,6
SKU073,2026-07-27,forecast,41.47,44.0,30.60586303167777,52.33413696832223,6
SKU074,2026-07-27,forecast,9.44,8.405,0.0,20.304136968322226,6
SKU075,2026-07-27,forecast,20.41,22.0,9.545863031677772,31.274136968322228,6
SKU076,2026-07-27,forecast,8.9,10.0,0.0,19.764136968322227,6
SKU077,2026-07-27,forecast,8.69,7.0,0.0,19.554136968322226,6
SKU078,2026-07-27,forecast,9.17,7.0,0.0,20.03413696832223,6
SKU079,2026-07-27,forecast,27.83,41.0,16.96586303167777,38.694136968322226,6
SKU080,2026-07-27,forecast,10.81,11.0,0.0,21.67413696832223,6
SKU081,2026-07-27,forecast,10.49,11.0,0.0,21.35413696832223,6
SKU082,2026-07-27,forecast,9.77,14.0,0.0,20.634136968322228,6
SKU083,2026-07-27,forecast,5.62,5.0,0.0,16.48413696832223,6
SKU084,2026-07-27,forecast,20.87,24.0,10.005863031677773,31.73413696832223,6
SKU085,2026-07-27,forecast,25.12,26.0,14.255863031677773,35.98413696832223,6
SKU086,2026-07-27,forecast,24.43,23.0,13.565863031677772,35.29413696832223,6
SKU087,2026-07-27,forecast,35.57,7.0,24.705863031677772,46.43413696832223,6
SKU088,2026-07-27,forecast,42.04,34.0,31.17586303167777,52.90413696832223,6
SKU089,2026-07-27,forecast,83.38,98.0,72.51586303167777,94.24413696832222,6
SKU090,2026-07-27,forecast,9.65,11.0,0.0,20.514136968322227,6
SKU091,2026-07-27,forecast,24.76,36.0,13.895863031677774,35.62413696832223,6
SKU092,2026-07-27,forecast,30.59,33.0,19.725863031677772,41.45413696832223,6
SKU093,2026-07-27,forecast,9.64,7.0,0.0,20.50413696832223,6
SKU094,2026-07-27,forecast,35.78,34.6,24.915863031677773,46.64413696832223,6
SKU095,2026-07-27,forecast,56.24,64.0,45.375863031677774,67.10413696832222,6
SKU096,2026-07-27,forecast,14.26,14.629999999999999,3.395863031677772,25.124136968322226,6
SKU097,2026-07-27,forecast,50.58,64.0,39.71586303167777,61.444136968322226,6
SKU098,2026-07-27,forecast,12.4,19.0,1.5358630316777724,23.264136968322227,6
SKU099,2026-07-27,forecast,10.28,11.0,0.0,21.14413696832223,6
SKU100,2026-07-27,forecast,8.97,8.0,0.0,19.834136968322227,6
SKU101,2026-07-27,forecast,9.46,8.955,0.0,20.32413696832223,6
SKU102,2026-07-27,forecast,36.5,26.0,25.635863031677772,47.36413696832223,6
SKU103,2026-07-27,forecast,26.4,36.0,15.53586303167777,37.26413696832223,6
SKU104,2026-07-27,forecast,10.32,12.0,0.0,21.18413696832223,6
SKU105,2026-07-27,forecast,18.91,19.8725,8.045863031677772,29.774136968322228,6
SKU106,2026-07-27,forecast,10.14,9.0,0.0,21.00413696832223,6
SKU107,2026-07-27,forecast,10.58,9.0,0.0,21.444136968322226,6
SKU108,2026-07-27,forecast,9.3,8.0,0.0,20.16413696832223,6
SKU109,2026-07-27,forecast,9.23,8.58,0.0,20.09413696832223,6
SKU110,2026-07-27,forecast,60.53,61.0,49.66586303167777,71.39413696832223,6
SKU111,2026-07-27,forecast,6.73,5.0,0.0,17.59413696832223,6
SKU112,2026-07-27,forecast,11.12,9.0,0.25586303167777125,21.984136968322225,6
SKU113,2026-07-27,forecast,7.09,2.0,0.0,17.954136968322228,6
SKU114,2026-07-27,forecast,10.17,10.0,0.0,21.03413696832223,6
SKU115,2026-07-27,forecast,26.08,24.0,15.21586303167777,36.944136968322226,6
SKU116,2026-07-27,forecast,8.66,8.48,0.0,19.524136968322228,6
SKU117,2026-07-27,forecast,10.25,13.0,0.0,21.114136968322228,6
SKU118,2026-07-27,forecast,43.42,35.0,32.555863031677774,54.28413696832223,6
SKU119,2026-07-27,forecast,36.49,35.36749999999999,25.625863031677774,47.35413696832223,6
SKU120,2026-07-27,forecast,20.14,23.0,9.275863031677773,31.00413696832223,6
SKU121,2026-07-27,forecast,13.68,16.0,2.8158630316777717,24.544136968322228,6
SKU122,2026-07-27,forecast,17.19,19.0,6.325863031677773,28.05413696832223,6
SKU123,2026-07-27,forecast,8.89,7.922499999999999,0.0,19.75413696832223,6
SKU124,2026-07-27,forecast,14.37,15.2625,3.5058630316777712,25.234136968322225,6
SKU125,2026-07-27,forecast,8.05,8.677500000000002,0.0,18.91413696832223,6
SKU126,2026-07-27,forecast,11.05,13.0,0.18586303167777274,21.91413696832223,6
SKU127,2026-07-27,forecast,33.03,35.0,22.165863031677773,43.89413696832223,6
SKU128,2026-07-27,forecast,27.51,23.0,16.645863031677774,38.37413696832223,6
SKU129,2026-07-27,forecast,12.38,12.0,1.5158630316777728,23.24413696832223,6
SKU130,2026-07-27,forecast,16.67,12.0,5.805863031677774,27.53413696832223,6
SKU131,2026-07-27,forecast,9.18,10.955,0.0,20.044136968322228,6
SKU132,2026-07-27,forecast,36.86,46.0,25.99586303167777,47.72413696832223,6
SKU133,2026-07-27,forecast,19.5,21.0,8.635863031677772,30.364136968322228,6
SKU134,2026-07-27,forecast,17.54,17.0,6.675863031677771,28.404136968322227,6
SKU135,2026-07-27,forecast,8.87,6.0,0.0,19.734136968322225,6
SKU136,2026-07-27,forecast,9.24,7.0,0.0,20.10413696832223,6
SKU137,2026-07-27,forecast,45.45,41.0,34.585863031677775,56.31413696832223,6
SKU138,2026-07-27,forecast,9.61,10.0,0.0,20.474136968322227,6
SKU139,2026-07-27,forecast,13.5,14.052500000000002,2.635863031677772,24.364136968322228,6
SKU140,2026-07-27,forecast,8.74,8.325,0.0,19.60413696832223,6
SKU141,2026-07-27,forecast,12.22,12.0,1.3558630316777727,23.084136968322227,6
SKU142,2026-07-27,forecast,8.79,9.197500000000002,0.0,19.654136968322227,6
SKU143,2026-07-27,forecast,19.4,20.015,8.53586303167777,30.264136968322227,6
SKU144,2026-07-27,forecast,31.44,31.275000000000002,20.575863031677773,42.304136968322226,6
SKU145,2026-07-27,forecast,9.34,8.0,0.0,20.204136968322228,6
SKU146,2026-07-27,forecast,32.01,44.0,21.14586303167777,42.874136968322226,6
SKU147,2026-07-27,forecast,10.92,8.0,0.05586303167777196,21.78413696832223,6
SKU148,2026-07-27,forecast,10.85,18.0,0.0,21.71413696832223,6
SKU149,2026-07-27,forecast,19.66,20.292499999999997,8.795863031677772,30.524136968322228,6
SKU150,2026-07-27,forecast,8.68,9.1325,0.0,19.544136968322228,6
SKU151,2026-07-27,forecast,14.69,14.0,3.8258630316777715,25.554136968322226,6
SKU152,2026-07-27,forecast,12.96,14.0,2.095863031677773,23.82413696832223,6
SKU153,2026-07-27,forecast,10.86,10.0,0.0,21.724136968322227,6
SKU154,2026-07-27,forecast,22.31,26.0,11.44586303167777,33.17413696832223,6
SKU155,2026-07-27,forecast,22.66,13.0,11.795863031677772,33.524136968322225,6
SKU156,2026-07-27,forecast,14.77,15.5225,3.9058630316777716,25.634136968322228,6
SKU157,2026-07-27,forecast,12.37,14.0,1.5058630316777712,23.234136968322225,6
SKU158,2026-07-27,forecast,34.86,37.0,23.99586303167777,45.72413696832223,6
SKU159,2026-07-27,forecast,8.35,8.455,0.0,19.21413696832223,6
SKU160,2026-07-27,forecast,34.13,34.6025,23.265863031677775,44.99413696832223,6
SKU161,2026-07-27,forecast,9.51,8.52,0.0,20.374136968322226,6
SKU162,2026-07-27,forecast,12.43,7.0,1.5658630316777717,23.294136968322228,6
SKU163,2026-07-27,forecast,29.56,29.0,18.69586303167777,40.42413696832223,6
SKU164,2026-07-27,forecast,8.35,8.8375,0.0,19.21413696832223,6
SKU165,2026-07-27,forecast,22.54,25.0,11.675863031677771,33.40413696832223,6
SKU166,2026-07-27,forecast,30.56,28.8425,19.69586303167777,41.42413696832223,6
SKU167,2026-07-27,forecast,8.0,8.0,0.0,18.864136968322228,6
SKU168,2026-07-27,forecast,23.45,34.0,12.585863031677771,34.31413696832223,6
SKU169,2026-07-27,forecast,9.44,8.405000000000001,0.0,20.304136968322226,6
SKU170,2026-07-27,forecast,11.67,18.0,0.805863031677772,22.53413696832223,6
SKU171,2026-07-27,forecast,36.13,35.675,25.265863031677775,46.99413696832223,6
SKU172,2026-07-27,forecast,10.77,9.0,0.0,21.634136968322228,6
SKU173,2026-07-27,forecast,7.62,8.0,0.0,18.48413696832223,6
SKU174,2026-07-27,forecast,30.35,29.402500000000003,19.485863031677773,41.21413696832223,6
SKU175,2026-07-27,forecast,34.87,36.3975,24.00586303167777,45.734136968322225,6
SKU176,2026-07-27,forecast,32.66,25.0,21.79586303167777,43.524136968322225,6
SKU177,2026-07-27,forecast,9.94,14.0,0.0,20.804136968322226,6
SKU178,2026-07-27,forecast,10.61,11.0,0.0,21.474136968322227,6
SKU179,2026-07-27,forecast,8.98,9.925,0.0,19.84413696832223,6
SKU180,2026-07-27,forecast,12.2,5.0,1.3358630316777713,23.064136968322227,6
SKU181,2026-07-27,forecast,8.02,3.0,0.0,18.884136968322228,6
SKU182,2026-07-27,forecast,9.38,7.0,0.0,20.24413696832223,6
SKU183,2026-07-27,forecast,34.55,36.7925,23.68586303167777,45.414136968322225,6
SKU184,2026-07-27,forecast,10.88,10.0,0.01586303167777281,21.74413696832223,6
SKU185,2026-07-27,forecast,15.04,16.655,4.175863031677771,25.904136968322227,6
SKU186,2026-07-27,forecast,68.19,77.0,57.32586303167777,79.05413696832223,6
SKU187,2026-07-27,forecast,27.23,25.0,16.365863031677772,38.09413696832223,6
SKU188,2026-07-27,forecast,9.72,6.0,0.0,20.584136968322227,6
SKU189,2026-07-27,forecast,8.47,2.0,0.0,19.334136968322227,6
SKU190,2026-07-27,forecast,37.32,40.9525,26.455863031677772,48.18413696832223,6
SKU191,2026-07-27,forecast,12.67,19.0,1.805863031677772,23.53413696832223,6
SKU192,2026-07-27,forecast,9.44,11.0,0.0,20.304136968322226,6
SKU193,2026-07-27,forecast,8.12,4.0,0.0,18.984136968322225,6
SKU194,2026-07-27,forecast,11.05,13.0,0.18586303167777274,21.91413696832223,6
SKU195,2026-07-27,forecast,10.59,9.0,0.0,21.454136968322228,6
SKU196,2026-07-27,forecast,23.33,29.0,12.46586303167777,34.194136968322226,6
SKU197,2026-07-27,forecast,44.19,47.0,33.32586303167777,55.054136968322226,6
SKU198,2026-07-27,forecast,24.04,23.0,13.175863031677771,34.90413696832223,6
SKU199,2026-07-27,forecast,12.42,13.0,1.555863031677772,23.28413696832223,6
SKU200,2026-07-27,forecast,9.45,12.0,0.0,20.314136968322227,6
SKU001,2026-08-03,forecast,10.22,10.0,0.0,21.361854388544053,7
SKU002,2026-08-03,forecast,10.05,12.0,0.0,21.191854388544055,7
SKU003,2026-08-03,forecast,2.81,4.0,0.0,13.951854388544055,7
SKU004,2026-08-03,forecast,32.59,30.0,21.44814561145595,43.73185438854406,7
SKU005,2026-08-03,forecast,8.08,4.0,0.0,19.221854388544052,7
SKU006,2026-08-03,forecast,32.85,35.215,21.708145611455947,43.991854388544056,7
SKU007,2026-08-03,forecast,8.84,2.0,0.0,19.981854388544054,7
SKU008,2026-08-03,forecast,9.98,12.0,0.0,21.121854388544055,7
SKU009,2026-08-03,forecast,8.43,8.575,0.0,19.571854388544054,7
SKU010,2026-08-03,forecast,13.11,8.0,1.9681456114559452,24.251854388544054,7
SKU011,2026-08-03,forecast,11.08,10.0,0.0,22.221854388544052,7
SKU012,2026-08-03,forecast,9.59,10.0,0.0,20.731854388544054,7
SKU013,2026-08-03,forecast,11.06,14.0,0.0,22.201854388544056,7
SKU014,2026-08-03,forecast,16.86,15.0,5.718145611455945,28.001854388544054,7
SKU015,2026-08-03,forecast,9.48,10.89,0.0,20.621854388544055,7
SKU016,2026-08-03,forecast,39.38,32.0,28.23814561145595,50.52185438854406,7
SKU017,2026-08-03,forecast,9.02,2.0,0.0,20.161854388544054,7
SKU018,2026-08-03,forecast,9.22,6.0,0.0,20.361854388544053,7
SKU019,2026-08-03,forecast,23.78,15.0,12.638145611455947,34.921854388544055,7
SKU020,2026-08-03,forecast,35.26,32.0,24.118145611455944,46.40185438854405,7
SKU021,2026-08-03,forecast,11.91,13.0,0.768145611455946,23.051854388544054,7
SKU022,2026-08-03,forecast,7.93,8.8075,0.0,19.071854388544054,7
SKU023,2026-08-03,forecast,14.72,10.0,3.5781456114559465,25.861854388544053,7
SKU024,2026-08-03,forecast,9.09,8.0,0.0,20.231854388544054,7
SKU025,2026-08-03,forecast,19.09,26.0,7.948145611455946,30.231854388544054,7
SKU026,2026-08-03,forecast,36.68,32.835,25.538145611455946,47.821854388544054,7
SKU027,2026-08-03,forecast,19.6,25.0,8.458145611455947,30.741854388544056,7
SKU028,2026-08-03,forecast,13.35,14.512500000000001,2.2081456114559455,24.491854388544056,7
SKU029,2026-08-03,forecast,11.88,9.0,0.7381456114559466,23.021854388544057,7
SKU030,2026-08-03,forecast,13.6,14.0,2.4581456114559455,24.741854388544056,7
SKU031,2026-08-03,forecast,10.06,4.0,0.0,21.201854388544056,7
SKU032,2026-08-03,forecast,23.0,20.0,11.858145611455946,34.141854388544054,7
SKU033,2026-08-03,forecast,8.38,8.41,0.0,19.521854388544057,7
SKU034,2026-08-03,forecast,12.26,5.0,1.1181456114559456,23.401854388544052,7
SKU035,2026-08-03,forecast,9.89,10.0,0.0,21.031854388544055,7
SKU036,2026-08-03,forecast,9.37,6.0,0.0,20.51185438854405,7
SKU037,2026-08-03,forecast,12.69,7.0,1.5481456114559453,23.831854388544052,7
SKU038,2026-08-03,forecast,9.54,8.0,0.0,20.681854388544053,7
SKU039,2026-08-03,forecast,8.49,4.0,0.0,19.631854388544056,7
SKU040,2026-08-03,forecast,23.12,22.0,11.978145611455947,34.26185438854405,7
SKU041,2026-08-03,forecast,11.74,11.0,0.598145611455946,22.881854388544056,7
SKU042,2026-08-03,forecast,61.16,70.0,50.01814561145594,72.30185438854406,7
SKU043,2026-08-03,forecast,36.16,35.83,25.018145611455942,47.30185438854405,7
SKU044,2026-08-03,forecast,11.48,9.0,0.33814561145594624,22.621854388544055,7
SKU045,2026-08-03,forecast,12.64,15.0,1.4981456114559464,23.781854388544055,7
SKU046,2026-08-03,forecast,15.89,17.0,4.748145611455946,27.031854388544055,7
SKU047,2026-08-03,forecast,10.04,7.0,0.0,21.181854388544053,7
SKU048,2026-08-03,forecast,50.76,59.0,39.618145611455944,61.90185438854405,7
SKU049,2026-08-03,forecast,10.59,9.0,0.0,21.731854388544054,7
SKU050,2026-08-03,forecast,26.46,26.0,15.318145611455947,37.601854388544055,7
SKU051,2026-08-03,forecast,34.78,36.7375,23.638145611455947,45.921854388544055,7
SKU052,2026-08-03,forecast,7.81,8.9725,0.0,18.951854388544053,7
SKU053,2026-08-03,forecast,19.82,20.697499999999998,8.678145611455946,30.961854388544054,7
SKU054,2026-08-03,forecast,8.57,12.0,0.0,19.711854388544054,7
SKU055,2026-08-03,forecast,9.42,6.0,0.0,20.561854388544056,7
SKU056,2026-08-03,forecast,54.8,56.0,43.65814561145594,65.94185438854404,7
SKU057,2026-08-03,forecast,8.6,8.4325,0.0,19.741854388544056,7
SKU058,2026-08-03,forecast,8.15,10.0,0.0,19.291854388544053,7
SKU059,2026-08-03,forecast,11.82,15.0,0.6781456114559461,22.961854388544054,7
SKU060,2026-08-03,forecast,8.69,8.88,0.0,19.831854388544052,7
SKU061,2026-08-03,forecast,13.77,14.4225,2.6281456114559454,24.911854388544054,7
SKU062,2026-08-03,forecast,12.7,8.0,1.558145611455945,23.841854388544053,7
SKU063,2026-08-03,forecast,17.41,13.0,6.268145611455946,28.551854388544054,7
SKU064,2026-08-03,forecast,26.81,24.0,15.668145611455945,37.95185438854405,7
SKU065,2026-08-03,forecast,22.24,27.0,11.098145611455944,33.381854388544056,7
SKU066,2026-08-03,forecast,38.01,33.0,26.868145611455944,49.15185438854405,7
SKU067,2026-08-03,forecast,26.34,28.0,15.198145611455946,37.48185438854405,7
SKU068,2026-08-03,forecast,39.18,42.6075,28.038145611455946,50.321854388544054,7
SKU069,2026-08-03,forecast,13.25,15.0,2.108145611455946,24.391854388544054,7
SKU070,2026-08-03,forecast,10.3,10.0,0.0,21.441854388544055,7
SKU071,2026-08-03,forecast,22.18,7.0,11.038145611455946,33.321854388544054,7
SKU072,2026-08-03,forecast,24.58,32.0,13.438145611455944,35.72185438854405,7
SKU073,2026-08-03,forecast,40.85,40.0,29.708145611455947,51.991854388544056,7
SKU074,2026-08-03,forecast,8.42,8.7,0.0,19.561854388544056,7
SKU075,2026-08-03,forecast,21.08,28.0,9.938145611455944,32.22185438854405,7
SKU076,2026-08-03,forecast,9.32,7.0,0.0,20.461854388544054,7
SKU077,2026-08-03,forecast,10.96,9.0,0.0,22.101854388544055,7
SKU078,2026-08-03,forecast,8.88,7.0,0.0,20.021854388544057,7
SKU079,2026-08-03,forecast,23.21,20.0,12.068145611455947,34.351854388544055,7
SKU080,2026-08-03,forecast,9.14,13.0,0.0,20.281854388544055,7
SKU081,2026-08-03,forecast,13.16,15.0,2.018145611455946,24.301854388544054,7
SKU082,2026-08-03,forecast,15.69,24.0,4.548145611455945,26.831854388544052,7
SKU083,2026-08-03,forecast,5.68,7.0,0.0,16.821854388544054,7
SKU084,2026-08-03,forecast,22.77,30.0,11.628145611455945,33.91185438854406,7
SKU085,2026-08-03,forecast,25.25,25.0,14.108145611455946,36.391854388544054,7
SKU086,2026-08-03,forecast,24.45,21.0,13.308145611455945,35.59185438854405,7
SKU087,2026-08-03,forecast,36.05,11.0,24.908145611455943,47.19185438854405,7
SKU088,2026-08-03,forecast,40.09,38.0,28.94814561145595,51.23185438854406,7
SKU089,2026-08-03,forecast,86.13,92.0,74.98814561145593,97.27185438854406,7
SKU090,2026-08-03,forecast,11.36,16.0,0.21814561145594524,22.501854388544054,7
SKU091,2026-08-03,forecast,24.36,27.0,13.218145611455945,35.501854388544054,7
SKU092,2026-08-03,forecast,31.5,33.0,20.358145611455946,42.641854388544054,7
SKU093,2026-08-03,forecast,8.2,10.0,0.0,19.341854388544053,7
SKU094,2026-08-03,forecast,35.47,35.0,24.328145611455945,46.61185438854405,7
SKU095,2026-08-03,forecast,49.21,41.0,38.06814561145595,60.351854388544055,7
SKU096,2026-08-03,forecast,13.13,14.2175,1.9881456114559466,24.271854388544057,7
SKU097,2026-08-03,forecast,56.93,73.0,45.788145611455946,68.07185438854405,7
SKU098,2026-08-03,forecast,10.46,13.0,0.0,21.601854388544055,7
SKU099,2026-08-03,forecast,9.24,11.0,0.0,20.381854388544056,7
SKU100,2026-08-03,forecast,8.66,10.0,0.0,19.801854388544054,7
SKU101,2026-08-03,forecast,7.8,9.102500000000001,0.0,18.941854388544055,7
SKU102,2026-08-03,forecast,35.9,31.0,24.758145611455944,47.04185438854405,7
SKU103,2026-08-03,forecast,27.66,27.0,16.518145611455946,38.80185438854406,7
SKU104,2026-08-03,forecast,10.4,10.0,0.0,21.541854388544053,7
SKU105,2026-08-03,forecast,19.72,19.89,8.578145611455945,30.861854388544053,7
SKU106,2026-08-03,forecast,9.96,10.0,0.0,21.101854388544055,7
SKU107,2026-08-03,forecast,9.54,8.0,0.0,20.681854388544053,7
SKU108,2026-08-03,forecast,8.83,5.0,0.0,19.971854388544052,7
SKU109,2026-08-03,forecast,8.42,8.6975,0.0,19.561854388544056,7
SKU110,2026-08-03,forecast,57.21,55.0,46.06814561145595,68.35185438854406,7
SKU111,2026-08-03,forecast,7.89,10.0,0.0,19.031854388544055,7
SKU112,2026-08-03,forecast,13.64,19.0,2.4981456114559464,24.781854388544055,7
SKU113,2026-08-03,forecast,8.18,3.0,0.0,19.321854388544054,7
SKU114,2026-08-03,forecast,11.14,13.0,0.0,22.281854388544055,7
SKU115,2026-08-03,forecast,30.07,45.0,18.928145611455946,41.211854388544054,7
SKU116,2026-08-03,forecast,8.42,8.4575,0.0,19.561854388544056,7
SKU117,2026-08-03,forecast,8.45,4.0,0.0,19.591854388544053,7
SKU118,2026-08-03,forecast,41.91,30.0,30.768145611455942,53.05185438854405,7
SKU119,2026-08-03,forecast,36.26,35.3775,25.118145611455944,47.40185438854405,7
SKU120,2026-08-03,forecast,22.04,21.0,10.898145611455945,33.18185438854405,7
SKU121,2026-08-03,forecast,11.53,15.0,0.38814561145594517,22.671854388544055,7
SKU122,2026-08-03,forecast,18.6,16.0,7.458145611455947,29.741854388544056,7
SKU123,2026-08-03,forecast,8.19,8.265,0.0,19.331854388544052,7
SKU124,2026-08-03,forecast,13.51,14.790000000000001,2.3681456114559456,24.651854388544052,7
SKU125,2026-08-03,forecast,9.49,8.4275,0.0,20.631854388544056,7
SKU126,2026-08-03,forecast,11.94,9.0,0.7981456114559453,23.081854388544052,7
SKU127,2026-08-03,forecast,39.9,46.0,28.758145611455944,51.04185438854405,7
SKU128,2026-08-03,forecast,22.61,17.0,11.468145611455945,33.751854388544054,7
SKU129,2026-08-03,forecast,12.82,15.0,1.678145611455946,23.961854388544054,7
SKU130,2026-08-03,forecast,15.81,12.0,4.668145611455946,26.951854388544056,7
SKU131,2026-08-03,forecast,8.79,10.559999999999999,0.0,19.931854388544053,7
SKU132,2026-08-03,forecast,33.6,44.0,22.458145611455947,44.741854388544056,7
SKU133,2026-08-03,forecast,20.98,20.0,9.838145611455946,32.12185438854405,7
SKU134,2026-08-03,forecast,16.28,15.0,5.138145611455947,27.421854388544055,7
SKU135,2026-08-03,forecast,10.3,9.0,0.0,21.441854388544055,7
SKU136,2026-08-03,forecast,8.96,8.0,0.0,20.101854388544055,7
SKU137,2026-08-03,forecast,46.12,42.0,34.97814561145594,57.26185438854405,7
SKU138,2026-08-03,forecast,9.64,10.0,0.0,20.781854388544055,7
SKU139,2026-08-03,forecast,14.76,13.637500000000001,3.6181456114559456,25.901854388544052,7
SKU140,2026-08-03,forecast,8.43,8.515,0.0,19.571854388544054,7
SKU141,2026-08-03,forecast,12.91,14.0,1.768145611455946,24.051854388544054,7
SKU142,2026-08-03,forecast,7.97,8.745000000000001,0.0,19.111854388544053,7
SKU143,2026-08-03,forecast,19.32,19.794999999999998,8.178145611455946,30.461854388544054,7
SKU144,2026-08-03,forecast,33.35,3.0,22.208145611455947,44.491854388544056,7
SKU145,2026-08-03,forecast,11.27,11.0,0.12814561145594539,22.411854388544054,7
SKU146,2026-08-03,forecast,31.05,27.0,19.908145611455947,42.19185438854406,7
SKU147,2026-08-03,forecast,15.71,23.0,4.568145611455947,26.851854388544055,7
SKU148,2026-08-03,forecast,12.12,14.0,0.978145611455945,23.26185438854405,7
SKU149,2026-08-03,forecast,19.86,20.037499999999998,8.718145611455945,31.001854388544054,7
SKU150,2026-08-03,forecast,7.97,8.7575,0.0,19.111854388544053,7
SKU151,2026-08-03,forecast,11.77,16.0,0.6281456114559454,22.911854388544054,7
SKU152,2026-08-03,forecast,12.05,10.0,0.9081456114559465,23.191854388544055,7
SKU153,2026-08-03,forecast,11.24,9.0,0.09814561145594602,22.381854388544056,7
SKU154,2026-08-03,forecast,21.76,27.0,10.618145611455947,32.90185438854405,7
SKU155,2026-08-03,forecast,21.58,19.0,10.438145611455944,32.72185438854405,7
SKU156,2026-08-03,forecast,13.56,14.7675,2.4181456114559463,24.701854388544056,7
SKU157,2026-08-03,forecast,11.79,10.0,0.648145611455945,22.931854388544053,7
SKU158,2026-08-03,forecast,36.22,40.0,25.078145611455945,47.36185438854405,7
SKU159,2026-08-03,forecast,9.49,8.5,0.0,20.631854388544056,7
SKU160,2026-08-03,forecast,36.07,35.26,24.928145611455946,47.211854388544054,7
SKU161,2026-08-03,forecast,9.01,8.832500000000001,0.0,20.151854388544052,7
SKU162,2026-08-03,forecast,13.11,12.0,1.9681456114559452,24.251854388544054,7
SKU163,2026-08-03,forecast,30.16,28.0,19.018145611455946,41.30185438854406,7
SKU164,2026-08-03,forecast,8.7,8.35,0.0,19.841854388544053,7
SKU165,2026-08-03,forecast,24.41,23.0,13.268145611455946,35.55185438854406,7
SKU166,2026-08-03,forecast,30.41,29.4525,19.268145611455946,41.55185438854406,7
SKU167,2026-08-03,forecast,7.46,2.0,0.0,18.601854388544055,7
SKU168,2026-08-03,forecast,24.99,22.0,13.848145611455944,36.131854388544056,7
SKU169,2026-08-03,forecast,8.42,8.7325,0.0,19.561854388544056,7
SKU170,2026-08-03,forecast,11.25,13.0,0.10814561145594581,22.391854388544054,7
SKU171,2026-08-03,forecast,35.29,35.3525,24.148145611455945,46.43185438854405,7
SKU172,2026-08-03,forecast,9.67,8.0,0.0,20.811854388544056,7
SKU173,2026-08-03,forecast,9.68,7.0,0.0,20.821854388544054,7
SKU174,2026-08-03,forecast,30.61,29.965000000000003,19.468145611455945,41.751854388544054,7
SKU175,2026-08-03,forecast,36.42,35.4275,25.278145611455948,47.561854388544056,7
SKU176,2026-08-03,forecast,34.99,38.0,23.848145611455948,46.131854388544056,7
SKU177,2026-08-03,forecast,11.05,18.0,0.0,22.191854388544055,7
SKU178,2026-08-03,forecast,9.78,9.0,0.0,20.921854388544055,7
SKU179,2026-08-03,forecast,8.14,9.282499999999999,0.0,19.281854388544055,7
SKU180,2026-08-03,forecast,11.52,9.0,0.3781456114559454,22.661854388544054,7
SKU181,2026-08-03,forecast,12.34,18.0,1.1981456114559457,23.481854388544054,7
SKU182,2026-08-03,forecast,9.04,7.0,0.0,20.181854388544053,7
SKU183,2026-08-03,forecast,35.58,35.8825,24.438145611455944,46.72185438854405,7
SKU184,2026-08-03,forecast,8.96,5.0,0.0,20.101854388544055,7
SKU185,2026-08-03,forecast,13.04,16.2825,1.898145611455945,24.181854388544053,7
SKU186,2026-08-03,forecast,56.1,58.0,44.95814561145595,67.24185438854406,7
SKU187,2026-08-03,forecast,29.17,26.0,18.028145611455948,40.311854388544056,7
SKU188,2026-08-03,forecast,13.6,15.0,2.4581456114559455,24.741854388544056,7
SKU189,2026-08-03,forecast,8.81,2.0,0.0,19.951854388544056,7
SKU190,2026-08-03,forecast,36.64,39.67,25.498145611455946,47.781854388544055,7
SKU191,2026-08-03,forecast,13.31,22.0,2.1681456114559463,24.451854388544056,7
SKU192,2026-08-03,forecast,9.16,7.0,0.0,20.301854388544054,7
SKU193,2026-08-03,forecast,8.69,6.0,0.0,19.831854388544052,7
SKU194,2026-08-03,forecast,9.79,6.0,0.0,20.931854388544053,7
SKU195,2026-08-03,forecast,10.09,12.0,0.0,21.231854388544054,7
SKU196,2026-08-03,forecast,23.43,34.0,12.288145611455946,34.571854388544054,7
SKU197,2026-08-03,forecast,45.34,50.0,34.19814561145595,56.48185438854406,7
SKU198,2026-08-03,forecast,23.54,23.0,12.398145611455945,34.68185438854405,7
SKU199,2026-08-03,forecast,11.11,11.0,0.0,22.251854388544054,7
SKU200,2026-08-03,forecast,10.86,11.0,0.0,22.001854388544054,7
SKU001,2026-08-10,forecast,11.58,20.0,0.14264922473474329,23.017350775265257,8
SKU002,2026-08-10,forecast,19.9,28.0,8.462649224734742,31.337350775265257,8
SKU003,2026-08-10,forecast,3.86,5.0,0.0,15.297350775265256,8
SKU004,2026-08-10,forecast,33.48,39.0,22.04264922473474,44.917350775265255,8
SKU005,2026-08-10,forecast,9.18,3.0,0.0,20.61735077526526,8
SKU006,2026-08-10,forecast,35.23,35.697500000000005,23.79264922473474,46.667350775265255,8
SKU007,2026-08-10,forecast,9.88,8.0,0.0,21.317350775265258,8
SKU008,2026-08-10,forecast,10.02,17.0,0.0,21.457350775265255,8
SKU009,2026-08-10,forecast,9.51,8.58,0.0,20.947350775265257,8
SKU010,2026-08-10,forecast,17.72,30.0,6.282649224734742,29.157350775265257,8
SKU011,2026-08-10,forecast,10.52,14.0,0.0,21.957350775265255,8
SKU012,2026-08-10,forecast,24.22,32.0,12.782649224734742,35.65735077526526,8
SKU013,2026-08-10,forecast,19.81,27.0,8.372649224734742,31.247350775265254,8
SKU014,2026-08-10,forecast,20.72,38.0,9.282649224734742,32.15735077526526,8
SKU015,2026-08-10,forecast,8.08,9.7575,0.0,19.517350775265257,8
SKU016,2026-08-10,forecast,55.62,69.0,44.18264922473474,67.05735077526525,8
SKU017,2026-08-10,forecast,8.62,6.0,0.0,20.057350775265256,8
SKU018,2026-08-10,forecast,10.24,14.0,0.0,21.677350775265257,8
SKU019,2026-08-10,forecast,32.42,50.0,20.982649224734743,43.85735077526526,8
SKU020,2026-08-10,forecast,41.09,54.0,29.652649224734745,52.52735077526526,8
SKU021,2026-08-10,forecast,20.67,30.0,9.232649224734745,32.10735077526526,8
SKU022,2026-08-10,forecast,9.52,8.504999999999999,0.0,20.957350775265255,8
SKU023,2026-08-10,forecast,24.99,35.0,13.552649224734742,36.42735077526525,8
SKU024,2026-08-10,forecast,11.02,12.0,0.0,22.457350775265255,8
SKU025,2026-08-10,forecast,24.02,32.0,12.582649224734743,35.457350775265255,8
SKU026,2026-08-10,forecast,35.82,33.792500000000004,24.38264922473474,47.25735077526526,8
SKU027,2026-08-10,forecast,20.76,26.0,9.322649224734745,32.19735077526526,8
SKU028,2026-08-10,forecast,12.88,13.922500000000001,1.442649224734744,24.317350775265258,8
SKU029,2026-08-10,forecast,9.26,14.0,0.0,20.697350775265257,8
SKU030,2026-08-10,forecast,22.3,38.0,10.862649224734744,33.737350775265256,8
SKU031,2026-08-10,forecast,12.47,15.0,1.0326492247347439,23.907350775265257,8
SKU032,2026-08-10,forecast,55.81,64.0,44.372649224734744,67.24735077526526,8
SKU033,2026-08-10,forecast,9.49,8.5,0.0,20.927350775265257,8
SKU034,2026-08-10,forecast,12.12,20.0,0.6826492247347424,23.557350775265256,8
SKU035,2026-08-10,forecast,9.78,12.0,0.0,21.217350775265256,8
SKU036,2026-08-10,forecast,10.14,16.0,0.0,21.57735077526526,8
SKU037,2026-08-10,forecast,14.53,21.0,3.0926492247347426,25.967350775265256,8
SKU038,2026-08-10,forecast,9.6,12.0,0.0,21.037350775265256,8
SKU039,2026-08-10,forecast,10.22,16.0,0.0,21.657350775265257,8
SKU040,2026-08-10,forecast,31.1,43.0,19.662649224734743,42.53735077526526,8
SKU041,2026-08-10,forecast,10.11,15.0,0.0,21.547350775265258,8
SKU042,2026-08-10,forecast,73.13,105.0,61.69264922473474,84.56735077526525,8
SKU043,2026-08-10,forecast,35.79,35.97,24.35264922473474,47.22735077526526,8
SKU044,2026-08-10,forecast,23.09,33.0,11.652649224734743,34.527350775265255,8
SKU045,2026-08-10,forecast,11.96,21.0,0.5226492247347441,23.39735077526526,8
SKU046,2026-08-10,forecast,30.96,42.0,19.522649224734742,42.39735077526526,8
SKU047,2026-08-10,forecast,20.39,28.0,8.952649224734744,31.82735077526526,8
SKU048,2026-08-10,forecast,63.49,81.0,52.05264922473474,74.92735077526525,8
SKU049,2026-08-10,forecast,9.92,10.0,0.0,21.357350775265257,8
SKU050,2026-08-10,forecast,32.53,50.0,21.092649224734743,43.96735077526526,8
SKU051,2026-08-10,forecast,35.45,35.9475,24.012649224734744,46.88735077526526,8
SKU052,2026-08-10,forecast,9.57,8.592500000000001,0.0,21.00735077526526,8
SKU053,2026-08-10,forecast,19.9,20.240000000000002,8.462649224734742,31.337350775265257,8
SKU054,2026-08-10,forecast,12.86,13.0,1.4226492247347426,24.297350775265258,8
SKU055,2026-08-10,forecast,10.06,6.0,0.0,21.497350775265257,8
SKU056,2026-08-10,forecast,65.84,92.0,54.402649224734745,77.27735077526526,8
SKU057,2026-08-10,forecast,8.41,8.425,0.0,19.847350775265255,8
SKU058,2026-08-10,forecast,12.21,18.0,0.7726492247347441,23.64735077526526,8
SKU059,2026-08-10,forecast,10.14,11.0,0.0,21.57735077526526,8
SKU060,2026-08-10,forecast,8.95,8.82,0.0,20.387350775265254,8
SKU061,2026-08-10,forecast,12.27,13.97,0.8326492247347428,23.707350775265255,8
SKU062,2026-08-10,forecast,15.37,24.0,3.9326492247347424,26.807350775265256,8
SKU063,2026-08-10,forecast,19.66,29.0,8.222649224734743,31.097350775265255,8
SKU064,2026-08-10,forecast,37.31,57.0,25.872649224734744,48.74735077526526,8
SKU065,2026-08-10,forecast,41.16,59.0,29.722649224734738,52.597350775265255,8
SKU066,2026-08-10,forecast,41.61,56.0,30.17264922473474,53.04735077526526,8
SKU067,2026-08-10,forecast,37.2,59.0,25.762649224734744,48.63735077526526,8
SKU068,2026-08-10,forecast,37.49,41.285,26.052649224734743,48.92735077526526,8
SKU069,2026-08-10,forecast,22.64,35.0,11.202649224734744,34.07735077526526,8
SKU070,2026-08-10,forecast,12.04,17.0,0.6026492247347424,23.477350775265258,8
SKU071,2026-08-10,forecast,25.54,38.0,14.102649224734742,36.97735077526526,8
SKU072,2026-08-10,forecast,62.47,75.0,51.03264922473474,73.90735077526526,8
SKU073,2026-08-10,forecast,53.21,66.0,41.77264922473474,64.64735077526525,8
SKU074,2026-08-10,forecast,8.67,8.67,0.0,20.107350775265257,8
SKU075,2026-08-10,forecast,56.29,65.0,44.85264922473474,67.72735077526525,8
SKU076,2026-08-10,forecast,11.72,11.0,0.28264922473474385,23.157350775265257,8
SKU077,2026-08-10,forecast,9.99,14.0,0.0,21.427350775265257,8
SKU078,2026-08-10,forecast,10.97,15.0,0.0,22.407350775265257,8
SKU079,2026-08-10,forecast,53.52,65.0,42.082649224734745,64.95735077526525,8
SKU080,2026-08-10,forecast,11.04,19.0,0.0,22.477350775265258,8
SKU081,2026-08-10,forecast,11.84,19.0,0.40264922473474307,23.277350775265255,8
SKU082,2026-08-10,forecast,29.95,46.0,18.512649224734744,41.387350775265254,8
SKU083,2026-08-10,forecast,6.41,6.0,0.0,17.847350775265255,8
SKU084,2026-08-10,forecast,31.89,46.0,20.452649224734742,43.32735077526526,8
SKU085,2026-08-10,forecast,34.11,53.0,22.67264922473474,45.54735077526526,8
SKU086,2026-08-10,forecast,26.49,35.0,15.052649224734742,37.92735077526525,8
SKU087,2026-08-10,forecast,37.44,47.0,26.00264922473474,48.877350775265256,8
SKU088,2026-08-10,forecast,55.06,67.0,43.622649224734744,66.49735077526526,8
SKU089,2026-08-10,forecast,97.72,119.0,86.28264922473474,109.15735077526526,8
SKU090,2026-08-10,forecast,16.36,24.0,4.922649224734743,27.797350775265258,8
SKU091,2026-08-10,forecast,48.64,62.0,37.20264922473474,60.07735077526526,8
SKU092,2026-08-10,forecast,30.82,37.0,19.38264922473474,42.25735077526526,8
SKU093,2026-08-10,forecast,9.73,8.0,0.0,21.167350775265255,8
SKU094,2026-08-10,forecast,35.99,35.47,24.552649224734743,47.42735077526526,8
SKU095,2026-08-10,forecast,102.19,140.0,90.75264922473474,113.62735077526526,8
SKU096,2026-08-10,forecast,13.36,14.1,1.9226492247347426,24.797350775265258,8
SKU097,2026-08-10,forecast,100.64,138.0,89.20264922473474,112.07735077526526,8
SKU098,2026-08-10,forecast,21.17,29.0,9.732649224734745,32.60735077526526,8
SKU099,2026-08-10,forecast,15.5,24.0,4.062649224734743,26.93735077526526,8
SKU100,2026-08-10,forecast,10.0,10.0,0.0,21.43735077526526,8
SKU101,2026-08-10,forecast,9.39,8.7825,0.0,20.82735077526526,8
SKU102,2026-08-10,forecast,42.21,58.0,30.772649224734742,53.64735077526526,8
SKU103,2026-08-10,forecast,51.55,63.0,40.11264922473474,62.987350775265256,8
SKU104,2026-08-10,forecast,12.24,16.0,0.8026492247347434,23.677350775265257,8
SKU105,2026-08-10,forecast,19.39,19.752499999999998,7.952649224734744,30.82735077526526,8
SKU106,2026-08-10,forecast,10.54,15.0,0.0,21.977350775265258,8
SKU107,2026-08-10,forecast,15.52,23.0,4.082649224734743,26.957350775265255,8
SKU108,2026-08-10,forecast,10.37,17.0,0.0,21.807350775265256,8
SKU109,2026-08-10,forecast,8.77,8.5475,0.0,20.207350775265255,8
SKU110,2026-08-10,forecast,117.5,152.0,106.06264922473474,128.93735077526526,8
SKU111,2026-08-10,forecast,7.77,13.0,0.0,19.207350775265255,8
SKU112,2026-08-10,forecast,14.37,24.0,2.9326492247347424,25.807350775265256,8
SKU113,2026-08-10,forecast,9.4,7.0,0.0,20.837350775265257,8
SKU114,2026-08-10,forecast,12.37,22.0,0.9326492247347424,23.807350775265256,8
SKU115,2026-08-10,forecast,35.85,57.0,24.412649224734743,47.28735077526526,8
SKU116,2026-08-10,forecast,9.51,8.5225,0.0,20.947350775265257,8
SKU117,2026-08-10,forecast,15.65,24.0,4.212649224734744,27.087350775265257,8
SKU118,2026-08-10,forecast,55.33,69.0,43.89264922473474,66.76735077526526,8
SKU119,2026-08-10,forecast,35.78,35.315,24.342649224734743,47.21735077526526,8
SKU120,2026-08-10,forecast,33.54,49.0,22.10264922473474,44.97735077526526,8
SKU121,2026-08-10,forecast,13.9,17.0,2.4626492247347436,25.337350775265257,8
SKU122,2026-08-10,forecast,23.5,34.0,12.062649224734743,34.93735077526526,8
SKU123,2026-08-10,forecast,9.51,8.504999999999999,0.0,20.947350775265257,8
SKU124,2026-08-10,forecast,13.51,14.747499999999999,2.072649224734743,24.947350775265257,8
SKU125,2026-08-10,forecast,9.09,8.82,0.0,20.527350775265255,8
SKU126,2026-08-10,forecast,12.22,19.0,0.7826492247347439,23.657350775265257,8
SKU127,2026-08-10,forecast,61.76,84.0,50.32264922473474,73.19735077526525,8
SKU128,2026-08-10,forecast,26.3,35.0,14.862649224734744,37.737350775265256,8
SKU129,2026-08-10,forecast,18.48,27.0,7.042649224734744,29.917350775265255,8
SKU130,2026-08-10,forecast,18.31,23.0,6.872649224734742,29.747350775265254,8
SKU131,2026-08-10,forecast,8.76,9.86,0.0,20.197350775265257,8
SKU132,2026-08-10,forecast,62.47,90.0,51.03264922473474,73.90735077526526,8
SKU133,2026-08-10,forecast,21.01,27.0,9.572649224734745,32.44735077526526,8
SKU134,2026-08-10,forecast,34.8,50.0,23.36264922473474,46.237350775265256,8
SKU135,2026-08-10,forecast,11.47,19.0,0.032649224734743854,22.907350775265257,8
SKU136,2026-08-10,forecast,10.98,19.0,0.0,22.417350775265255,8
SKU137,2026-08-10,forecast,63.39,90.0,51.95264922473474,74.82735077526526,8
SKU138,2026-08-10,forecast,10.16,18.0,0.0,21.597350775265255,8
SKU139,2026-08-10,forecast,14.57,13.794999999999998,3.1326492247347435,26.00735077526526,8
SKU140,2026-08-10,forecast,9.51,8.56,0.0,20.947350775265257,8
SKU141,2026-08-10,forecast,22.35,34.0,10.912649224734745,33.78735077526526,8
SKU142,2026-08-10,forecast,9.49,8.455,0.0,20.927350775265257,8
SKU143,2026-08-10,forecast,19.49,19.825,8.052649224734742,30.927350775265253,8
SKU144,2026-08-10,forecast,51.03,64.0,39.59264922473474,62.46735077526526,8
SKU145,2026-08-10,forecast,11.96,20.0,0.5226492247347441,23.39735077526526,8
SKU146,2026-08-10,forecast,40.51,57.0,29.07264922473474,51.94735077526526,8
SKU147,2026-08-10,forecast,23.68,37.0,12.242649224734743,35.11735077526526,8
SKU148,2026-08-10,forecast,20.66,29.0,9.222649224734743,32.097350775265255,8
SKU149,2026-08-10,forecast,19.26,19.794999999999998,7.822649224734745,30.697350775265257,8
SKU150,2026-08-10,forecast,9.52,8.6175,0.0,20.957350775265255,8
SKU151,2026-08-10,forecast,12.25,12.0,0.8126492247347432,23.68735077526526,8
SKU152,2026-08-10,forecast,16.83,21.0,5.3926492247347415,28.267350775265257,8
SKU153,2026-08-10,forecast,19.01,25.0,7.572649224734745,30.447350775265257,8
SKU154,2026-08-10,forecast,30.92,47.0,19.482649224734743,42.35735077526526,8
SKU155,2026-08-10,forecast,30.91,41.0,19.472649224734745,42.347350775265255,8
SKU156,2026-08-10,forecast,12.55,14.275,1.112649224734744,23.987350775265256,8
SKU157,2026-08-10,forecast,13.36,13.0,1.9226492247347426,24.797350775265258,8
SKU158,2026-08-10,forecast,54.93,67.0,43.49264922473474,66.36735077526525,8
SKU159,2026-08-10,forecast,9.06,8.8175,0.0,20.497350775265257,8
SKU160,2026-08-10,forecast,35.21,35.9075,23.772649224734742,46.64735077526526,8
SKU161,2026-08-10,forecast,7.25,8.9525,0.0,18.68735077526526,8
SKU162,2026-08-10,forecast,14.49,22.0,3.0526492247347434,25.927350775265257,8
SKU163,2026-08-10,forecast,32.22,41.0,20.78264922473474,43.65735077526526,8
SKU164,2026-08-10,forecast,8.86,8.427499999999998,0.0,20.297350775265258,8
SKU165,2026-08-10,forecast,25.25,38.0,13.812649224734743,36.68735077526526,8
SKU166,2026-08-10,forecast,30.53,30.03,19.092649224734743,41.96735077526526,8
SKU167,2026-08-10,forecast,11.43,17.0,0.0,22.86735077526526,8
SKU168,2026-08-10,forecast,29.96,42.0,18.522649224734742,41.39735077526526,8
SKU169,2026-08-10,forecast,8.67,8.65,0.0,20.107350775265257,8
SKU170,2026-08-10,forecast,20.16,29.0,8.722649224734743,31.597350775265255,8
SKU171,2026-08-10,forecast,36.08,35.635000000000005,24.64264922473474,47.51735077526526,8
SKU172,2026-08-10,forecast,11.65,21.0,0.21264922473474357,23.087350775265257,8
SKU173,2026-08-10,forecast,8.48,12.0,0.0,19.917350775265255,8
SKU174,2026-08-10,forecast,32.08,30.43,20.64264922473474,43.51735077526526,8
SKU175,2026-08-10,forecast,35.5,35.50749999999999,24.06264922473474,46.93735077526526,8
SKU176,2026-08-10,forecast,56.16,71.0,44.72264922473474,67.59735077526526,8
SKU177,2026-08-10,forecast,11.65,13.0,0.21264922473474357,23.087350775265257,8
SKU178,2026-08-10,forecast,10.42,13.0,0.0,21.857350775265257,8
SKU179,2026-08-10,forecast,9.08,8.675,0.0,20.517350775265257,8
SKU180,2026-08-10,forecast,16.38,24.0,4.942649224734742,27.817350775265254,8
SKU181,2026-08-10,forecast,17.82,26.0,6.3826492247347435,29.25735077526526,8
SKU182,2026-08-10,forecast,10.14,10.0,0.0,21.57735077526526,8
SKU183,2026-08-10,forecast,35.55,35.6275,24.11264922473474,46.987350775265256,8
SKU184,2026-08-10,forecast,10.59,14.0,0.0,22.027350775265255,8
SKU185,2026-08-10,forecast,13.86,15.0,2.4226492247347426,25.297350775265258,8
SKU186,2026-08-10,forecast,69.0,99.0,57.56264922473474,80.43735077526526,8
SKU187,2026-08-10,forecast,50.58,64.0,39.14264922473474,62.01735077526526,8
SKU188,2026-08-10,forecast,12.08,19.0,0.6426492247347433,23.517350775265257,8
SKU189,2026-08-10,forecast,9.39,7.0,0.0,20.82735077526526,8
SKU190,2026-08-10,forecast,35.91,38.28,24.472649224734738,47.347350775265255,8
SKU191,2026-08-10,forecast,22.84,32.0,11.402649224734743,34.277350775265255,8
SKU192,2026-08-10,forecast,9.43,9.0,0.0,20.86735077526526,8
SKU193,2026-08-10,forecast,8.66,9.0,0.0,20.097350775265255,8
SKU194,2026-08-10,forecast,17.5,25.0,6.062649224734743,28.93735077526526,8
SKU195,2026-08-10,forecast,12.66,15.0,1.2226492247347434,24.097350775265255,8
SKU196,2026-08-10,forecast,31.23,44.0,19.792649224734745,42.667350775265255,8
SKU197,2026-08-10,forecast,62.59,90.0,51.152649224734745,74.02735077526526,8
SKU198,2026-08-10,forecast,25.31,30.0,13.872649224734742,36.747350775265254,8
SKU199,2026-08-10,forecast,12.44,18.0,1.0026492247347427,23.877350775265256,8
SKU200,2026-08-10,forecast,19.42,30.0,7.982649224734745,30.85735077526526,8
